commit,date,file_type,path,commit_size,package,added_lines,commit_index,month
e4694325bc52209c0700294437d4e260991e9f82,2003-05-12 19:04:38,prod,src/java/org/apache/commons/math/Freq.java,9,org/apache/commons/math,179,0,2003-05
e4694325bc52209c0700294437d4e260991e9f82,2003-05-12 19:04:38,prod,src/java/org/apache/commons/math/RealMatrix.java,9,org/apache/commons/math,226,0,2003-05
e4694325bc52209c0700294437d4e260991e9f82,2003-05-12 19:04:38,prod,src/java/org/apache/commons/math/RealMatrixImpl.java,9,org/apache/commons/math,377,0,2003-05
e4694325bc52209c0700294437d4e260991e9f82,2003-05-12 19:04:38,prod,src/java/org/apache/commons/math/Univariate.java,9,org/apache/commons/math,259,0,2003-05
e4694325bc52209c0700294437d4e260991e9f82,2003-05-12 19:04:38,test,src/test/org/apache/commons/math/FreqTest.java,9,org/apache/commons/math,122,0,2003-05
e4694325bc52209c0700294437d4e260991e9f82,2003-05-12 19:04:38,test,src/test/org/apache/commons/math/RealMatrixImplTest.java,9,org/apache/commons/math,173,0,2003-05
e4694325bc52209c0700294437d4e260991e9f82,2003-05-12 19:04:38,test,src/test/org/apache/commons/math/UnivariateTest.java,9,org/apache/commons/math,115,0,2003-05
f039b677b85cde38e3287aa31ee78ad6bc2fd058,2003-05-15 05:19:57,prod,src/java/org/apache/commons/math/ExpandableDoubleArray.java,2,org/apache/commons/math,280,1,2003-05
f039b677b85cde38e3287aa31ee78ad6bc2fd058,2003-05-15 05:19:57,test,src/test/org/apache/commons/math/ExpandableDoubleArrayTest.java,2,org/apache/commons/math,258,1,2003-05
97568dc06f50372c16e333e4c8367f845758470a,2003-05-15 05:39:01,prod,src/java/org/apache/commons/math/UnivariateImpl.java,8,org/apache/commons/math,216,2,2003-05
97568dc06f50372c16e333e4c8367f845758470a,2003-05-15 05:39:01,test,src/test/org/apache/commons/math/StoreUnivariateImplTest.java,8,org/apache/commons/math,146,2,2003-05
97568dc06f50372c16e333e4c8367f845758470a,2003-05-15 05:39:01,prod,src/java/org/apache/commons/math/StoreUnivariate.java,8,org/apache/commons/math,118,2,2003-05
97568dc06f50372c16e333e4c8367f845758470a,2003-05-15 05:39:01,prod,src/java/org/apache/commons/math/StoreUnivariateImpl.java,8,org/apache/commons/math,279,2,2003-05
5ae92f12c702200ade207c84e26fc76f07756696,2003-05-15 06:33:19,prod,src/java/org/apache/commons/math/AbstractStoreUnivariate.java,7,org/apache/commons/math,252,3,2003-05
5ae92f12c702200ade207c84e26fc76f07756696,2003-05-15 06:33:19,prod,src/java/org/apache/commons/math/ListUnivariateImpl.java,7,org/apache/commons/math,120,3,2003-05
5ae92f12c702200ade207c84e26fc76f07756696,2003-05-15 06:33:19,test,src/test/org/apache/commons/math/ListUnivariateImplTest.java,7,org/apache/commons/math,156,3,2003-05
5f2a1cbbc56a16acf7a045e9b81da75d481202b0,2003-05-15 15:38:48,prod,src/java/org/apache/commons/math/ContractableDoubleArray.java,6,org/apache/commons/math,241,4,2003-05
065a88e24188fd324e7f6e5f70aefaf95c9a49b9,2003-05-15 21:58:23,prod,src/java/org/apache/commons/math/TestStatistic.java,3,org/apache/commons/math,88,5,2003-05
065a88e24188fd324e7f6e5f70aefaf95c9a49b9,2003-05-15 21:58:23,prod,src/java/org/apache/commons/math/TestStatisticImpl.java,3,org/apache/commons/math,97,5,2003-05
065a88e24188fd324e7f6e5f70aefaf95c9a49b9,2003-05-15 21:58:23,test,src/test/org/apache/commons/math/TestStatisticTest.java,3,org/apache/commons/math,115,5,2003-05
7651a6b14d5be6151432e7d709efd884d9ec3a6c,2003-05-16 03:55:34,test,src/test/org/apache/commons/math/ContractableDoubleArrayTest.java,6,org/apache/commons/math,138,6,2003-05
7651a6b14d5be6151432e7d709efd884d9ec3a6c,2003-05-16 03:55:34,test,src/test/org/apache/commons/math/DoubleArrayAbstractTest.java,6,org/apache/commons/math,171,6,2003-05
0700b0f482ca6bf4290ac92f47ef01c0df99191d,2003-05-16 04:23:06,prod,src/java/org/apache/commons/math/DoubleArray.java,6,org/apache/commons/math,123,7,2003-05
d6f7028269df96a72cccf7b72a41b89aaa820e9f,2003-05-17 23:24:21,test,src/test/org/apache/commons/math/FixedDoubleArrayTest.java,8,org/apache/commons/math,182,8,2003-05
d6f7028269df96a72cccf7b72a41b89aaa820e9f,2003-05-17 23:24:21,prod,src/java/org/apache/commons/math/FixedDoubleArray.java,8,org/apache/commons/math,199,8,2003-05
60f4205f1ff413a8075705787199c719ad943e40,2003-05-18 00:58:52,test,src/test/org/apache/commons/math/RandomDataTest.java,4,org/apache/commons/math,480,9,2003-05
60f4205f1ff413a8075705787199c719ad943e40,2003-05-18 00:58:52,prod,src/java/org/apache/commons/math/RandomDataImpl.java,4,org/apache/commons/math,445,9,2003-05
60f4205f1ff413a8075705787199c719ad943e40,2003-05-18 00:58:52,prod,src/java/org/apache/commons/math/RandomData.java,4,org/apache/commons/math,214,9,2003-05
5de3587b86ffc735020c3b06e60c993cfc4e53ab,2003-05-21 14:21:15,prod,src/java/org/apache/commons/math/EmpiricalDistribution.java,7,org/apache/commons/math,180,10,2003-05
5de3587b86ffc735020c3b06e60c993cfc4e53ab,2003-05-21 14:21:15,prod,src/java/org/apache/commons/math/EmpiricalDistributionImpl.java,7,org/apache/commons/math,279,10,2003-05
5de3587b86ffc735020c3b06e60c993cfc4e53ab,2003-05-21 14:21:15,prod,src/java/org/apache/commons/math/ValueServer.java,7,org/apache/commons/math,316,10,2003-05
5de3587b86ffc735020c3b06e60c993cfc4e53ab,2003-05-21 14:21:15,test,src/test/org/apache/commons/math/EmpiricalDistributionTest.java,7,org/apache/commons/math,162,10,2003-05
5de3587b86ffc735020c3b06e60c993cfc4e53ab,2003-05-21 14:21:15,test,src/test/org/apache/commons/math/ValueServerTest.java,7,org/apache/commons/math,160,10,2003-05
57b9151881e65daee41519f486cb8431d35955bd,2003-05-26 02:11:50,prod,src/java/org/apache/commons/math/BivariateRegression.java,2,org/apache/commons/math,439,11,2003-05
57b9151881e65daee41519f486cb8431d35955bd,2003-05-26 02:11:50,test,src/test/org/apache/commons/math/BivariateRegressionTest.java,2,org/apache/commons/math,226,11,2003-05
703fbafa34601e0689430d4d45ab53aac9eb73c7,2003-05-29 19:34:38,prod,src/java/org/apache/commons/math/special/Gamma.java,12,org/apache/commons/math/special,180,12,2003-05
703fbafa34601e0689430d4d45ab53aac9eb73c7,2003-05-29 19:34:38,prod,src/java/org/apache/commons/math/distribution/GammaDistributionImpl.java,12,org/apache/commons/math/distribution,166,12,2003-05
703fbafa34601e0689430d4d45ab53aac9eb73c7,2003-05-29 19:34:38,prod,src/java/org/apache/commons/math/distribution/GammaDistribution.java,12,org/apache/commons/math/distribution,89,12,2003-05
703fbafa34601e0689430d4d45ab53aac9eb73c7,2003-05-29 19:34:38,prod,src/java/org/apache/commons/math/distribution/DistributionFactoryImpl.java,12,org/apache/commons/math/distribution,93,12,2003-05
703fbafa34601e0689430d4d45ab53aac9eb73c7,2003-05-29 19:34:38,prod,src/java/org/apache/commons/math/distribution/DistributionFactory.java,12,org/apache/commons/math/distribution,108,12,2003-05
703fbafa34601e0689430d4d45ab53aac9eb73c7,2003-05-29 19:34:38,prod,src/java/org/apache/commons/math/distribution/ContinuousDistribution.java,12,org/apache/commons/math/distribution,98,12,2003-05
703fbafa34601e0689430d4d45ab53aac9eb73c7,2003-05-29 19:34:38,prod,src/java/org/apache/commons/math/distribution/ChiSquaredDistributionImpl.java,12,org/apache/commons/math/distribution,100,12,2003-05
703fbafa34601e0689430d4d45ab53aac9eb73c7,2003-05-29 19:34:38,prod,src/java/org/apache/commons/math/distribution/ChiSquaredDistribution.java,12,org/apache/commons/math/distribution,77,12,2003-05
703fbafa34601e0689430d4d45ab53aac9eb73c7,2003-05-29 19:34:38,prod,src/java/org/apache/commons/math/distribution/AbstractContinuousDistribution.java,12,org/apache/commons/math/distribution,113,12,2003-05
703fbafa34601e0689430d4d45ab53aac9eb73c7,2003-05-29 19:34:38,prod,src/java/org/apache/commons/math/UnivariateFunction.java,12,org/apache/commons/math,66,12,2003-05
703fbafa34601e0689430d4d45ab53aac9eb73c7,2003-05-29 19:34:38,prod,src/java/org/apache/commons/math/RootFinding.java,12,org/apache/commons/math,137,12,2003-05
703fbafa34601e0689430d4d45ab53aac9eb73c7,2003-05-29 19:34:38,prod,src/java/org/apache/commons/math/ConvergenceException.java,12,org/apache/commons/math,78,12,2003-05
3cb56af4e4e75c766a9f444121a908cd6aca6f95,2003-05-29 19:35:56,test,src/test/org/apache/commons/math/distribution/ChiSquareDistributionTest.java,3,org/apache/commons/math/distribution,129,13,2003-05
3cb56af4e4e75c766a9f444121a908cd6aca6f95,2003-05-29 19:35:56,test,src/test/org/apache/commons/math/distribution/DistributionFactoryImplTest.java,3,org/apache/commons/math/distribution,183,13,2003-05
3cb56af4e4e75c766a9f444121a908cd6aca6f95,2003-05-29 19:35:56,test,src/test/org/apache/commons/math/distribution/GammaDistributionTest.java,3,org/apache/commons/math/distribution,81,13,2003-05
c9fc45757a05ff6816ce8e1baa46fe62d6a0f5ae,2003-05-29 19:41:32,prod,src/java/org/apache/commons/math/BeanListUnivariateImpl.java,6,org/apache/commons/math,139,14,2003-05
c9fc45757a05ff6816ce8e1baa46fe62d6a0f5ae,2003-05-29 19:41:32,test,src/test/org/apache/commons/math/BeanListUnivariateImplTest.java,6,org/apache/commons/math,199,14,2003-05
a286c243eb965fc260289509264e1b9cc1524b89,2003-05-29 20:35:46,test,src/test/org/apache/commons/math/stat/UnivariateImplTest.java,20,org/apache/commons/math/stat,238,15,2003-05
a286c243eb965fc260289509264e1b9cc1524b89,2003-05-29 20:35:46,test,src/test/org/apache/commons/math/stat/StoreUnivariateImplTest.java,20,org/apache/commons/math/stat,172,15,2003-05
a286c243eb965fc260289509264e1b9cc1524b89,2003-05-29 20:35:46,test,src/test/org/apache/commons/math/stat/BeanListUnivariateImplTest.java,20,org/apache/commons/math/stat,199,15,2003-05
a286c243eb965fc260289509264e1b9cc1524b89,2003-05-29 20:35:46,test,src/test/org/apache/commons/math/stat/BivariateRegressionTest.java,20,org/apache/commons/math/stat,226,15,2003-05
a286c243eb965fc260289509264e1b9cc1524b89,2003-05-29 20:35:46,test,src/test/org/apache/commons/math/stat/ListUnivariateImplTest.java,20,org/apache/commons/math/stat,181,15,2003-05
42e427ce8cd32600fb540570f9e814d85032dfc3,2003-06-04 02:31:14,prod,src/java/org/apache/commons/math/MathUtils.java,2,org/apache/commons/math,261,16,2003-06
42e427ce8cd32600fb540570f9e814d85032dfc3,2003-06-04 02:31:14,test,src/test/org/apache/commons/math/MathUtilsTest.java,2,org/apache/commons/math,319,16,2003-06
2dec2474f9f5b39e6e0ffca795f52b9b1b88fdf3,2003-06-05 14:03:53,test,src/test/org/apache/commons/math/distribution/GammaDistributionTest.java,12,org/apache/commons/math/distribution,28,17,2003-06
2dec2474f9f5b39e6e0ffca795f52b9b1b88fdf3,2003-06-05 14:03:53,test,src/test/org/apache/commons/math/distribution/DistributionFactoryImplTest.java,12,org/apache/commons/math/distribution,130,17,2003-06
2dec2474f9f5b39e6e0ffca795f52b9b1b88fdf3,2003-06-05 14:03:53,prod,src/java/org/apache/commons/math/special/Gamma.java,12,org/apache/commons/math/special,199,17,2003-06
2dec2474f9f5b39e6e0ffca795f52b9b1b88fdf3,2003-06-05 14:03:53,prod,src/java/org/apache/commons/math/distribution/GammaDistributionImpl.java,12,org/apache/commons/math/distribution,218,17,2003-06
2dec2474f9f5b39e6e0ffca795f52b9b1b88fdf3,2003-06-05 14:03:53,test,src/test/org/apache/commons/math/distribution/ChiSquareDistributionTest.java,12,org/apache/commons/math/distribution,76,17,2003-06
2dec2474f9f5b39e6e0ffca795f52b9b1b88fdf3,2003-06-05 14:03:53,prod,src/java/org/apache/commons/math/distribution/DistributionFactoryImpl.java,12,org/apache/commons/math/distribution,93,17,2003-06
2dec2474f9f5b39e6e0ffca795f52b9b1b88fdf3,2003-06-05 14:03:53,prod,src/java/org/apache/commons/math/distribution/DistributionFactory.java,12,org/apache/commons/math/distribution,113,17,2003-06
2dec2474f9f5b39e6e0ffca795f52b9b1b88fdf3,2003-06-05 14:03:53,prod,src/java/org/apache/commons/math/distribution/ChiSquaredDistributionImpl.java,12,org/apache/commons/math/distribution,129,17,2003-06
2dec2474f9f5b39e6e0ffca795f52b9b1b88fdf3,2003-06-05 14:03:53,prod,src/java/org/apache/commons/math/distribution/ChiSquaredDistribution.java,12,org/apache/commons/math/distribution,87,17,2003-06
2dec2474f9f5b39e6e0ffca795f52b9b1b88fdf3,2003-06-05 14:03:53,prod,src/java/org/apache/commons/math/distribution/GammaDistribution.java,12,org/apache/commons/math/distribution,99,17,2003-06
8d1482c46113cf159dae2294928cc53a1c043b87,2003-06-07 13:57:54,prod,src/java/org/apache/commons/math/distribution/TDistribution.java,7,org/apache/commons/math/distribution,86,18,2003-06
8d1482c46113cf159dae2294928cc53a1c043b87,2003-06-07 13:57:54,prod,src/java/org/apache/commons/math/distribution/TDistributionImpl.java,7,org/apache/commons/math/distribution,158,18,2003-06
8d1482c46113cf159dae2294928cc53a1c043b87,2003-06-07 13:57:54,prod,src/java/org/apache/commons/math/special/Beta.java,7,org/apache/commons/math/special,196,18,2003-06
8d1482c46113cf159dae2294928cc53a1c043b87,2003-06-07 13:57:54,test,src/test/org/apache/commons/math/distribution/TDistributionTest.java,7,org/apache/commons/math/distribution,129,18,2003-06
b58585fb8def076b355699c8ee496b889534d744,2003-06-11 01:19:19,test,src/test/org/apache/commons/math/distribution/FDistributionTest.java,10,org/apache/commons/math/distribution,125,19,2003-06
b58585fb8def076b355699c8ee496b889534d744,2003-06-11 01:19:19,prod,src/java/org/apache/commons/math/ContinuedFraction.java,10,org/apache/commons/math,200,19,2003-06
b58585fb8def076b355699c8ee496b889534d744,2003-06-11 01:19:19,prod,src/java/org/apache/commons/math/distribution/FDistribution.java,10,org/apache/commons/math/distribution,98,19,2003-06
b58585fb8def076b355699c8ee496b889534d744,2003-06-11 01:19:19,prod,src/java/org/apache/commons/math/distribution/FDistributionImpl.java,10,org/apache/commons/math/distribution,193,19,2003-06
b58585fb8def076b355699c8ee496b889534d744,2003-06-11 01:19:19,test,src/test/org/apache/commons/math/ContinuedFractionTest.java,10,org/apache/commons/math,83,19,2003-06
3849e21f3b749ce5f428d42e88ef3f6441546968,2003-06-13 13:22:41,prod,src/java/org/apache/commons/math/distribution/ExponentialDistributionImpl.java,6,org/apache/commons/math/distribution,123,20,2003-06
3849e21f3b749ce5f428d42e88ef3f6441546968,2003-06-13 13:22:41,test,src/test/org/apache/commons/math/distribution/ExponentialDistributionTest.java,6,org/apache/commons/math/distribution,129,20,2003-06
3849e21f3b749ce5f428d42e88ef3f6441546968,2003-06-13 13:22:41,prod,src/java/org/apache/commons/math/distribution/ExponentialDistribution.java,6,org/apache/commons/math/distribution,87,20,2003-06
d20ee8ab0e803031d14af734ac934fe2b770990c,2003-06-14 04:17:49,test,src/test/org/apache/commons/math/special/BetaTest.java,5,org/apache/commons/math/special,155,21,2003-06
464aac515f0d5c0a4ba6a2614ee60bc92f665532,2003-06-16 20:13:43,test,src/test/org/apache/commons/math/special/GammaTest.java,2,org/apache/commons/math/special,125,22,2003-06
4de94a08c7b8cf4bfa6f244b8d386162c3de2bbb,2003-06-17 21:16:08,test,src/test/org/apache/commons/math/RealSolverTest.java,11,org/apache/commons/math,151,23,2003-06
4de94a08c7b8cf4bfa6f244b8d386162c3de2bbb,2003-06-17 21:16:08,prod,src/java/org/apache/commons/math/BrentSolver.java,11,org/apache/commons/math,173,23,2003-06
4de94a08c7b8cf4bfa6f244b8d386162c3de2bbb,2003-06-17 21:16:08,prod,src/java/org/apache/commons/math/MathConfigurationException.java,11,org/apache/commons/math,93,23,2003-06
4de94a08c7b8cf4bfa6f244b8d386162c3de2bbb,2003-06-17 21:16:08,prod,src/java/org/apache/commons/math/MathException.java,11,org/apache/commons/math,92,23,2003-06
4de94a08c7b8cf4bfa6f244b8d386162c3de2bbb,2003-06-17 21:16:08,prod,src/java/org/apache/commons/math/SecantSolver.java,11,org/apache/commons/math,121,23,2003-06
4de94a08c7b8cf4bfa6f244b8d386162c3de2bbb,2003-06-17 21:16:08,prod,src/java/org/apache/commons/math/UnivariateRealFunction.java,11,org/apache/commons/math,108,23,2003-06
4de94a08c7b8cf4bfa6f244b8d386162c3de2bbb,2003-06-17 21:16:08,prod,src/java/org/apache/commons/math/UnivariateRealSolver.java,11,org/apache/commons/math,207,23,2003-06
4de94a08c7b8cf4bfa6f244b8d386162c3de2bbb,2003-06-17 21:16:08,prod,src/java/org/apache/commons/math/UnivariateRealSolverFactory.java,11,org/apache/commons/math,133,23,2003-06
4de94a08c7b8cf4bfa6f244b8d386162c3de2bbb,2003-06-17 21:16:08,prod,src/java/org/apache/commons/math/UnivariateRealSolverImpl.java,11,org/apache/commons/math,236,23,2003-06
5acc48ef8d050cf9230ad4b2a34eb7e16ff4eb5c,2003-06-17 22:55:38,prod,src/java/org/apache/commons/math/stat/StatUtils.java,1,org/apache/commons/math/stat,255,24,2003-06
0191e6129b1e104a8d350f5c0ff096e074050ecc,2003-06-18 15:59:55,test,src/test/org/apache/commons/math/stat/StatUtilsTest.java,1,org/apache/commons/math/stat,190,25,2003-06
5e7fe90154176753fb2d77fddac2bd5035ec7ba6,2003-06-21 23:00:39,prod,src/java/org/apache/commons/math/stat/TestStatistic.java,4,org/apache/commons/math/stat,106,26,2003-06
5e7fe90154176753fb2d77fddac2bd5035ec7ba6,2003-06-21 23:00:39,prod,src/java/org/apache/commons/math/stat/TestStatisticImpl.java,4,org/apache/commons/math/stat,133,26,2003-06
5e7fe90154176753fb2d77fddac2bd5035ec7ba6,2003-06-21 23:00:39,test,src/test/org/apache/commons/math/stat/TestStatisticTest.java,4,org/apache/commons/math/stat,145,26,2003-06
50520ebc12676ff71fc3d10383258eeccdfb354f,2003-06-24 03:01:40,prod,src/java/org/apache/commons/math/analysis/BrentSolver.java,6,org/apache/commons/math/analysis,197,27,2003-06
50520ebc12676ff71fc3d10383258eeccdfb354f,2003-06-24 03:01:40,prod,src/java/org/apache/commons/math/analysis/SecantSolver.java,6,org/apache/commons/math/analysis,145,27,2003-06
50520ebc12676ff71fc3d10383258eeccdfb354f,2003-06-24 03:01:40,prod,src/java/org/apache/commons/math/analysis/UnivariateRealFunction.java,6,org/apache/commons/math/analysis,110,27,2003-06
50520ebc12676ff71fc3d10383258eeccdfb354f,2003-06-24 03:01:40,prod,src/java/org/apache/commons/math/analysis/UnivariateRealSolver.java,6,org/apache/commons/math/analysis,209,27,2003-06
50520ebc12676ff71fc3d10383258eeccdfb354f,2003-06-24 03:01:40,prod,src/java/org/apache/commons/math/analysis/UnivariateRealSolverFactory.java,6,org/apache/commons/math/analysis,136,27,2003-06
50520ebc12676ff71fc3d10383258eeccdfb354f,2003-06-24 03:01:40,prod,src/java/org/apache/commons/math/analysis/UnivariateRealSolverImpl.java,6,org/apache/commons/math/analysis,238,27,2003-06
65062ddc8669b9092845d0eca2ea2902790c5d63,2003-06-24 03:02:28,test,src/test/org/apache/commons/math/analysis/RealSolverTest.java,3,org/apache/commons/math/analysis,308,28,2003-06
a235488095cc73e661c1bc817d54f8b7aa12ef39,2003-06-25 01:29:18,test,src/test/org/apache/commons/math/analysis/InterpolatorTest.java,6,org/apache/commons/math/analysis,360,29,2003-06
a235488095cc73e661c1bc817d54f8b7aa12ef39,2003-06-25 01:29:18,prod,src/java/org/apache/commons/math/analysis/UnivariateRealInterpolator.java,6,org/apache/commons/math/analysis,75,29,2003-06
a235488095cc73e661c1bc817d54f8b7aa12ef39,2003-06-25 01:29:18,prod,src/java/org/apache/commons/math/analysis/CubicSplineFunction.java,6,org/apache/commons/math/analysis,134,29,2003-06
a235488095cc73e661c1bc817d54f8b7aa12ef39,2003-06-25 01:29:18,prod,src/java/org/apache/commons/math/analysis/SplineInterpolator.java,6,org/apache/commons/math/analysis,164,29,2003-06
542211e8c4db57e9c9e39527e503b8f679ebbb63,2003-06-27 04:29:42,prod,src/java/org/apache/commons/math/MathConfigurationException.java,2,org/apache/commons/math,93,30,2003-06
542211e8c4db57e9c9e39527e503b8f679ebbb63,2003-06-27 04:29:42,prod,src/java/org/apache/commons/math/MathException.java,2,org/apache/commons/math,92,30,2003-06
2b5b0e7a14f405f69378527bab5af9e8ddbdb111,2003-07-05 18:05:31,prod,src/java/org/apache/commons/math/analysis/BisectionSolver.java,8,org/apache/commons/math/analysis,139,31,2003-07
2b5b0e7a14f405f69378527bab5af9e8ddbdb111,2003-07-05 18:05:31,test,src/test/org/apache/commons/math/analysis/BisectionSolverTest.java,8,org/apache/commons/math/analysis,127,31,2003-07
0fd2f5fd11cc138ab373a2bbd29a5c465f12e601,2003-07-05 18:13:35,prod,src/java/org/apache/commons/math/util/BeanTransformer.java,6,org/apache/commons/math/util,121,32,2003-07
0fd2f5fd11cc138ab373a2bbd29a5c465f12e601,2003-07-05 18:13:35,prod,src/java/org/apache/commons/math/util/DefaultTransformer.java,6,org/apache/commons/math/util,79,32,2003-07
0fd2f5fd11cc138ab373a2bbd29a5c465f12e601,2003-07-05 18:13:35,prod,src/java/org/apache/commons/math/util/NumberTransformer.java,6,org/apache/commons/math/util,71,32,2003-07
0fd2f5fd11cc138ab373a2bbd29a5c465f12e601,2003-07-05 18:13:35,prod,src/java/org/apache/commons/math/util/TransformerMap.java,6,org/apache/commons/math/util,189,32,2003-07
b95322ce3da09c0ddc05709d3a80cd41ac8303be,2003-07-05 18:20:02,prod,src/java/org/apache/commons/math/util/FixedDoubleArray.java,3,org/apache/commons/math/util,348,33,2003-07
aa40a7e7ceee3d6a2d017a017a6c456c640dd429,2003-07-05 18:23:52,prod,src/java/org/apache/commons/math/stat/univariate/summary/SumOfSquares.java,21,org/apache/commons/math/stat/univariate/summary,102,34,2003-07
aa40a7e7ceee3d6a2d017a017a6c456c640dd429,2003-07-05 18:23:52,prod,src/java/org/apache/commons/math/stat/univariate/summary/SumOfLogs.java,21,org/apache/commons/math/stat/univariate/summary,102,34,2003-07
aa40a7e7ceee3d6a2d017a017a6c456c640dd429,2003-07-05 18:23:52,prod,src/java/org/apache/commons/math/stat/univariate/summary/Sum.java,21,org/apache/commons/math/stat/univariate/summary,102,34,2003-07
aa40a7e7ceee3d6a2d017a017a6c456c640dd429,2003-07-05 18:23:52,prod,src/java/org/apache/commons/math/stat/univariate/summary/Product.java,21,org/apache/commons/math/stat/univariate/summary,101,34,2003-07
aa40a7e7ceee3d6a2d017a017a6c456c640dd429,2003-07-05 18:23:52,prod,src/java/org/apache/commons/math/stat/univariate/rank/Percentile.java,21,org/apache/commons/math/stat/univariate/rank,167,34,2003-07
aa40a7e7ceee3d6a2d017a017a6c456c640dd429,2003-07-05 18:23:52,prod,src/java/org/apache/commons/math/stat/univariate/rank/Median.java,21,org/apache/commons/math/stat/univariate/rank,66,34,2003-07
aa40a7e7ceee3d6a2d017a017a6c456c640dd429,2003-07-05 18:23:52,prod,src/java/org/apache/commons/math/stat/univariate/rank/Max.java,21,org/apache/commons/math/stat/univariate/rank,85,34,2003-07
aa40a7e7ceee3d6a2d017a017a6c456c640dd429,2003-07-05 18:23:52,prod,src/java/org/apache/commons/math/stat/univariate/moment/Variance.java,21,org/apache/commons/math/stat/univariate/moment,87,34,2003-07
aa40a7e7ceee3d6a2d017a017a6c456c640dd429,2003-07-05 18:23:52,prod,src/java/org/apache/commons/math/stat/univariate/moment/ThirdMoment.java,21,org/apache/commons/math/stat/univariate/moment,117,34,2003-07
aa40a7e7ceee3d6a2d017a017a6c456c640dd429,2003-07-05 18:23:52,prod,src/java/org/apache/commons/math/stat/univariate/moment/StandardDeviation.java,21,org/apache/commons/math/stat/univariate/moment,87,34,2003-07
aa40a7e7ceee3d6a2d017a017a6c456c640dd429,2003-07-05 18:23:52,prod,src/java/org/apache/commons/math/stat/univariate/rank/Min.java,21,org/apache/commons/math/stat/univariate/rank,85,34,2003-07
aa40a7e7ceee3d6a2d017a017a6c456c640dd429,2003-07-05 18:23:52,prod,src/java/org/apache/commons/math/stat/univariate/moment/SecondMoment.java,21,org/apache/commons/math/stat/univariate/moment,105,34,2003-07
aa40a7e7ceee3d6a2d017a017a6c456c640dd429,2003-07-05 18:23:52,prod,src/java/org/apache/commons/math/stat/univariate/AbstractStorelessUnivariateStatistic.java,21,org/apache/commons/math/stat/univariate,121,34,2003-07
aa40a7e7ceee3d6a2d017a017a6c456c640dd429,2003-07-05 18:23:52,prod,src/java/org/apache/commons/math/stat/univariate/moment/Skewness.java,21,org/apache/commons/math/stat/univariate/moment,97,34,2003-07
aa40a7e7ceee3d6a2d017a017a6c456c640dd429,2003-07-05 18:23:52,prod,src/java/org/apache/commons/math/stat/univariate/StorelessUnivariateStatistic.java,21,org/apache/commons/math/stat/univariate,105,34,2003-07
aa40a7e7ceee3d6a2d017a017a6c456c640dd429,2003-07-05 18:23:52,prod,src/java/org/apache/commons/math/stat/univariate/UnivariateStatistic.java,21,org/apache/commons/math/stat/univariate,83,34,2003-07
aa40a7e7ceee3d6a2d017a017a6c456c640dd429,2003-07-05 18:23:52,prod,src/java/org/apache/commons/math/stat/univariate/AbstractUnivariateStatistic.java,21,org/apache/commons/math/stat/univariate,101,34,2003-07
aa40a7e7ceee3d6a2d017a017a6c456c640dd429,2003-07-05 18:23:52,prod,src/java/org/apache/commons/math/stat/univariate/moment/GeometricMean.java,21,org/apache/commons/math/stat/univariate/moment,92,34,2003-07
aa40a7e7ceee3d6a2d017a017a6c456c640dd429,2003-07-05 18:23:52,prod,src/java/org/apache/commons/math/stat/univariate/moment/Kurtosis.java,21,org/apache/commons/math/stat/univariate/moment,95,34,2003-07
aa40a7e7ceee3d6a2d017a017a6c456c640dd429,2003-07-05 18:23:52,prod,src/java/org/apache/commons/math/stat/univariate/moment/Mean.java,21,org/apache/commons/math/stat/univariate/moment,98,34,2003-07
aa40a7e7ceee3d6a2d017a017a6c456c640dd429,2003-07-05 18:23:52,prod,src/java/org/apache/commons/math/stat/univariate/moment/FourthMoment.java,21,org/apache/commons/math/stat/univariate/moment,132,34,2003-07
88d69528063ab065906c590b714948d5bcef7a2c,2003-07-05 18:24:50,test,src/test/org/apache/commons/math/stat/univariate/summary/SumTest.java,14,org/apache/commons/math/stat/univariate/summary,102,35,2003-07
88d69528063ab065906c590b714948d5bcef7a2c,2003-07-05 18:24:50,test,src/test/org/apache/commons/math/stat/univariate/summary/SumSqTest.java,14,org/apache/commons/math/stat/univariate/summary,102,35,2003-07
88d69528063ab065906c590b714948d5bcef7a2c,2003-07-05 18:24:50,test,src/test/org/apache/commons/math/stat/univariate/summary/SumLogTest.java,14,org/apache/commons/math/stat/univariate/summary,102,35,2003-07
88d69528063ab065906c590b714948d5bcef7a2c,2003-07-05 18:24:50,test,src/test/org/apache/commons/math/stat/univariate/summary/ProductTest.java,14,org/apache/commons/math/stat/univariate/summary,102,35,2003-07
88d69528063ab065906c590b714948d5bcef7a2c,2003-07-05 18:24:50,test,src/test/org/apache/commons/math/stat/univariate/rank/PercentileTest.java,14,org/apache/commons/math/stat/univariate/rank,103,35,2003-07
88d69528063ab065906c590b714948d5bcef7a2c,2003-07-05 18:24:50,test,src/test/org/apache/commons/math/stat/univariate/rank/MinTest.java,14,org/apache/commons/math/stat/univariate/rank,102,35,2003-07
88d69528063ab065906c590b714948d5bcef7a2c,2003-07-05 18:24:50,test,src/test/org/apache/commons/math/stat/univariate/rank/MedianTest.java,14,org/apache/commons/math/stat/univariate/rank,102,35,2003-07
88d69528063ab065906c590b714948d5bcef7a2c,2003-07-05 18:24:50,test,src/test/org/apache/commons/math/stat/univariate/moment/VarianceTest.java,14,org/apache/commons/math/stat/univariate/moment,102,35,2003-07
88d69528063ab065906c590b714948d5bcef7a2c,2003-07-05 18:24:50,test,src/test/org/apache/commons/math/stat/univariate/moment/StandardDeviationTest.java,14,org/apache/commons/math/stat/univariate/moment,102,35,2003-07
88d69528063ab065906c590b714948d5bcef7a2c,2003-07-05 18:24:50,test,src/test/org/apache/commons/math/stat/univariate/moment/SkewnessTest.java,14,org/apache/commons/math/stat/univariate/moment,102,35,2003-07
88d69528063ab065906c590b714948d5bcef7a2c,2003-07-05 18:24:50,test,src/test/org/apache/commons/math/stat/univariate/moment/MeanTest.java,14,org/apache/commons/math/stat/univariate/moment,102,35,2003-07
88d69528063ab065906c590b714948d5bcef7a2c,2003-07-05 18:24:50,test,src/test/org/apache/commons/math/stat/univariate/moment/KurtosisTest.java,14,org/apache/commons/math/stat/univariate/moment,102,35,2003-07
88d69528063ab065906c590b714948d5bcef7a2c,2003-07-05 18:24:50,test,src/test/org/apache/commons/math/stat/univariate/UnivariateStatisticAbstractTest.java,14,org/apache/commons/math/stat/univariate,128,35,2003-07
88d69528063ab065906c590b714948d5bcef7a2c,2003-07-05 18:24:50,test,src/test/org/apache/commons/math/stat/univariate/rank/MaxTest.java,14,org/apache/commons/math/stat/univariate/rank,102,35,2003-07
b6871d607eaed16c9b686ce6e1f91c01c5771a18,2003-07-07 02:12:47,test,src/test/org/apache/commons/math/stat/univariate/StorelessUnivariateStatisticAbstractTest.java,13,org/apache/commons/math/stat/univariate,93,36,2003-07
512f698edd6594ca851ae7aeaf5676fd3cd2fb40,2003-07-07 16:57:33,test,src/test/org/apache/commons/math/stat/univariate/moment/GeometricMeanTest.java,2,org/apache/commons/math/stat/univariate/moment,103,37,2003-07
4bf125a356eb25014c205ebee30fdc528552e3f3,2003-07-07 23:06:48,prod,src/java/org/apache/commons/math/stat/univariate/moment/FirstMoment.java,18,org/apache/commons/math/stat/univariate/moment,112,38,2003-07
7b6c61666ef15b94ec2a8253b0ff9f8406167a99,2003-07-07 23:19:22,test,src/test/org/apache/commons/math/stat/univariate/InteractionTest.java,44,org/apache/commons/math/stat/univariate,129,39,2003-07
7c808d90714c6b80d902f7b50d2a1dafb65ddf11,2003-07-09 21:46:33,prod,src/java/org/apache/commons/math/stat/AbstractUnivariate.java,16,org/apache/commons/math/stat,389,40,2003-07
7c808d90714c6b80d902f7b50d2a1dafb65ddf11,2003-07-09 21:46:33,test,src/test/org/apache/commons/math/stat/MixedListUnivariateImplTest.java,16,org/apache/commons/math/stat,245,40,2003-07
5ba1bde434614cc8f73425146638ecaac30a4005,2003-07-30 22:06:37,prod,src/java/org/apache/commons/math/analysis/UnivariateRealSolverUtil.java,2,org/apache/commons/math/analysis,110,41,2003-07
5ba1bde434614cc8f73425146638ecaac30a4005,2003-07-30 22:06:37,prod,src/java/org/apache/commons/math/analysis/UnivariateRealSolverFactoryImpl.java,2,org/apache/commons/math/analysis,118,41,2003-07
606b836061e47ca678c97749089e14d29a1c9495,2003-08-16 17:06:15,prod,src/java/org/apache/commons/math/distribution/AbstractDiscreteDistribution.java,8,org/apache/commons/math/distribution,160,42,2003-08
606b836061e47ca678c97749089e14d29a1c9495,2003-08-16 17:06:15,prod,src/java/org/apache/commons/math/distribution/BinomialDistribution.java,8,org/apache/commons/math/distribution,94,42,2003-08
606b836061e47ca678c97749089e14d29a1c9495,2003-08-16 17:06:15,prod,src/java/org/apache/commons/math/distribution/BinomialDistributionImpl.java,8,org/apache/commons/math/distribution,184,42,2003-08
606b836061e47ca678c97749089e14d29a1c9495,2003-08-16 17:06:15,prod,src/java/org/apache/commons/math/distribution/DiscreteDistribution.java,8,org/apache/commons/math/distribution,90,42,2003-08
606b836061e47ca678c97749089e14d29a1c9495,2003-08-16 17:06:15,test,src/test/org/apache/commons/math/distribution/BinomialDistributionTest.java,8,org/apache/commons/math/distribution,163,42,2003-08
4b7bef4b2693ca1898ea99f1766aaecbad8471ce,2003-09-17 19:19:09,prod,src/java/org/apache/commons/math/distribution/HypergeometricDistribution.java,12,org/apache/commons/math/distribution,107,43,2003-09
4b7bef4b2693ca1898ea99f1766aaecbad8471ce,2003-09-17 19:19:09,prod,src/java/org/apache/commons/math/distribution/HypergeometricDistributionImpl.java,12,org/apache/commons/math/distribution,279,43,2003-09
4b7bef4b2693ca1898ea99f1766aaecbad8471ce,2003-09-17 19:19:09,prod,src/java/org/apache/commons/math/stat/Applyable.java,12,org/apache/commons/math/stat,26,43,2003-09
4b7bef4b2693ca1898ea99f1766aaecbad8471ce,2003-09-17 19:19:09,test,src/test/org/apache/commons/math/distribution/HypergeometricDistributionTest.java,12,org/apache/commons/math/distribution,164,43,2003-09
d8931052e467b5386fbdbf77acb78202014f9e16,2003-09-27 04:13:34,test,src/test/org/apache/commons/math/util/TransformerMapTest.java,28,org/apache/commons/math/util,141,44,2003-09
d8931052e467b5386fbdbf77acb78202014f9e16,2003-09-27 04:13:34,test,src/test/org/apache/commons/math/util/DefaultTransformerTest.java,28,org/apache/commons/math/util,125,44,2003-09
d8931052e467b5386fbdbf77acb78202014f9e16,2003-09-27 04:13:34,test,src/test/org/apache/commons/math/util/BeanTransformerTest.java,28,org/apache/commons/math/util,136,44,2003-09
d8931052e467b5386fbdbf77acb78202014f9e16,2003-09-27 04:13:34,test,src/test/org/apache/commons/math/analysis/ConvergenceExceptionTest.java,28,org/apache/commons/math/analysis,103,44,2003-09
d8931052e467b5386fbdbf77acb78202014f9e16,2003-09-27 04:13:34,test,src/test/org/apache/commons/math/MathExceptionTest.java,28,org/apache/commons/math,103,44,2003-09
d8931052e467b5386fbdbf77acb78202014f9e16,2003-09-27 04:13:34,test,src/test/org/apache/commons/math/MathConfigurationExceptionTest.java,28,org/apache/commons/math,103,44,2003-09
fe5d7c1693c97c6bda825420cb0c8a1a81f8bfbc,2003-10-30 19:42:43,prod,src/java/org/apache/commons/math/complex/Complex.java,4,org/apache/commons/math/complex,255,45,2003-10
fe5d7c1693c97c6bda825420cb0c8a1a81f8bfbc,2003-10-30 19:42:43,prod,src/java/org/apache/commons/math/complex/ComplexMath.java,4,org/apache/commons/math/complex,264,45,2003-10
fe5d7c1693c97c6bda825420cb0c8a1a81f8bfbc,2003-10-30 19:42:43,test,src/test/org/apache/commons/math/complex/ComplexTest.java,4,org/apache/commons/math/complex,167,45,2003-10
c9a095511525083ce5124ab7b94af52f419057f4,2003-11-15 18:44:52,prod,src/java/org/apache/commons/math/analysis/PolynomialFunction.java,6,org/apache/commons/math/analysis,193,46,2003-11
c9a095511525083ce5124ab7b94af52f419057f4,2003-11-15 18:44:52,test,src/test/org/apache/commons/math/analysis/PolynomialFunctionTest.java,6,org/apache/commons/math/analysis,195,46,2003-11
8864381a96434d7559b6b373363dce63ec572019,2003-11-15 18:52:31,test,src/test/org/apache/commons/math/complex/ComplexMathTest.java,6,org/apache/commons/math/complex,236,47,2003-11
1b96f28e41ecb466a42e5a86c6bcdd97c510e0bb,2004-01-25 21:30:41,prod,src/java/org/apache/commons/math/stat/StatisticalSummary.java,30,org/apache/commons/math/stat,100,48,2004-01
1b96f28e41ecb466a42e5a86c6bcdd97c510e0bb,2004-01-25 21:30:41,prod,src/java/org/apache/commons/math/stat/SummaryStatistics.java,30,org/apache/commons/math/stat,170,48,2004-01
fcde02ecceda552dbcbac16571678f7106150b46,2004-01-26 03:04:31,test,src/test/org/apache/commons/math/distribution/NormalDistributionTest.java,5,org/apache/commons/math/distribution,222,49,2004-01
fcde02ecceda552dbcbac16571678f7106150b46,2004-01-26 03:04:31,prod,src/java/org/apache/commons/math/distribution/NormalDistribution.java,5,org/apache/commons/math/distribution,102,49,2004-01
fcde02ecceda552dbcbac16571678f7106150b46,2004-01-26 03:04:31,prod,src/java/org/apache/commons/math/distribution/NormalDistributionImpl.java,5,org/apache/commons/math/distribution,290,49,2004-01
204063d31752fc234a0e58121b03743bff3c7543,2004-01-28 20:15:03,prod,src/java/org/apache/commons/math/linear/InvalidMatrixException.java,5,org/apache/commons/math/linear,69,50,2004-01
204063d31752fc234a0e58121b03743bff3c7543,2004-01-28 20:15:03,prod,src/java/org/apache/commons/math/linear/MatrixIndexException.java,5,org/apache/commons/math/linear,68,50,2004-01
ec5fb0ca3db15f22e2fe8b9aba880c2ff313bfab,2004-01-29 04:32:27,prod,src/java/org/apache/commons/math/complex/ComplexFormat.java,2,org/apache/commons/math/complex,115,51,2004-01
ec5fb0ca3db15f22e2fe8b9aba880c2ff313bfab,2004-01-29 04:32:27,test,src/test/org/apache/commons/math/complex/ComplexFormatTest.java,2,org/apache/commons/math/complex,125,51,2004-01
4b4b6aed438f18fbdf30645abed5760719952a98,2004-03-18 05:52:37,test,src/test/org/apache/commons/math/stat/data/CertifiedDataAbstractTest.java,7,org/apache/commons/math/stat/data,132,52,2004-03
4b4b6aed438f18fbdf30645abed5760719952a98,2004-03-18 05:52:37,test,src/test/org/apache/commons/math/stat/data/LewTest.java,7,org/apache/commons/math/stat/data,27,52,2004-03
4b4b6aed438f18fbdf30645abed5760719952a98,2004-03-18 05:52:37,test,src/test/org/apache/commons/math/stat/data/LotteryTest.java,7,org/apache/commons/math/stat/data,27,52,2004-03
2203f7578375c8f4c49c1bc74375fef0ecdcdac8,2004-04-02 20:58:11,prod,src/java/org/apache/commons/math/analysis/PolynomialSplineFunction.java,1,org/apache/commons/math/analysis,178,53,2004-04
dff74f574898c0b2b31118b9d4864cc50d78d51e,2004-04-02 20:58:59,test,src/test/org/apache/commons/math/analysis/SplineInterpolatorTest.java,1,org/apache/commons/math/analysis,208,54,2004-04
e7ef3aa7aba5c6aa5ec398ff18a4979a003333b1,2004-04-02 20:59:52,prod,src/java/org/apache/commons/math/analysis/DifferentiableUnivariateRealFunction.java,1,org/apache/commons/math/analysis,33,55,2004-04
1c5a146255adc5fd219de781ed1bfa45ea52c2bb,2004-04-08 21:19:17,test,src/test/org/apache/commons/math/analysis/NewtonSolverTest.java,8,org/apache/commons/math/analysis,84,56,2004-04
1c5a146255adc5fd219de781ed1bfa45ea52c2bb,2004-04-08 21:19:17,prod,src/java/org/apache/commons/math/analysis/NewtonSolver.java,8,org/apache/commons/math/analysis,92,56,2004-04
2e884beb2b6de3dca8ce6dca1c6d5fed6d6228e9,2004-04-12 05:23:16,test,src/test/org/apache/commons/math/stat/univariate/AbstractUnivariateStatisticTest.java,1,org/apache/commons/math/stat/univariate,86,57,2004-04
d01b3bb2f95beffd52d7de854e851c8c0002ee33,2004-04-20 21:01:35,prod,src/java/org/apache/commons/math/stat/univariate/BeanListUnivariateImpl.java,1,org/apache/commons/math/stat/univariate,124,58,2004-04
c415dd79aeccea246fe39881cda0b1404d5c33c0,2004-04-27 16:42:34,test,src/test/org/apache/commons/math/analysis/UnivariateRealSolverFactoryImplTest.java,32,org/apache/commons/math/analysis,111,59,2004-04
c415dd79aeccea246fe39881cda0b1404d5c33c0,2004-04-27 16:42:34,test,src/test/org/apache/commons/math/stat/univariate/moment/FirstMomentTest.java,32,org/apache/commons/math/stat/univariate/moment,55,59,2004-04
063bb6b88052fce0a015ad7944b2e00038033205,2004-04-27 16:51:52,test,src/test/org/apache/commons/math/linear/InvalidMatrixExceptionTest.java,2,org/apache/commons/math/linear,65,60,2004-04
063bb6b88052fce0a015ad7944b2e00038033205,2004-04-27 16:51:52,test,src/test/org/apache/commons/math/linear/MatrixIndexExceptionTest.java,2,org/apache/commons/math/linear,65,60,2004-04
257ee19b38912ceea51b73c5223c1c79c30bb32e,2004-05-03 03:02:25,prod,src/java/org/apache/commons/math/stat/inference/ChiSquareTestImpl.java,2,org/apache/commons/math/stat/inference,318,61,2004-05
a878b64c1d78c2f3bee3089d51df6c0e243be92e,2004-05-03 03:03:21,prod,src/java/org/apache/commons/math/stat/inference/TTestImpl.java,2,org/apache/commons/math/stat/inference,315,62,2004-05
50bda14d381f6feaa15d500d148791bd3363c7df,2004-05-03 03:04:54,test,src/test/org/apache/commons/math/stat/inference/ChiSquareTestTest.java,2,org/apache/commons/math/stat/inference,130,63,2004-05
50bda14d381f6feaa15d500d148791bd3363c7df,2004-05-03 03:04:54,test,src/test/org/apache/commons/math/stat/inference/TTestTest.java,2,org/apache/commons/math/stat/inference,228,63,2004-05
21314a8b5720ce0a039aa13947c3f1cea8331e3b,2004-05-05 19:59:11,test,src/test/org/apache/commons/math/special/ErfTest.java,6,org/apache/commons/math/special,77,64,2004-05
21314a8b5720ce0a039aa13947c3f1cea8331e3b,2004-05-05 19:59:11,prod,src/java/org/apache/commons/math/special/Erf.java,6,org/apache/commons/math/special,58,64,2004-05
21314a8b5720ce0a039aa13947c3f1cea8331e3b,2004-05-05 19:59:11,test,src/test/org/apache/commons/math/distribution/NormalDistributionTest.java,6,org/apache/commons/math/distribution,164,64,2004-05
21314a8b5720ce0a039aa13947c3f1cea8331e3b,2004-05-05 19:59:11,prod,src/java/org/apache/commons/math/distribution/NormalDistributionImpl.java,6,org/apache/commons/math/distribution,168,64,2004-05
21314a8b5720ce0a039aa13947c3f1cea8331e3b,2004-05-05 19:59:11,prod,src/java/org/apache/commons/math/distribution/NormalDistribution.java,6,org/apache/commons/math/distribution,55,64,2004-05
cd6d71b967019626734e81103a897729e70cd64b,2004-05-11 02:09:14,test,src/test/org/apache/commons/math/distribution/DiscreteDistributionAbstractTest.java,1,org/apache/commons/math/distribution,339,65,2004-05
b224cbfcffc5deaa0aa43717c5032821e5e97f7e,2004-05-18 04:17:29,prod,src/java/org/apache/commons/math/stat/univariate/StatisticalSummaryValues.java,1,org/apache/commons/math/stat/univariate,114,66,2004-05
8e995890ea35399b6da6bc86532f0694accd511b,2004-05-29 22:51:32,test,src/test/org/apache/commons/math/distribution/ContinuousDistributionAbstractTest.java,1,org/apache/commons/math/distribution,300,67,2004-05
73b3b9d8048f85d759b4e13295c6a02373c89b79,2004-06-06 04:20:45,prod,src/java/org/apache/commons/math/linear/BigMatrix.java,3,org/apache/commons/math/linear,327,68,2004-06
73b3b9d8048f85d759b4e13295c6a02373c89b79,2004-06-06 04:20:45,prod,src/java/org/apache/commons/math/linear/BigMatrixImpl.java,3,org/apache/commons/math/linear,1055,68,2004-06
73b3b9d8048f85d759b4e13295c6a02373c89b79,2004-06-06 04:20:45,test,src/test/org/apache/commons/math/linear/BigMatrixImplTest.java,3,org/apache/commons/math/linear,560,68,2004-06
45224a8ead4295f0941720322a744b5f5318506a,2004-06-14 21:41:33,prod,src/java/org/apache/commons/math/util/ResizableDoubleArray.java,10,org/apache/commons/math/util,689,69,2004-06
45224a8ead4295f0941720322a744b5f5318506a,2004-06-14 21:41:33,test,src/test/org/apache/commons/math/util/ResizableDoubleArrayTest.java,10,org/apache/commons/math/util,351,69,2004-06
0ad427869dee133f8a664c702d05c77bef5d0d50,2004-06-27 19:33:38,test,src/test/org/apache/commons/math/stat/univariate/moment/ThirdMomentTest.java,5,org/apache/commons/math/stat/univariate/moment,51,70,2004-06
0ad427869dee133f8a664c702d05c77bef5d0d50,2004-06-27 19:33:38,test,src/test/org/apache/commons/math/stat/univariate/moment/SecondMomentTest.java,5,org/apache/commons/math/stat/univariate/moment,51,70,2004-06
0ad427869dee133f8a664c702d05c77bef5d0d50,2004-06-27 19:33:38,test,src/test/org/apache/commons/math/stat/univariate/moment/FourthMomentTest.java,5,org/apache/commons/math/stat/univariate/moment,51,70,2004-06
ee290a0a4a55d99a15da93a5f5e2a1c2a604672a,2004-06-29 02:21:33,test,src/test/org/apache/commons/math/stat/univariate/StatisticalSummaryValuesTest.java,1,org/apache/commons/math/stat/univariate,79,71,2004-06
24a29e0177553d069643e1c8618f20eef399e19e,2004-07-17 19:41:05,prod,src/java/org/apache/commons/math/FunctionEvaluationException.java,2,org/apache/commons/math,80,72,2004-07
24a29e0177553d069643e1c8618f20eef399e19e,2004-07-17 19:41:05,test,src/test/org/apache/commons/math/FunctionEvaluationExceptionTest.java,2,org/apache/commons/math,52,72,2004-07
92ad6860801a60a6ca7f26e7b8faa27ec9db9968,2004-07-20 12:57:22,test,src/test/org/apache/commons/math/analysis/PolynomialSplineFunctionTest.java,1,org/apache/commons/math/analysis,150,73,2004-07
7ae35df8c0671774622e0fe7efacbe81086fa83e,2004-09-21 04:45:55,test,src/test/org/apache/commons/math/complex/AbstractComplexFormatTest.java,3,org/apache/commons/math/complex,350,74,2004-09
7ae35df8c0671774622e0fe7efacbe81086fa83e,2004-09-21 04:45:55,test,src/test/org/apache/commons/math/complex/FrenchComplexFormatTest.java,3,org/apache/commons/math/complex,31,74,2004-09
73aa4c97d1d5e4782e0740a0f7daf453c9108c93,2004-10-12 06:27:44,prod,src/java/org/apache/commons/math/linear/MatrixUtils.java,2,org/apache/commons/math/linear,82,75,2004-10
73aa4c97d1d5e4782e0740a0f7daf453c9108c93,2004-10-12 06:27:44,test,src/test/org/apache/commons/math/linear/MatrixUtilsTest.java,2,org/apache/commons/math/linear,107,75,2004-10
6182573f54f7024ee033e32a1c4007461fd4b55f,2004-11-07 03:32:49,prod,src/java/org/apache/commons/math/distribution/PoissonDistributionImpl.java,19,org/apache/commons/math/distribution,156,76,2004-11
6182573f54f7024ee033e32a1c4007461fd4b55f,2004-11-07 03:32:49,prod,src/java/org/apache/commons/math/distribution/PoissonDistribution.java,19,org/apache/commons/math/distribution,60,76,2004-11
6182573f54f7024ee033e32a1c4007461fd4b55f,2004-11-07 03:32:49,test,src/test/org/apache/commons/math/distribution/PoissonDistributionTest.java,19,org/apache/commons/math/distribution,125,76,2004-11
6182573f54f7024ee033e32a1c4007461fd4b55f,2004-11-07 03:32:49,prod,src/java/org/apache/commons/math/distribution/Distribution.java,19,org/apache/commons/math/distribution,54,76,2004-11
6182573f54f7024ee033e32a1c4007461fd4b55f,2004-11-07 03:32:49,prod,src/java/org/apache/commons/math/distribution/AbstractDistribution.java,19,org/apache/commons/math/distribution,65,76,2004-11
6182573f54f7024ee033e32a1c4007461fd4b55f,2004-11-07 03:32:49,prod,src/java/org/apache/commons/math/distribution/IntegerDistribution.java,19,org/apache/commons/math/distribution,83,76,2004-11
d53731afbedd09b270f87d33f345dda00a98d7f9,2005-02-05 05:49:45,prod,src/java/org/apache/commons/math/fraction/Fraction.java,14,org/apache/commons/math/fraction,338,77,2005-02
d53731afbedd09b270f87d33f345dda00a98d7f9,2005-02-05 05:49:45,prod,src/java/org/apache/commons/math/fraction/FractionFormat.java,14,org/apache/commons/math/fraction,386,77,2005-02
d53731afbedd09b270f87d33f345dda00a98d7f9,2005-02-05 05:49:45,prod,src/java/org/apache/commons/math/fraction/ProperFractionFormat.java,14,org/apache/commons/math/fraction,208,77,2005-02
d53731afbedd09b270f87d33f345dda00a98d7f9,2005-02-05 05:49:45,test,src/test/org/apache/commons/math/fraction/FractionFormatTest.java,14,org/apache/commons/math/fraction,176,77,2005-02
d53731afbedd09b270f87d33f345dda00a98d7f9,2005-02-05 05:49:45,test,src/test/org/apache/commons/math/fraction/FractionTest.java,14,org/apache/commons/math/fraction,108,77,2005-02
19ddf2957ed5cb8072b969bf12ec046ac0ac3ccb,2005-02-24 03:59:05,prod,src/java/org/apache/commons/math/distribution/CauchyDistribution.java,10,org/apache/commons/math/distribution,59,78,2005-02
19ddf2957ed5cb8072b969bf12ec046ac0ac3ccb,2005-02-24 03:59:05,prod,src/java/org/apache/commons/math/distribution/CauchyDistributionImpl.java,10,org/apache/commons/math/distribution,194,78,2005-02
19ddf2957ed5cb8072b969bf12ec046ac0ac3ccb,2005-02-24 03:59:05,test,src/test/org/apache/commons/math/distribution/CauchyDistributionTest.java,10,org/apache/commons/math/distribution,96,78,2005-02
93a6d754cc1ca0fc245e411d4b2d02058d3d4fc7,2005-03-17 03:20:12,prod,src/java/org/apache/commons/math/distribution/WeibullDistribution.java,8,org/apache/commons/math/distribution,63,79,2005-03
93a6d754cc1ca0fc245e411d4b2d02058d3d4fc7,2005-03-17 03:20:12,prod,src/java/org/apache/commons/math/distribution/WeibullDistributionImpl.java,8,org/apache/commons/math/distribution,171,79,2005-03
93a6d754cc1ca0fc245e411d4b2d02058d3d4fc7,2005-03-17 03:20:12,test,src/test/org/apache/commons/math/distribution/WeibullDistributionTest.java,8,org/apache/commons/math/distribution,113,79,2005-03
a4d35ef08b8f21dd0cf2d21e119636420f999564,2005-05-15 18:23:35,test,src/test/org/apache/commons/math/random/AbstractRandomGeneratorTest.java,9,org/apache/commons/math/random,37,80,2005-05
a4d35ef08b8f21dd0cf2d21e119636420f999564,2005-05-15 18:23:35,prod,src/java/org/apache/commons/math/random/RandomGenerator.java,9,org/apache/commons/math/random,124,80,2005-05
a4d35ef08b8f21dd0cf2d21e119636420f999564,2005-05-15 18:23:35,prod,src/java/org/apache/commons/math/random/AbstractRandomGenerator.java,9,org/apache/commons/math/random,250,80,2005-05
a4d35ef08b8f21dd0cf2d21e119636420f999564,2005-05-15 18:23:35,prod,src/java/org/apache/commons/math/random/JDKRandomGenerator.java,9,org/apache/commons/math/random,27,80,2005-05
ad94c5d1deab8bb0036bea71826fb64f78b02d27,2005-06-02 03:06:45,prod,src/java/org/apache/commons/math/random/RandomAdaptor.java,4,org/apache/commons/math/random,121,81,2005-06
ad94c5d1deab8bb0036bea71826fb64f78b02d27,2005-06-02 03:06:45,test,src/test/org/apache/commons/math/random/RandomAdaptorTest.java,4,org/apache/commons/math/random,103,81,2005-06
6ed937e73321c9705cfe15308598926512416730,2005-06-05 03:58:14,prod,src/java/org/apache/commons/math/stat/inference/TestFactory.java,11,org/apache/commons/math/stat/inference,63,82,2005-06
6ed937e73321c9705cfe15308598926512416730,2005-06-05 03:58:14,prod,src/java/org/apache/commons/math/stat/inference/TestFactoryImpl.java,11,org/apache/commons/math/stat/inference,51,82,2005-06
6ed937e73321c9705cfe15308598926512416730,2005-06-05 03:58:14,prod,src/java/org/apache/commons/math/stat/inference/TestUtils.java,11,org/apache/commons/math/stat/inference,277,82,2005-06
6ed937e73321c9705cfe15308598926512416730,2005-06-05 03:58:14,test,src/test/org/apache/commons/math/stat/inference/ChiSquareFactoryTest.java,11,org/apache/commons/math/stat/inference,41,82,2005-06
6ed937e73321c9705cfe15308598926512416730,2005-06-05 03:58:14,test,src/test/org/apache/commons/math/stat/inference/TTestFactoryTest.java,11,org/apache/commons/math/stat/inference,41,82,2005-06
6ed937e73321c9705cfe15308598926512416730,2005-06-05 03:58:14,test,src/test/org/apache/commons/math/stat/inference/TestUtilsTest.java,11,org/apache/commons/math/stat/inference,446,82,2005-06
11796d4ed132304045d6fd1c979e4f24d4a863e4,2005-08-14 06:52:31,test,src/test/org/apache/commons/math/analysis/RombergIntegratorTest.java,9,org/apache/commons/math/analysis,108,83,2005-08
11796d4ed132304045d6fd1c979e4f24d4a863e4,2005-08-14 06:52:31,test,src/test/org/apache/commons/math/analysis/TrapezoidIntegratorTest.java,9,org/apache/commons/math/analysis,107,83,2005-08
11796d4ed132304045d6fd1c979e4f24d4a863e4,2005-08-14 06:52:31,test,src/test/org/apache/commons/math/analysis/SimpsonIntegratorTest.java,9,org/apache/commons/math/analysis,107,83,2005-08
11796d4ed132304045d6fd1c979e4f24d4a863e4,2005-08-14 06:52:31,prod,src/java/org/apache/commons/math/analysis/UnivariateRealIntegratorImpl.java,9,org/apache/commons/math/analysis,254,83,2005-08
11796d4ed132304045d6fd1c979e4f24d4a863e4,2005-08-14 06:52:31,prod,src/java/org/apache/commons/math/analysis/TrapezoidIntegrator.java,9,org/apache/commons/math/analysis,138,83,2005-08
11796d4ed132304045d6fd1c979e4f24d4a863e4,2005-08-14 06:52:31,prod,src/java/org/apache/commons/math/analysis/SimpsonIntegrator.java,9,org/apache/commons/math/analysis,107,83,2005-08
11796d4ed132304045d6fd1c979e4f24d4a863e4,2005-08-14 06:52:31,prod,src/java/org/apache/commons/math/analysis/RombergIntegrator.java,9,org/apache/commons/math/analysis,108,83,2005-08
11796d4ed132304045d6fd1c979e4f24d4a863e4,2005-08-14 06:52:31,prod,src/java/org/apache/commons/math/analysis/UnivariateRealIntegrator.java,9,org/apache/commons/math/analysis,154,83,2005-08
69d29afc48fbddb045982fd75a28c8d6a3ee68fb,2005-08-24 21:43:55,prod,src/java/org/apache/commons/math/analysis/DividedDifferenceInterpolator.java,7,org/apache/commons/math/analysis,119,84,2005-08
69d29afc48fbddb045982fd75a28c8d6a3ee68fb,2005-08-24 21:43:55,prod,src/java/org/apache/commons/math/analysis/LaguerreSolver.java,7,org/apache/commons/math/analysis,319,84,2005-08
69d29afc48fbddb045982fd75a28c8d6a3ee68fb,2005-08-24 21:43:55,prod,src/java/org/apache/commons/math/analysis/MullerSolver.java,7,org/apache/commons/math/analysis,277,84,2005-08
69d29afc48fbddb045982fd75a28c8d6a3ee68fb,2005-08-24 21:43:55,prod,src/java/org/apache/commons/math/analysis/NevilleInterpolator.java,7,org/apache/commons/math/analysis,53,84,2005-08
69d29afc48fbddb045982fd75a28c8d6a3ee68fb,2005-08-24 21:43:55,prod,src/java/org/apache/commons/math/analysis/PolynomialFunctionLagrangeForm.java,7,org/apache/commons/math/analysis,290,84,2005-08
69d29afc48fbddb045982fd75a28c8d6a3ee68fb,2005-08-24 21:43:55,prod,src/java/org/apache/commons/math/analysis/PolynomialFunctionNewtonForm.java,7,org/apache/commons/math/analysis,214,84,2005-08
69d29afc48fbddb045982fd75a28c8d6a3ee68fb,2005-08-24 21:43:55,prod,src/java/org/apache/commons/math/analysis/RiddersSolver.java,7,org/apache/commons/math/analysis,158,84,2005-08
d147d1ebddf6ec0a3d16b9de5487c3499fb7eeb0,2005-09-04 22:00:27,test,src/test/org/apache/commons/math/analysis/MullerSolverTest.java,8,org/apache/commons/math/analysis,214,85,2005-09
d147d1ebddf6ec0a3d16b9de5487c3499fb7eeb0,2005-09-04 22:00:27,test,src/test/org/apache/commons/math/analysis/RiddersSolverTest.java,8,org/apache/commons/math/analysis,131,85,2005-09
d147d1ebddf6ec0a3d16b9de5487c3499fb7eeb0,2005-09-04 22:00:27,test,src/test/org/apache/commons/math/analysis/PolynomialFunctionNewtonFormTest.java,8,org/apache/commons/math/analysis,148,85,2005-09
d147d1ebddf6ec0a3d16b9de5487c3499fb7eeb0,2005-09-04 22:00:27,test,src/test/org/apache/commons/math/analysis/PolynomialFunctionLagrangeFormTest.java,8,org/apache/commons/math/analysis,149,85,2005-09
d147d1ebddf6ec0a3d16b9de5487c3499fb7eeb0,2005-09-04 22:00:27,test,src/test/org/apache/commons/math/analysis/LaguerreSolverTest.java,8,org/apache/commons/math/analysis,178,85,2005-09
d147d1ebddf6ec0a3d16b9de5487c3499fb7eeb0,2005-09-04 22:00:27,test,src/test/org/apache/commons/math/analysis/DividedDifferenceInterpolatorTest.java,8,org/apache/commons/math/analysis,137,85,2005-09
d147d1ebddf6ec0a3d16b9de5487c3499fb7eeb0,2005-09-04 22:00:27,test,src/test/org/apache/commons/math/analysis/NevilleInterpolatorTest.java,8,org/apache/commons/math/analysis,137,85,2005-09
e6e3bee13f311a237dac3b94c2bc03b02da1480e,2006-02-26 16:14:03,prod,src/java/org/apache/commons/math/distribution/PascalDistribution.java,6,org/apache/commons/math/distribution,62,86,2006-02
e6e3bee13f311a237dac3b94c2bc03b02da1480e,2006-02-26 16:14:03,test,src/test/org/apache/commons/math/distribution/PascalDistributionTest.java,6,org/apache/commons/math/distribution,104,86,2006-02
f10c7bda4e39f0456a4b06cda5f054f6ac0f7419,2006-03-02 14:27:36,prod,src/java/org/apache/commons/math/distribution/PascalDistributionImpl.java,1,org/apache/commons/math/distribution,191,87,2006-03
a43a4ea63d65caa808606e937186ccf8e3ac0e1f,2006-06-05 01:28:04,prod,src/java/org/apache/commons/math/linear/QRDecompositionImpl.java,5,org/apache/commons/math/linear,185,88,2006-06
a43a4ea63d65caa808606e937186ccf8e3ac0e1f,2006-06-05 01:28:04,prod,src/java/org/apache/commons/math/linear/QRDecomposition.java,5,org/apache/commons/math/linear,37,88,2006-06
a43a4ea63d65caa808606e937186ccf8e3ac0e1f,2006-06-05 01:28:04,test,src/test/org/apache/commons/math/linear/QRDecompositionImplTest.java,5,org/apache/commons/math/linear,162,88,2006-06
0303fffa15d01cfc14a6aa605874888dfd628fcc,2006-07-04 20:58:54,prod,src/java/org/apache/commons/math/transform/FastFourierTransformer.java,8,org/apache/commons/math/transform,551,89,2006-07
0303fffa15d01cfc14a6aa605874888dfd628fcc,2006-07-04 20:58:54,test,src/test/org/apache/commons/math/transform/FastSineTransformerTest.java,8,org/apache/commons/math/transform,119,89,2006-07
0303fffa15d01cfc14a6aa605874888dfd628fcc,2006-07-04 20:58:54,test,src/test/org/apache/commons/math/transform/FastFourierTransformerTest.java,8,org/apache/commons/math/transform,141,89,2006-07
0303fffa15d01cfc14a6aa605874888dfd628fcc,2006-07-04 20:58:54,prod,src/java/org/apache/commons/math/transform/FastCosineTransformer.java,8,org/apache/commons/math/transform,260,89,2006-07
0303fffa15d01cfc14a6aa605874888dfd628fcc,2006-07-04 20:58:54,prod,src/java/org/apache/commons/math/transform/FastSineTransformer.java,8,org/apache/commons/math/transform,251,89,2006-07
0303fffa15d01cfc14a6aa605874888dfd628fcc,2006-07-04 20:58:54,test,src/test/org/apache/commons/math/transform/FastCosineTransformerTest.java,8,org/apache/commons/math/transform,120,89,2006-07
32ea2a389ab8f2f8c5620498be82f1ae174e1b38,2007-02-12 18:54:24,prod,src/java/org/apache/commons/math/MessagesResources_fr.java,10,org/apache/commons/math,130,90,2007-02
32ea2a389ab8f2f8c5620498be82f1ae174e1b38,2007-02-12 18:54:24,test,src/test/org/apache/commons/math/ConvergenceExceptionTest.java,10,org/apache/commons/math,74,90,2007-02
ee71801e779d95b7366dd98901da8534f9d926f3,2007-02-12 19:17:41,prod,src/java/org/apache/commons/math/MaxIterationsExceededException.java,14,org/apache/commons/math,44,91,2007-02
ee71801e779d95b7366dd98901da8534f9d926f3,2007-02-12 19:17:41,test,src/test/org/apache/commons/math/MaxIterationsExceededExceptionTest.java,14,org/apache/commons/math,38,91,2007-02
21a95478c2057bc6d2086a9e4904c0335ca72a03,2007-02-12 19:23:17,prod,src/java/org/apache/commons/math/fraction/FractionConversionException.java,2,org/apache/commons/math/fraction,22,92,2007-02
1bd29782355ea38b460918d461c55a33a28b7e88,2007-02-12 19:27:16,prod,src/java/org/apache/commons/math/DuplicateSampleAbscissaException.java,4,org/apache/commons/math,47,93,2007-02
1bd29782355ea38b460918d461c55a33a28b7e88,2007-02-12 19:27:16,test,src/test/org/apache/commons/math/DuplicateSampleAbscissaExceptionTest.java,4,org/apache/commons/math,38,93,2007-02
ee556907bbc4d583d489135013e8ef93091de3c6,2007-02-12 19:28:57,test,src/test/org/apache/commons/math/ArgumentOutsideDomainExceptionTest.java,3,org/apache/commons/math,38,94,2007-02
ee556907bbc4d583d489135013e8ef93091de3c6,2007-02-12 19:28:57,prod,src/java/org/apache/commons/math/ArgumentOutsideDomainException.java,3,org/apache/commons/math,21,94,2007-02
15d96cbafda499c3a41203c695bfe314d1db9b74,2007-02-26 22:22:53,test,src/test/org/apache/commons/math/stat/descriptive/moment/VectorialMeanTest.java,21,org/apache/commons/math/stat/descriptive/moment,93,95,2007-02
15d96cbafda499c3a41203c695bfe314d1db9b74,2007-02-26 22:22:53,prod,src/java/org/apache/commons/math/random/GaussianRandomGenerator.java,21,org/apache/commons/math/random,45,95,2007-02
15d96cbafda499c3a41203c695bfe314d1db9b74,2007-02-26 22:22:53,prod,src/java/org/apache/commons/math/random/UniformRandomGenerator.java,21,org/apache/commons/math/random,50,95,2007-02
15d96cbafda499c3a41203c695bfe314d1db9b74,2007-02-26 22:22:53,prod,src/java/org/apache/commons/math/stat/descriptive/moment/VectorialCovariance.java,21,org/apache/commons/math/stat/descriptive/moment,105,95,2007-02
15d96cbafda499c3a41203c695bfe314d1db9b74,2007-02-26 22:22:53,prod,src/java/org/apache/commons/math/stat/descriptive/moment/VectorialMean.java,21,org/apache/commons/math/stat/descriptive/moment,79,95,2007-02
15d96cbafda499c3a41203c695bfe314d1db9b74,2007-02-26 22:22:53,test,src/test/org/apache/commons/math/random/GaussianRandomGeneratorTest.java,21,org/apache/commons/math/random,47,95,2007-02
15d96cbafda499c3a41203c695bfe314d1db9b74,2007-02-26 22:22:53,test,src/test/org/apache/commons/math/random/UncorrelatedRandomVectorGeneratorTest.java,21,org/apache/commons/math/random,86,95,2007-02
15d96cbafda499c3a41203c695bfe314d1db9b74,2007-02-26 22:22:53,test,src/test/org/apache/commons/math/random/UniformRandomGeneratorTest.java,21,org/apache/commons/math/random,47,95,2007-02
15d96cbafda499c3a41203c695bfe314d1db9b74,2007-02-26 22:22:53,test,src/test/org/apache/commons/math/stat/descriptive/moment/VectorialCovarianceTest.java,21,org/apache/commons/math/stat/descriptive/moment,101,95,2007-02
4b1994a2ff9ee572271d0ed4fe54943330e23c1f,2007-02-26 23:06:24,prod,src/java/org/apache/commons/math/DimensionMismatchException.java,1,org/apache/commons/math,64,96,2007-02
cd301c9e1249932d0b93745a6c7d5aee5fb972f5,2007-02-27 20:23:52,prod,src/java/org/apache/commons/math/optimization/DirectSearchOptimizer.java,10,org/apache/commons/math/optimization,600,97,2007-02
9ddf255a72a6d56e4d70d3c69eeff4ba98df253e,2007-02-28 19:51:48,test,src/test/org/apache/commons/math/random/CorrelatedRandomVectorGeneratorTest.java,3,org/apache/commons/math/random,128,98,2007-02
9ddf255a72a6d56e4d70d3c69eeff4ba98df253e,2007-02-28 19:51:48,prod,src/java/org/apache/commons/math/random/CorrelatedRandomVectorGenerator.java,3,org/apache/commons/math/random,289,98,2007-02
35af6fe1d2d5eb648a4d15a3aeaf630064bd7e77,2007-03-25 15:42:44,prod,src/java/org/apache/commons/math/ode/FirstOrderIntegratorFactory.java,3,org/apache/commons/math/ode,297,99,2007-03
35af6fe1d2d5eb648a4d15a3aeaf630064bd7e77,2007-03-25 15:42:44,prod,src/java/org/apache/commons/math/ode/FirstOrderIntegratorFactoryImpl.java,3,org/apache/commons/math/ode,278,99,2007-03
90eb6a4425081ad344ecf4410f5c26e5624d7133,2007-08-17 16:26:45,prod,src/java/org/apache/commons/math/estimation/SimpleEstimationProblem.java,1,org/apache/commons/math/estimation,72,100,2007-08
f8b5350ec2e46aa2e6040b5632e3a58c7b440b0b,2007-09-10 14:40:42,test,src/test/org/apache/commons/math/geometry/RotationOrderTest.java,3,org/apache/commons/math/geometry,66,101,2007-09
dac4f4f96641cf7783be7e8b27b78b0e939ae8b0,2007-10-07 21:20:20,test,src/test/org/apache/commons/math/ode/DummyStepInterpolatorTest.java,1,org/apache/commons/math/ode,106,102,2007-10
70e3baa85f744fe1db93bd7bf683ff51dd17c831,2007-10-31 05:41:18,prod,src/java/org/apache/commons/math/stat/descriptive/SynchronizedDescriptiveStatistics.java,2,org/apache/commons/math/stat/descriptive,129,103,2007-10
70e3baa85f744fe1db93bd7bf683ff51dd17c831,2007-10-31 05:41:18,test,src/test/org/apache/commons/math/stat/descriptive/SynchronizedDescriptiveStatisticsTest.java,2,org/apache/commons/math/stat/descriptive,39,103,2007-10
8d7e160b5aca08e3ce8f6edc92e72024afdb3cde,2007-11-03 21:07:04,test,src/test/org/apache/commons/math/estimation/GaussNewtonEstimatorTest.java,1,org/apache/commons/math/estimation,677,104,2007-11
2d4fe5638352b8adc8188f9718c0bc60a883b06c,2007-11-26 05:27:05,test,src/test/org/apache/commons/math/stat/descriptive/DescriptiveStatisticsTest.java,7,org/apache/commons/math/stat/descriptive,66,105,2007-11
37bcdf412322092704ed7bcb60ee8a6c4ddcbe7d,2007-12-08 02:48:39,test,src/test/org/apache/commons/math/stat/descriptive/SummaryStatisticsTest.java,4,org/apache/commons/math/stat/descriptive,108,106,2007-12
dc2a102e3c9126f5d4f616a41572e2c62281bf24,2008-01-04 13:49:14,test,src/test/org/apache/commons/math/stat/descriptive/SummaryStatisticsAbstractTest.java,5,org/apache/commons/math/stat/descriptive,227,107,2008-01
dc2a102e3c9126f5d4f616a41572e2c62281bf24,2008-01-04 13:49:14,test,src/test/org/apache/commons/math/stat/descriptive/SynchronizedSummaryStatisticsTest.java,5,org/apache/commons/math/stat/descriptive,39,107,2008-01
dc2a102e3c9126f5d4f616a41572e2c62281bf24,2008-01-04 13:49:14,prod,src/java/org/apache/commons/math/stat/descriptive/SynchronizedSummaryStatistics.java,5,org/apache/commons/math/stat/descriptive,149,107,2008-01
376834acf1c807d231a40b76fffe7d92ed3b4c17,2008-01-19 22:48:16,prod,src/java/org/apache/commons/math/estimation/AbstractEstimator.java,8,org/apache/commons/math/estimation,274,108,2008-01
41eb3cb7b7156f70bb254c65e3b798e775c96d4f,2008-01-26 22:42:43,prod,src/java/org/apache/commons/math/stat/inference/OneWayAnova.java,7,org/apache/commons/math/stat/inference,102,109,2008-01
41eb3cb7b7156f70bb254c65e3b798e775c96d4f,2008-01-26 22:42:43,prod,src/java/org/apache/commons/math/stat/inference/OneWayAnovaImpl.java,7,org/apache/commons/math/stat/inference,208,109,2008-01
41eb3cb7b7156f70bb254c65e3b798e775c96d4f,2008-01-26 22:42:43,test,src/test/org/apache/commons/math/stat/inference/OneWayAnovaTest.java,7,org/apache/commons/math/stat/inference,143,109,2008-01
1cabcd496c139b1d8199c33730d3f3b496b4a717,2008-02-08 16:42:34,prod,src/java/org/apache/commons/math/stat/descriptive/MultivariateSummaryStatistics.java,6,org/apache/commons/math/stat/descriptive,592,110,2008-02
1cabcd496c139b1d8199c33730d3f3b496b4a717,2008-02-08 16:42:34,prod,src/java/org/apache/commons/math/stat/descriptive/StatisticalMultivariateSummary.java,6,org/apache/commons/math/stat/descriptive,81,110,2008-02
1cabcd496c139b1d8199c33730d3f3b496b4a717,2008-02-08 16:42:34,prod,src/java/org/apache/commons/math/stat/descriptive/StatisticalMultivariateSummaryValues.java,6,org/apache/commons/math/stat/descriptive,215,110,2008-02
1cabcd496c139b1d8199c33730d3f3b496b4a717,2008-02-08 16:42:34,prod,src/java/org/apache/commons/math/stat/descriptive/SynchronizedMultivariateSummaryStatistics.java,6,org/apache/commons/math/stat/descriptive,269,110,2008-02
1cabcd496c139b1d8199c33730d3f3b496b4a717,2008-02-08 16:42:34,test,src/test/org/apache/commons/math/stat/descriptive/MultivariateSummaryStatisticsTest.java,6,org/apache/commons/math/stat/descriptive,294,110,2008-02
9e8037518e4d201fb5e9925678966b0cdff84996,2008-03-31 15:37:16,prod,src/java/org/apache/commons/math/genetics/Population.java,9,org/apache/commons/math/genetics,52,111,2008-03
9e8037518e4d201fb5e9925678966b0cdff84996,2008-03-31 15:37:16,prod,src/java/org/apache/commons/math/genetics/StoppingCondition.java,9,org/apache/commons/math/genetics,32,111,2008-03
9e8037518e4d201fb5e9925678966b0cdff84996,2008-03-31 15:37:16,prod,src/java/org/apache/commons/math/genetics/SelectionPolicy.java,9,org/apache/commons/math/genetics,29,111,2008-03
9e8037518e4d201fb5e9925678966b0cdff84996,2008-03-31 15:37:16,prod,src/java/org/apache/commons/math/genetics/MutationPolicy.java,9,org/apache/commons/math/genetics,30,111,2008-03
9e8037518e4d201fb5e9925678966b0cdff84996,2008-03-31 15:37:16,prod,src/java/org/apache/commons/math/genetics/GeneticAlgorithm.java,9,org/apache/commons/math/genetics,181,111,2008-03
9e8037518e4d201fb5e9925678966b0cdff84996,2008-03-31 15:37:16,prod,src/java/org/apache/commons/math/genetics/Fitness.java,9,org/apache/commons/math/genetics,20,111,2008-03
9e8037518e4d201fb5e9925678966b0cdff84996,2008-03-31 15:37:16,prod,src/java/org/apache/commons/math/genetics/CrossoverPolicy.java,9,org/apache/commons/math/genetics,32,111,2008-03
9e8037518e4d201fb5e9925678966b0cdff84996,2008-03-31 15:37:16,prod,src/java/org/apache/commons/math/genetics/ChromosomePair.java,9,org/apache/commons/math/genetics,58,111,2008-03
9e8037518e4d201fb5e9925678966b0cdff84996,2008-03-31 15:37:16,prod,src/java/org/apache/commons/math/genetics/Chromosome.java,9,org/apache/commons/math/genetics,29,111,2008-03
03b9e6771e353f1435499c9d25b26e8154956310,2008-04-25 07:25:58,prod,src/java/org/apache/commons/math/ode/SwitchException.java,6,org/apache/commons/math/ode,50,112,2008-04
21872adbf86aa7f018aefc8d9572467aa259988b,2008-05-18 15:05:29,prod,src/java/org/apache/commons/math/stat/regression/AbstractMultipleLinearRegression.java,9,org/apache/commons/math/stat/regression,96,113,2008-05
21872adbf86aa7f018aefc8d9572467aa259988b,2008-05-18 15:05:29,prod,src/java/org/apache/commons/math/stat/regression/GLSMultipleLinearRegression.java,9,org/apache/commons/math/stat/regression,98,113,2008-05
21872adbf86aa7f018aefc8d9572467aa259988b,2008-05-18 15:05:29,prod,src/java/org/apache/commons/math/stat/regression/MultipleLinearRegression.java,9,org/apache/commons/math/stat/regression,71,113,2008-05
21872adbf86aa7f018aefc8d9572467aa259988b,2008-05-18 15:05:29,prod,src/java/org/apache/commons/math/stat/regression/OLSMultipleLinearRegression.java,9,org/apache/commons/math/stat/regression,84,113,2008-05
21872adbf86aa7f018aefc8d9572467aa259988b,2008-05-18 15:05:29,test,src/test/org/apache/commons/math/stat/regression/AbstractMultipleLinearRegressionTest.java,9,org/apache/commons/math/stat/regression,65,113,2008-05
21872adbf86aa7f018aefc8d9572467aa259988b,2008-05-18 15:05:29,test,src/test/org/apache/commons/math/stat/regression/GLSMultipleLinearRegressionTest.java,9,org/apache/commons/math/stat/regression,61,113,2008-05
21872adbf86aa7f018aefc8d9572467aa259988b,2008-05-18 15:05:29,test,src/test/org/apache/commons/math/stat/regression/OLSMultipleLinearRegressionTest.java,9,org/apache/commons/math/stat/regression,53,113,2008-05
24e6771406d8679e01cf626fc9b3a1a874a84aad,2008-07-01 12:36:20,prod,src/java/org/apache/commons/math/ode/AbstractIntegrator.java,16,org/apache/commons/math/ode,104,114,2008-07
8c3ae1b97a1015ebacf35b6713c0011d130d7a55,2008-07-03 18:56:38,test,src/test/org/apache/commons/math/ode/nonstiff/AbstractStepInterpolatorTest.java,1,org/apache/commons/math/ode/nonstiff,92,115,2008-07
e6b0184007b836722248134336cbee5a17c62a00,2008-07-08 13:37:09,prod,src/java/org/apache/commons/math/ode/ODEIntegrator.java,3,org/apache/commons/math/ode,109,116,2008-07
8365d33be2ddc29dac9adddde8f20aa7d3c4a1c4,2008-07-14 21:13:23,prod,src/java/org/apache/commons/math/ode/nonstiff/AdamsBashforthIntegrator.java,9,org/apache/commons/math/ode/nonstiff,285,117,2008-07
8365d33be2ddc29dac9adddde8f20aa7d3c4a1c4,2008-07-14 21:13:23,prod,src/java/org/apache/commons/math/ode/nonstiff/AdamsBashforthStepInterpolator.java,9,org/apache/commons/math/ode/nonstiff,288,117,2008-07
8365d33be2ddc29dac9adddde8f20aa7d3c4a1c4,2008-07-14 21:13:23,prod,src/java/org/apache/commons/math/ode/nonstiff/AdamsMoultonIntegrator.java,9,org/apache/commons/math/ode/nonstiff,299,117,2008-07
8365d33be2ddc29dac9adddde8f20aa7d3c4a1c4,2008-07-14 21:13:23,prod,src/java/org/apache/commons/math/ode/nonstiff/AdamsMoultonStepInterpolator.java,9,org/apache/commons/math/ode/nonstiff,289,117,2008-07
8365d33be2ddc29dac9adddde8f20aa7d3c4a1c4,2008-07-14 21:13:23,prod,src/java/org/apache/commons/math/ode/nonstiff/MultistepIntegrator.java,9,org/apache/commons/math/ode/nonstiff,325,117,2008-07
8365d33be2ddc29dac9adddde8f20aa7d3c4a1c4,2008-07-14 21:13:23,prod,src/java/org/apache/commons/math/ode/nonstiff/MultistepStepInterpolator.java,9,org/apache/commons/math/ode/nonstiff,165,117,2008-07
8365d33be2ddc29dac9adddde8f20aa7d3c4a1c4,2008-07-14 21:13:23,test,src/test/org/apache/commons/math/ode/nonstiff/AdamsBashforthIntegratorTest.java,9,org/apache/commons/math/ode/nonstiff,206,117,2008-07
8365d33be2ddc29dac9adddde8f20aa7d3c4a1c4,2008-07-14 21:13:23,test,src/test/org/apache/commons/math/ode/nonstiff/AdamsMoultonIntegratorTest.java,9,org/apache/commons/math/ode/nonstiff,216,117,2008-07
7004e490aa69098b74443dc54d31a315f7200ebf,2008-07-26 18:28:45,prod,src/java/org/apache/commons/math/util/CompositeFormat.java,3,org/apache/commons/math/util,218,118,2008-07
ccbe22eb02a9573d330ff8ee3834adf96640b5c9,2008-07-26 18:31:41,test,src/test/org/apache/commons/math/geometry/Vector3DFormatTest.java,6,org/apache/commons/math/geometry,31,119,2008-07
ccbe22eb02a9573d330ff8ee3834adf96640b5c9,2008-07-26 18:31:41,test,src/test/org/apache/commons/math/geometry/Vector3DFormatAbstractTest.java,6,org/apache/commons/math/geometry,360,119,2008-07
ccbe22eb02a9573d330ff8ee3834adf96640b5c9,2008-07-26 18:31:41,prod,src/java/org/apache/commons/math/geometry/Vector3DFormat.java,6,org/apache/commons/math/geometry,337,119,2008-07
ccbe22eb02a9573d330ff8ee3834adf96640b5c9,2008-07-26 18:31:41,test,src/test/org/apache/commons/math/geometry/FrenchVector3DFormatTest.java,6,org/apache/commons/math/geometry,32,119,2008-07
b47b287663c57f8a96cba3d07c56bd5df605880b,2008-07-27 19:15:22,prod,src/java/org/apache/commons/math/linear/RealVector.java,13,org/apache/commons/math/linear,682,120,2008-07
b47b287663c57f8a96cba3d07c56bd5df605880b,2008-07-27 19:15:22,prod,src/java/org/apache/commons/math/linear/RealVectorFormat.java,13,org/apache/commons/math/linear,334,120,2008-07
b47b287663c57f8a96cba3d07c56bd5df605880b,2008-07-27 19:15:22,prod,src/java/org/apache/commons/math/linear/RealVectorImpl.java,13,org/apache/commons/math/linear,1295,120,2008-07
b47b287663c57f8a96cba3d07c56bd5df605880b,2008-07-27 19:15:22,test,src/test/org/apache/commons/math/linear/FrenchRealVectorFormatTest.java,13,org/apache/commons/math/linear,32,120,2008-07
b47b287663c57f8a96cba3d07c56bd5df605880b,2008-07-27 19:15:22,test,src/test/org/apache/commons/math/linear/RealVectorFormatAbstractTest.java,13,org/apache/commons/math/linear,384,120,2008-07
b47b287663c57f8a96cba3d07c56bd5df605880b,2008-07-27 19:15:22,test,src/test/org/apache/commons/math/linear/RealVectorFormatTest.java,13,org/apache/commons/math/linear,31,120,2008-07
b47b287663c57f8a96cba3d07c56bd5df605880b,2008-07-27 19:15:22,test,src/test/org/apache/commons/math/linear/RealVectorImplTest.java,13,org/apache/commons/math/linear,1137,120,2008-07
3dd6fe18073a9c6aa251e2614cbabfe08440af4e,2008-08-19 21:41:17,prod,src/java/org/apache/commons/math/linear/DecompositionSolver.java,6,org/apache/commons/math/linear,69,121,2008-08
a48a97b37fa591427f95e158beb33031daf06196,2008-08-21 00:19:48,prod,src/java/org/apache/commons/math/linear/LUDecompositionImpl.java,3,org/apache/commons/math/linear,394,122,2008-08
a48a97b37fa591427f95e158beb33031daf06196,2008-08-21 00:19:48,test,src/test/org/apache/commons/math/linear/LUDecompositionImplTest.java,3,org/apache/commons/math/linear,422,122,2008-08
a48a97b37fa591427f95e158beb33031daf06196,2008-08-21 00:19:48,prod,src/java/org/apache/commons/math/linear/LUDecomposition.java,3,org/apache/commons/math/linear,85,122,2008-08
66759ef52a922738a912769c7b7c01e9a65b91c5,2008-09-03 09:18:29,prod,src/java/org/apache/commons/math/linear/BiDiagonalTransformer.java,2,org/apache/commons/math/linear,390,123,2008-09
66759ef52a922738a912769c7b7c01e9a65b91c5,2008-09-03 09:18:29,test,src/test/org/apache/commons/math/linear/BiDiagonalTransformerTest.java,2,org/apache/commons/math/linear,160,123,2008-09
e8a6f1a76ce6508fb48eab67034196cb75d8a39e,2008-09-09 20:37:08,prod,src/java/org/apache/commons/math/distribution/HasDensity.java,14,org/apache/commons/math/distribution,37,124,2008-09
81c6a9a29df8099dc327fb556d2cd21da5387923,2008-09-10 19:55:08,prod,src/java/org/apache/commons/math/distribution/BetaDistribution.java,4,org/apache/commons/math/distribution,58,125,2008-09
81c6a9a29df8099dc327fb556d2cd21da5387923,2008-09-10 19:55:08,prod,src/java/org/apache/commons/math/distribution/BetaDistributionImpl.java,4,org/apache/commons/math/distribution,232,125,2008-09
81c6a9a29df8099dc327fb556d2cd21da5387923,2008-09-10 19:55:08,test,src/test/org/apache/commons/math/distribution/BetaDistributionTest.java,4,org/apache/commons/math/distribution,289,125,2008-09
bfea325efd05010e53027b61a5419c46db07aff4,2008-09-29 21:47:41,prod,src/java/org/apache/commons/math/linear/TriDiagonalTransformer.java,2,org/apache/commons/math/linear,273,126,2008-09
bfea325efd05010e53027b61a5419c46db07aff4,2008-09-29 21:47:41,test,src/test/org/apache/commons/math/linear/TriDiagonalTransformerTest.java,2,org/apache/commons/math/linear,159,126,2008-09
7d5ea6a07469d0ee08b1693ac9a35faa0b4118e2,2008-09-30 15:09:17,prod,src/java/org/apache/commons/math/linear/SingularValueDecomposition.java,3,org/apache/commons/math/linear,140,127,2008-09
7d5ea6a07469d0ee08b1693ac9a35faa0b4118e2,2008-09-30 15:09:17,prod,src/java/org/apache/commons/math/linear/EigenDecomposition.java,3,org/apache/commons/math/linear,90,127,2008-09
924041770d52c54d3a63fcd2999902e73ee7605f,2008-10-05 22:38:13,test,src/test/org/apache/commons/math/linear/EigenDecompositionImplTest.java,4,org/apache/commons/math/linear,218,128,2008-10
924041770d52c54d3a63fcd2999902e73ee7605f,2008-10-05 22:38:13,prod,src/java/org/apache/commons/math/linear/GershgorinCirclesUnion.java,4,org/apache/commons/math/linear,89,128,2008-10
924041770d52c54d3a63fcd2999902e73ee7605f,2008-10-05 22:38:13,prod,src/java/org/apache/commons/math/linear/EigenDecompositionImpl.java,4,org/apache/commons/math/linear,658,128,2008-10
9e8e88d91649762dbcc94c803e637d8f7c57cf3c,2008-11-03 21:32:26,prod,src/java/org/apache/commons/math/MathRuntimeException.java,17,org/apache/commons/math,196,129,2008-11
9e8e88d91649762dbcc94c803e637d8f7c57cf3c,2008-11-03 21:32:26,prod,src/java/org/apache/commons/math/linear/NonSquareMatrixException.java,17,org/apache/commons/math/linear,40,129,2008-11
9e8e88d91649762dbcc94c803e637d8f7c57cf3c,2008-11-03 21:32:26,prod,src/java/org/apache/commons/math/linear/RankDeficientMatrixException.java,17,org/apache/commons/math/linear,37,129,2008-11
9e8e88d91649762dbcc94c803e637d8f7c57cf3c,2008-11-03 21:32:26,prod,src/java/org/apache/commons/math/linear/SingularMatrixException.java,17,org/apache/commons/math/linear,37,129,2008-11
2655bad9b9c212302f0371b014632a0907fb576f,2008-12-04 15:46:44,prod,src/java/org/apache/commons/math/linear/SingularValueDecompositionImpl.java,4,org/apache/commons/math/linear,435,130,2008-12
2655bad9b9c212302f0371b014632a0907fb576f,2008-12-04 15:46:44,test,src/test/org/apache/commons/math/linear/SingularValueDecompositionImplTest.java,4,org/apache/commons/math/linear,332,130,2008-12
483f55064e9953267fa1fdc8819aac9a3c239a30,2008-12-05 14:05:50,test,src/test/org/apache/commons/math/linear/SingularValueSolverTest.java,20,org/apache/commons/math/linear,164,131,2008-12
483f55064e9953267fa1fdc8819aac9a3c239a30,2008-12-05 14:05:50,test,src/test/org/apache/commons/math/linear/QRSolverTest.java,20,org/apache/commons/math/linear,174,131,2008-12
483f55064e9953267fa1fdc8819aac9a3c239a30,2008-12-05 14:05:50,test,src/test/org/apache/commons/math/linear/LUSolverTest.java,20,org/apache/commons/math/linear,201,131,2008-12
483f55064e9953267fa1fdc8819aac9a3c239a30,2008-12-05 14:05:50,test,src/test/org/apache/commons/math/linear/EigenSolverTest.java,20,org/apache/commons/math/linear,172,131,2008-12
483f55064e9953267fa1fdc8819aac9a3c239a30,2008-12-05 14:05:50,prod,src/java/org/apache/commons/math/linear/QRSolver.java,20,org/apache/commons/math/linear,169,131,2008-12
483f55064e9953267fa1fdc8819aac9a3c239a30,2008-12-05 14:05:50,prod,src/java/org/apache/commons/math/linear/LUSolver.java,20,org/apache/commons/math/linear,245,131,2008-12
483f55064e9953267fa1fdc8819aac9a3c239a30,2008-12-05 14:05:50,prod,src/java/org/apache/commons/math/linear/EigenSolver.java,20,org/apache/commons/math/linear,210,131,2008-12
483f55064e9953267fa1fdc8819aac9a3c239a30,2008-12-05 14:05:50,prod,src/java/org/apache/commons/math/linear/SingularValueSolver.java,20,org/apache/commons/math/linear,158,131,2008-12
9fc12bd85cde288a72ce7b494bd3550388c7b1e2,2008-12-06 17:11:07,prod,src/java/org/apache/commons/math/distribution/ZipfDistribution.java,6,org/apache/commons/math/distribution,66,132,2008-12
9fc12bd85cde288a72ce7b494bd3550388c7b1e2,2008-12-06 17:11:07,prod,src/java/org/apache/commons/math/distribution/ZipfDistributionImpl.java,6,org/apache/commons/math/distribution,178,132,2008-12
9fc12bd85cde288a72ce7b494bd3550388c7b1e2,2008-12-06 17:11:07,test,src/test/org/apache/commons/math/distribution/ZipfDistributionTest.java,6,org/apache/commons/math/distribution,71,132,2008-12
2dc7b2d4602186123be803070a399dfced480c5a,2008-12-07 15:21:03,prod,src/java/org/apache/commons/math/linear/AbstractRealMatrix.java,6,org/apache/commons/math/linear,730,133,2008-12
578a219a0f4fcfba791fcb8348e62e1353d611ce,2008-12-14 14:56:50,prod,src/java/org/apache/commons/math/util/OpenIntToDoubleHashMap.java,7,org/apache/commons/math/util,555,134,2008-12
578a219a0f4fcfba791fcb8348e62e1353d611ce,2008-12-14 14:56:50,test,src/test/org/apache/commons/math/util/OpenIntToDoubleHashMapTest.java,7,org/apache/commons/math/util,301,134,2008-12
11d8f0ec5fc2ea5e71b57288d5891d27dd8b0e97,2008-12-14 15:04:22,prod,src/java/org/apache/commons/math/linear/SparseRealMatrix.java,7,org/apache/commons/math/linear,188,135,2008-12
11d8f0ec5fc2ea5e71b57288d5891d27dd8b0e97,2008-12-14 15:04:22,test,src/test/org/apache/commons/math/linear/SparseRealMatrixTest.java,7,org/apache/commons/math/linear,672,135,2008-12
735e84a26ad26368884e6b5ccfb1110f4353a66f,2008-12-19 23:59:38,prod,src/java/org/apache/commons/math/linear/DenseRealMatrix.java,4,org/apache/commons/math/linear,828,136,2008-12
735e84a26ad26368884e6b5ccfb1110f4353a66f,2008-12-19 23:59:38,test,src/test/org/apache/commons/math/linear/DenseRealMatrixTest.java,4,org/apache/commons/math/linear,891,136,2008-12
6e5a114c7af71d03d86a0614b04d5b36ea70e5c1,2008-12-27 20:24:05,test,src/test/org/apache/commons/math/transform/FastHadamardTransformerTest.java,5,org/apache/commons/math/transform,68,137,2008-12
6e5a114c7af71d03d86a0614b04d5b36ea70e5c1,2008-12-27 20:24:05,prod,src/java/org/apache/commons/math/transform/FastHadamardTransformer.java,5,org/apache/commons/math/transform,171,137,2008-12
f8cc8e9d37b7b02b39c58986af3f0c9ca011d307,2008-12-27 20:55:12,prod,src/java/org/apache/commons/math/linear/RealMatrixPreservingVisitor.java,10,org/apache/commons/math/linear,40,138,2008-12
f8cc8e9d37b7b02b39c58986af3f0c9ca011d307,2008-12-27 20:55:12,prod,src/java/org/apache/commons/math/linear/MatrixVisitorException.java,10,org/apache/commons/math/linear,40,138,2008-12
f8cc8e9d37b7b02b39c58986af3f0c9ca011d307,2008-12-27 20:55:12,prod,src/java/org/apache/commons/math/linear/RealMatrixChangingVisitor.java,10,org/apache/commons/math/linear,41,138,2008-12
dff725b2e8c944581ad005f4ffb5149e28df83a7,2008-12-28 18:09:28,prod,src/java/org/apache/commons/math/transform/RealTransformer.java,6,org/apache/commons/math/transform,69,139,2008-12
49cea9feed46730111e066d634fb0c303872b7d3,2009-01-04 12:06:44,prod,src/java/org/apache/commons/math/linear/DefaultRealMatrixChangingVisitor.java,4,org/apache/commons/math/linear,51,140,2009-01
49cea9feed46730111e066d634fb0c303872b7d3,2009-01-04 12:06:44,prod,src/java/org/apache/commons/math/linear/DefaultRealMatrixPreservingVisitor.java,4,org/apache/commons/math/linear,50,140,2009-01
e7c3207b052f44a36c94a6b684f44ab79df59b86,2009-01-18 14:47:51,prod,src/java/org/apache/commons/math/ConvergingAlgorithm.java,6,org/apache/commons/math,121,141,2009-01
e7c3207b052f44a36c94a6b684f44ab79df59b86,2009-01-18 14:47:51,prod,src/java/org/apache/commons/math/ConvergingAlgorithmImpl.java,6,org/apache/commons/math,123,141,2009-01
e60e3de47441ca63198c7404b5910d7cffe1c248,2009-01-18 15:39:35,prod,src/java/org/apache/commons/math/analysis/minimization/BrentMinimizer.java,9,org/apache/commons/math/analysis/minimization,204,142,2009-01
e60e3de47441ca63198c7404b5910d7cffe1c248,2009-01-18 15:39:35,prod,src/java/org/apache/commons/math/analysis/minimization/UnivariateRealMinimizer.java,9,org/apache/commons/math/analysis/minimization,118,142,2009-01
e60e3de47441ca63198c7404b5910d7cffe1c248,2009-01-18 15:39:35,prod,src/java/org/apache/commons/math/analysis/minimization/UnivariateRealMinimizerImpl.java,9,org/apache/commons/math/analysis/minimization,134,142,2009-01
e60e3de47441ca63198c7404b5910d7cffe1c248,2009-01-18 15:39:35,test,src/test/org/apache/commons/math/analysis/minimization/BrentMinimizerTest.java,9,org/apache/commons/math/analysis/minimization,80,142,2009-01
e8cfb4889e0bc0f9062d45068448a5e468f8203c,2009-01-19 23:40:14,prod,src/java/org/apache/commons/math/analysis/integration/LegendreGaussIntegrator.java,7,org/apache/commons/math/analysis/integration,238,143,2009-01
e8cfb4889e0bc0f9062d45068448a5e468f8203c,2009-01-19 23:40:14,test,src/test/org/apache/commons/math/analysis/integration/LegendreGaussIntegratorTest.java,7,org/apache/commons/math/analysis/integration,117,143,2009-01
a3b466009fa00e8c23532e5a28faec8117a1d75a,2009-01-31 04:51:17,prod,src/java/org/apache/commons/math/linear/SparseRealVector.java,2,org/apache/commons/math/linear,1176,144,2009-01
a3b466009fa00e8c23532e5a28faec8117a1d75a,2009-01-31 04:51:17,test,src/test/org/apache/commons/math/linear/SparseRealVectorTest.java,2,org/apache/commons/math/linear,1192,144,2009-01
8ce2128585be00b451355dd616fc995ddb0be741,2009-02-01 21:13:55,test,src/test/org/apache/commons/math/analysis/polynomials/PolynomialsUtilsTest.java,16,org/apache/commons/math/analysis/polynomials,225,145,2009-02
8ce2128585be00b451355dd616fc995ddb0be741,2009-02-01 21:13:55,prod,src/java/org/apache/commons/math/analysis/polynomials/PolynomialsUtils.java,16,org/apache/commons/math/analysis/polynomials,280,145,2009-02
42b68a69ce8df1ab034d2823eb75fe9690733689,2009-02-12 11:21:54,prod,src/java/org/apache/commons/math/stat/correlation/Covariance.java,5,org/apache/commons/math/stat/correlation,205,146,2009-02
42b68a69ce8df1ab034d2823eb75fe9690733689,2009-02-12 11:21:54,test,src/test/org/apache/commons/math/stat/correlation/CovarianceTest.java,5,org/apache/commons/math/stat/correlation,225,146,2009-02
098b003e187a972710f332e04a9ed5e50de2d857,2009-02-15 17:53:32,prod,src/java/org/apache/commons/math/linear/CholeskyDecomposition.java,8,org/apache/commons/math/linear,72,147,2009-02
098b003e187a972710f332e04a9ed5e50de2d857,2009-02-15 17:53:32,prod,src/java/org/apache/commons/math/linear/CholeskyDecompositionImpl.java,8,org/apache/commons/math/linear,359,147,2009-02
098b003e187a972710f332e04a9ed5e50de2d857,2009-02-15 17:53:32,prod,src/java/org/apache/commons/math/linear/NotSymmetricMatrixException.java,8,org/apache/commons/math/linear,42,147,2009-02
098b003e187a972710f332e04a9ed5e50de2d857,2009-02-15 17:53:32,test,src/test/org/apache/commons/math/linear/CholeskyDecompositionImplTest.java,8,org/apache/commons/math/linear,152,147,2009-02
098b003e187a972710f332e04a9ed5e50de2d857,2009-02-15 17:53:32,test,src/test/org/apache/commons/math/linear/CholeskySolverTest.java,8,org/apache/commons/math/linear,133,147,2009-02
64fa01cd788733566b246131160d3e878d9816bc,2009-02-16 05:09:49,prod,src/java/org/apache/commons/math/stat/correlation/PearsonsCorrelation.java,5,org/apache/commons/math/stat/correlation,270,148,2009-02
64fa01cd788733566b246131160d3e878d9816bc,2009-02-16 05:09:49,test,src/test/org/apache/commons/math/stat/correlation/PearsonsCorrelationTest.java,5,org/apache/commons/math/stat/correlation,274,148,2009-02
722fc97a7a30103490089a5eb22a49fd433f74f3,2009-02-26 19:17:39,test,src/test/org/apache/commons/math/optimization/direct/NelderMeadTest.java,47,org/apache/commons/math/optimization/direct,287,149,2009-02
722fc97a7a30103490089a5eb22a49fd433f74f3,2009-02-26 19:17:39,test,src/test/org/apache/commons/math/optimization/direct/MultiDirectionalTest.java,47,org/apache/commons/math/optimization/direct,229,149,2009-02
722fc97a7a30103490089a5eb22a49fd433f74f3,2009-02-26 19:17:39,prod,src/java/org/apache/commons/math/optimization/direct/NelderMead.java,47,org/apache/commons/math/optimization/direct,176,149,2009-02
722fc97a7a30103490089a5eb22a49fd433f74f3,2009-02-26 19:17:39,prod,src/java/org/apache/commons/math/optimization/direct/MultiDirectional.java,47,org/apache/commons/math/optimization/direct,129,149,2009-02
722fc97a7a30103490089a5eb22a49fd433f74f3,2009-02-26 19:17:39,prod,src/java/org/apache/commons/math/optimization/LeastSquaresConverter.java,47,org/apache/commons/math/optimization,157,149,2009-02
722fc97a7a30103490089a5eb22a49fd433f74f3,2009-02-26 19:17:39,prod,src/java/org/apache/commons/math/optimization/Optimizer.java,47,org/apache/commons/math/optimization,55,149,2009-02
722fc97a7a30103490089a5eb22a49fd433f74f3,2009-02-26 19:17:39,prod,src/java/org/apache/commons/math/optimization/MultiObjectiveFunction.java,47,org/apache/commons/math/optimization,38,149,2009-02
722fc97a7a30103490089a5eb22a49fd433f74f3,2009-02-26 19:17:39,prod,src/java/org/apache/commons/math/optimization/PointValuePair.java,47,org/apache/commons/math/optimization,65,149,2009-02
4f206ca3ee00be1430dfccb3de1b90c51af31976,2009-03-04 00:07:51,prod,src/java/org/apache/commons/math/optimization/MultiStartOptimizer.java,15,org/apache/commons/math/optimization,189,150,2009-03
4f206ca3ee00be1430dfccb3de1b90c51af31976,2009-03-04 00:07:51,prod,src/java/org/apache/commons/math/optimization/ObjectiveValueChecker.java,15,org/apache/commons/math/optimization,84,150,2009-03
27c1eb726abb6c48787f9d2cb6bcfb4abe4addee,2009-03-14 17:35:49,prod,src/java/org/apache/commons/math/optimization/VectorialPointValuePair.java,23,org/apache/commons/math/optimization,96,151,2009-03
27c1eb726abb6c48787f9d2cb6bcfb4abe4addee,2009-03-14 17:35:49,prod,src/java/org/apache/commons/math/optimization/VectorialDifferentiableObjectiveFunction.java,23,org/apache/commons/math/optimization,38,151,2009-03
27c1eb726abb6c48787f9d2cb6bcfb4abe4addee,2009-03-14 17:35:49,prod,src/java/org/apache/commons/math/optimization/VectorialConvergenceChecker.java,23,org/apache/commons/math/optimization,52,151,2009-03
27c1eb726abb6c48787f9d2cb6bcfb4abe4addee,2009-03-14 17:35:49,prod,src/java/org/apache/commons/math/optimization/VectorialDifferentiableOptimizer.java,23,org/apache/commons/math/optimization,96,151,2009-03
27c1eb726abb6c48787f9d2cb6bcfb4abe4addee,2009-03-14 17:35:49,prod,src/java/org/apache/commons/math/optimization/ScalarDifferentiableOptimizer.java,23,org/apache/commons/math/optimization,91,151,2009-03
27c1eb726abb6c48787f9d2cb6bcfb4abe4addee,2009-03-14 17:35:49,prod,src/java/org/apache/commons/math/optimization/ScalarDifferentiableObjectiveFunction.java,23,org/apache/commons/math/optimization,37,151,2009-03
27c1eb726abb6c48787f9d2cb6bcfb4abe4addee,2009-03-14 17:35:49,prod,src/java/org/apache/commons/math/optimization/SimpleVectorialValueChecker.java,23,org/apache/commons/math/optimization,92,151,2009-03
3a0df1ba4839d20d4ace6c0060c8e989b8c8f985,2009-03-14 17:38:27,prod,src/java/org/apache/commons/math/optimization/general/AbstractLeastSquaresOptimizer.java,4,org/apache/commons/math/optimization/general,319,152,2009-03
3a0df1ba4839d20d4ace6c0060c8e989b8c8f985,2009-03-14 17:38:27,prod,src/java/org/apache/commons/math/optimization/general/GaussNewtonOptimizer.java,4,org/apache/commons/math/optimization/general,135,152,2009-03
3a0df1ba4839d20d4ace6c0060c8e989b8c8f985,2009-03-14 17:38:27,test,src/test/org/apache/commons/math/optimization/general/GaussNewtonOptimizerTest.java,4,org/apache/commons/math/optimization/general,573,152,2009-03
c37f06ed3ad2de8d49a80ac46aae3ab7748598a4,2009-03-15 19:11:02,prod,src/java/org/apache/commons/math/optimization/general/LevenbergMarquardtOptimizer.java,16,org/apache/commons/math/optimization/general,838,153,2009-03
c37f06ed3ad2de8d49a80ac46aae3ab7748598a4,2009-03-15 19:11:02,test,src/test/org/apache/commons/math/optimization/general/LevenbergMarquardtOptimizerTest.java,16,org/apache/commons/math/optimization/general,649,153,2009-03
c12aa3b9368335ac94096fd346919cd7f30a6dd7,2009-03-15 21:33:31,prod,src/java/org/apache/commons/math/optimization/MultiStartScalarDifferentiableOptimizer.java,3,org/apache/commons/math/optimization,190,154,2009-03
c12aa3b9368335ac94096fd346919cd7f30a6dd7,2009-03-15 21:33:31,prod,src/java/org/apache/commons/math/optimization/MultiStartVectorialDifferentiableOptimizer.java,3,org/apache/commons/math/optimization,207,154,2009-03
187dd35c9a6a4c727dbaa64ea4bf86a819621e42,2009-03-24 22:05:13,prod,src/java/org/apache/commons/math/analysis/MultivariateVectorialFunction.java,11,org/apache/commons/math/analysis,41,155,2009-03
187dd35c9a6a4c727dbaa64ea4bf86a819621e42,2009-03-24 22:05:13,prod,src/java/org/apache/commons/math/analysis/DifferentiableUnivariateVectorialFunction.java,11,org/apache/commons/math/analysis,35,155,2009-03
187dd35c9a6a4c727dbaa64ea4bf86a819621e42,2009-03-24 22:05:13,prod,src/java/org/apache/commons/math/analysis/DifferentiableUnivariateMatrixFunction.java,11,org/apache/commons/math/analysis,35,155,2009-03
187dd35c9a6a4c727dbaa64ea4bf86a819621e42,2009-03-24 22:05:13,prod,src/java/org/apache/commons/math/analysis/DifferentiableMultivariateVectorialFunction.java,11,org/apache/commons/math/analysis,74,155,2009-03
187dd35c9a6a4c727dbaa64ea4bf86a819621e42,2009-03-24 22:05:13,prod,src/java/org/apache/commons/math/analysis/DifferentiableMultivariateRealFunction.java,11,org/apache/commons/math/analysis,51,155,2009-03
07425ec8ae649e79ba5921460a3e900de6b6e244,2009-03-24 22:09:34,prod,src/java/org/apache/commons/math/optimization/MultiStartUnivariateRealOptimizer.java,14,org/apache/commons/math/optimization,236,156,2009-03
891bb84cd0acfd15a466f41e6b0f8cc7a2a25d07,2009-03-24 22:12:32,prod,src/java/org/apache/commons/math/optimization/SimpleRealPointChecker.java,3,org/apache/commons/math/optimization,89,157,2009-03
891bb84cd0acfd15a466f41e6b0f8cc7a2a25d07,2009-03-24 22:12:32,prod,src/java/org/apache/commons/math/optimization/SimpleVectorialPointChecker.java,3,org/apache/commons/math/optimization,92,157,2009-03
d99003bc0fb18a7cb45b44e9e1ab2f300efb41e6,2009-03-24 22:14:03,prod,src/java/org/apache/commons/math/optimization/univariate/AbstractUnivariateRealOptimizer.java,3,org/apache/commons/math/optimization/univariate,115,158,2009-03
2c84116a4ca7e7b8b9f5b80ca3ac9f6c2d81a625,2009-03-24 22:16:21,prod,src/java/org/apache/commons/math/optimization/general/AbstractScalarDifferentiableOptimizer.java,6,org/apache/commons/math/optimization/general,187,159,2009-03
2c84116a4ca7e7b8b9f5b80ca3ac9f6c2d81a625,2009-03-24 22:16:21,prod,src/java/org/apache/commons/math/optimization/general/ConjugateGradientFormula.java,6,org/apache/commons/math/optimization/general,49,159,2009-03
2c84116a4ca7e7b8b9f5b80ca3ac9f6c2d81a625,2009-03-24 22:16:21,prod,src/java/org/apache/commons/math/optimization/general/NonLinearConjugateGradientOptimizer.java,6,org/apache/commons/math/optimization/general,302,159,2009-03
2c84116a4ca7e7b8b9f5b80ca3ac9f6c2d81a625,2009-03-24 22:16:21,prod,src/java/org/apache/commons/math/optimization/general/Preconditioner.java,6,org/apache/commons/math/optimization/general,54,159,2009-03
2c84116a4ca7e7b8b9f5b80ca3ac9f6c2d81a625,2009-03-24 22:16:21,test,src/test/org/apache/commons/math/optimization/general/NonLinearConjugateGradientOptimizerTest.java,6,org/apache/commons/math/optimization/general,505,159,2009-03
61e775706d77d6ce6385075f5b3385cdb28fed68,2009-03-26 23:25:30,test,src/test/org/apache/commons/math/optimization/linear/SimplexTableauTest.java,19,org/apache/commons/math/optimization/linear,98,160,2009-03
61e775706d77d6ce6385075f5b3385cdb28fed68,2009-03-26 23:25:30,test,src/test/org/apache/commons/math/optimization/linear/SimplexSolverTest.java,19,org/apache/commons/math/optimization/linear,313,160,2009-03
61e775706d77d6ce6385075f5b3385cdb28fed68,2009-03-26 23:25:30,prod,src/java/org/apache/commons/math/optimization/linear/UnboundedSolutionException.java,19,org/apache/commons/math/optimization/linear,40,160,2009-03
61e775706d77d6ce6385075f5b3385cdb28fed68,2009-03-26 23:25:30,prod,src/java/org/apache/commons/math/optimization/linear/SimplexTableau.java,19,org/apache/commons/math/optimization/linear,473,160,2009-03
61e775706d77d6ce6385075f5b3385cdb28fed68,2009-03-26 23:25:30,prod,src/java/org/apache/commons/math/optimization/linear/SimplexSolver.java,19,org/apache/commons/math/optimization/linear,197,160,2009-03
61e775706d77d6ce6385075f5b3385cdb28fed68,2009-03-26 23:25:30,prod,src/java/org/apache/commons/math/optimization/linear/LinearConstraint.java,19,org/apache/commons/math/optimization/linear,183,160,2009-03
61e775706d77d6ce6385075f5b3385cdb28fed68,2009-03-26 23:25:30,prod,src/java/org/apache/commons/math/optimization/linear/NoFeasibleSolutionException.java,19,org/apache/commons/math/optimization/linear,40,160,2009-03
61e775706d77d6ce6385075f5b3385cdb28fed68,2009-03-26 23:25:30,prod,src/java/org/apache/commons/math/optimization/linear/LinearOptimizer.java,19,org/apache/commons/math/optimization/linear,91,160,2009-03
61e775706d77d6ce6385075f5b3385cdb28fed68,2009-03-26 23:25:30,prod,src/java/org/apache/commons/math/optimization/linear/LinearObjectiveFunction.java,19,org/apache/commons/math/optimization/linear,100,160,2009-03
61e775706d77d6ce6385075f5b3385cdb28fed68,2009-03-26 23:25:30,prod,src/java/org/apache/commons/math/optimization/linear/AbstractLinearOptimizer.java,19,org/apache/commons/math/optimization/linear,124,160,2009-03
61e775706d77d6ce6385075f5b3385cdb28fed68,2009-03-26 23:25:30,prod,src/java/org/apache/commons/math/optimization/linear/Relationship.java,19,org/apache/commons/math/optimization/linear,67,160,2009-03
17f0dd2da569e02c314862cd6b7e35a05f5f951f,2009-03-28 18:24:11,prod,src/java/org/apache/commons/math/fraction/BigFraction.java,7,org/apache/commons/math/fraction,1132,161,2009-03
17f0dd2da569e02c314862cd6b7e35a05f5f951f,2009-03-28 18:24:11,test,src/test/org/apache/commons/math/fraction/BigFractionTest.java,7,org/apache/commons/math/fraction,540,161,2009-03
312b1ca42eb094de32a1a5cc961c9cb7e11d015e,2009-03-29 16:33:53,test,src/test/org/apache/commons/math/fraction/BigFractionFormatTest.java,7,org/apache/commons/math/fraction,301,162,2009-03
312b1ca42eb094de32a1a5cc961c9cb7e11d015e,2009-03-29 16:33:53,prod,src/java/org/apache/commons/math/fraction/ProperBigFractionFormat.java,7,org/apache/commons/math/fraction,239,162,2009-03
312b1ca42eb094de32a1a5cc961c9cb7e11d015e,2009-03-29 16:33:53,prod,src/java/org/apache/commons/math/fraction/BigFractionFormat.java,7,org/apache/commons/math/fraction,287,162,2009-03
312b1ca42eb094de32a1a5cc961c9cb7e11d015e,2009-03-29 16:33:53,prod,src/java/org/apache/commons/math/fraction/AbstractFormat.java,7,org/apache/commons/math/fraction,206,162,2009-03
b6703d294ca04c5fee554a580693d1bea77893ca,2009-04-09 15:23:11,prod,src/java/org/apache/commons/math/ode/NordsieckTransformer.java,2,org/apache/commons/math/ode,511,163,2009-04
b6703d294ca04c5fee554a580693d1bea77893ca,2009-04-09 15:23:11,test,src/test/org/apache/commons/math/ode/NordsieckTransformerTest.java,2,org/apache/commons/math/ode,268,163,2009-04
f802e004aeef756377f2efe1b4442b156e23c7f7,2009-04-19 16:31:59,prod,src/java/org/apache/commons/math/Field.java,2,org/apache/commons/math,53,164,2009-04
f802e004aeef756377f2efe1b4442b156e23c7f7,2009-04-19 16:31:59,prod,src/java/org/apache/commons/math/FieldElement.java,2,org/apache/commons/math,61,164,2009-04
d60149c7f8a840f9a21556aabfbc0d33e1d58eb5,2009-04-19 16:34:37,prod,src/java/org/apache/commons/math/complex/ComplexField.java,9,org/apache/commons/math/complex,66,165,2009-04
d60149c7f8a840f9a21556aabfbc0d33e1d58eb5,2009-04-19 16:34:37,prod,src/java/org/apache/commons/math/fraction/BigFractionField.java,9,org/apache/commons/math/fraction,66,165,2009-04
d60149c7f8a840f9a21556aabfbc0d33e1d58eb5,2009-04-19 16:34:37,prod,src/java/org/apache/commons/math/fraction/FractionField.java,9,org/apache/commons/math/fraction,66,165,2009-04
d60149c7f8a840f9a21556aabfbc0d33e1d58eb5,2009-04-19 16:34:37,prod,src/java/org/apache/commons/math/util/BigReal.java,9,org/apache/commons/math/util,213,165,2009-04
d60149c7f8a840f9a21556aabfbc0d33e1d58eb5,2009-04-19 16:34:37,prod,src/java/org/apache/commons/math/util/BigRealField.java,9,org/apache/commons/math/util,66,165,2009-04
b70bdcde87a60421221d3b2bb3d48e7316e84b74,2009-04-20 20:19:49,prod,src/java/org/apache/commons/math/linear/DenseFieldMatrix.java,3,org/apache/commons/math/linear,1613,166,2009-04
b70bdcde87a60421221d3b2bb3d48e7316e84b74,2009-04-20 20:19:49,test,src/test/org/apache/commons/math/linear/DenseFieldMatrixTest.java,3,org/apache/commons/math/linear,1294,166,2009-04
b251802f43c3da48c98281a5a2ed518393b04751,2009-04-25 22:49:38,prod,src/java/org/apache/commons/math/util/OpenIntToFieldHashMap.java,1,org/apache/commons/math/util,611,167,2009-04
4566fcf22ccced2b9dc09cdb926b674928451073,2009-04-27 10:51:52,prod,src/java/org/apache/commons/math/stat/descriptive/AggregateSummaryStatistics.java,4,org/apache/commons/math/stat/descriptive,245,168,2009-04
4566fcf22ccced2b9dc09cdb926b674928451073,2009-04-27 10:51:52,test,src/test/org/apache/commons/math/stat/descriptive/AggregateSummaryStatisticsTest.java,4,org/apache/commons/math/stat/descriptive,73,168,2009-04
d81b61867523374ba914455e24966d6e21dada65,2009-04-28 02:42:57,test,src/test/org/apache/commons/math/util/OpenIntToFieldTest.java,1,org/apache/commons/math/util,300,169,2009-04
28257de1805aee7970a564677366a44a80ad9859,2009-05-02 19:34:51,prod,src/java/org/apache/commons/math/stat/clustering/Cluster.java,7,org/apache/commons/math/stat/clustering,74,170,2009-05
28257de1805aee7970a564677366a44a80ad9859,2009-05-02 19:34:51,prod,src/java/org/apache/commons/math/stat/clustering/Clusterable.java,7,org/apache/commons/math/stat/clustering,47,170,2009-05
28257de1805aee7970a564677366a44a80ad9859,2009-05-02 19:34:51,prod,src/java/org/apache/commons/math/stat/clustering/EuclideanIntegerPoint.java,7,org/apache/commons/math/stat/clustering,98,170,2009-05
28257de1805aee7970a564677366a44a80ad9859,2009-05-02 19:34:51,prod,src/java/org/apache/commons/math/stat/clustering/KMeansPlusPlusClusterer.java,7,org/apache/commons/math/stat/clustering,161,170,2009-05
28257de1805aee7970a564677366a44a80ad9859,2009-05-02 19:34:51,test,src/test/org/apache/commons/math/stat/clustering/KMeansPlusPlusClustererTest.java,7,org/apache/commons/math/stat/clustering,97,170,2009-05
f479cc70b81b8cb939a0a22afc10f2f979167cef,2009-05-03 22:27:25,prod,src/java/org/apache/commons/math/linear/SparseFieldMatrix.java,4,org/apache/commons/math/linear,189,171,2009-05
f479cc70b81b8cb939a0a22afc10f2f979167cef,2009-05-03 22:27:25,prod,src/java/org/apache/commons/math/linear/SparseFieldVector.java,4,org/apache/commons/math/linear,585,171,2009-05
b5dd7a9c36bfbaa1c6dc34a532cabfc97312ff66,2009-05-04 02:59:30,test,src/test/org/apache/commons/math/linear/SparseFieldVectorTest.java,1,org/apache/commons/math/linear,218,172,2009-05
659d3c4a98e34c8b0be9f216f7d6efec2026401a,2009-05-06 03:26:55,test,src/test/org/apache/commons/math/linear/SparseFieldMatrixTest.java,1,org/apache/commons/math/linear,694,173,2009-05
f4dbd2ecf5ac84904d23ea3f5e1768de5cf241c2,2009-05-06 09:43:28,prod,src/java/org/apache/commons/math/linear/AnyMatrix.java,48,org/apache/commons/math/linear,48,174,2009-05
5ce6c814900633620d7436ebbefe4081a9bea355,2009-05-18 00:42:41,prod,src/java/org/apache/commons/math/linear/SparseRealMatrix.java,4,org/apache/commons/math/linear,40,175,2009-05
5ce6c814900633620d7436ebbefe4081a9bea355,2009-05-18 00:42:41,prod,src/java/org/apache/commons/math/linear/SparseRealVector.java,4,org/apache/commons/math/linear,33,175,2009-05
bcccc34cbab6d4ee6c6c7894ec1f7af5a3c64f99,2009-05-19 13:31:34,prod,src/java/org/apache/commons/math/stat/ranking/NaNStrategy.java,8,org/apache/commons/math/stat/ranking,49,176,2009-05
bcccc34cbab6d4ee6c6c7894ec1f7af5a3c64f99,2009-05-19 13:31:34,prod,src/java/org/apache/commons/math/stat/ranking/NaturalRanking.java,8,org/apache/commons/math/stat/ranking,458,176,2009-05
bcccc34cbab6d4ee6c6c7894ec1f7af5a3c64f99,2009-05-19 13:31:34,prod,src/java/org/apache/commons/math/stat/ranking/RankingAlgorithm.java,8,org/apache/commons/math/stat/ranking,41,176,2009-05
bcccc34cbab6d4ee6c6c7894ec1f7af5a3c64f99,2009-05-19 13:31:34,prod,src/java/org/apache/commons/math/stat/ranking/TiesStrategy.java,8,org/apache/commons/math/stat/ranking,55,176,2009-05
bcccc34cbab6d4ee6c6c7894ec1f7af5a3c64f99,2009-05-19 13:31:34,test,src/test/org/apache/commons/math/stat/ranking/NaturalRankingTest.java,8,org/apache/commons/math/stat/ranking,188,176,2009-05
9f7b8346c8f729b9ffff15e6d70d27a0807a7e1b,2009-05-24 05:04:21,prod,src/java/org/apache/commons/math/stat/correlation/SpearmansCorrelation.java,5,org/apache/commons/math/stat/correlation,170,177,2009-05
9f7b8346c8f729b9ffff15e6d70d27a0807a7e1b,2009-05-24 05:04:21,test,src/test/org/apache/commons/math/stat/correlation/SpearmansRankCorrelationTest.java,5,org/apache/commons/math/stat/correlation,122,177,2009-05
4a97160c1f0f6ead3908cabcd7c453e3ca549f3b,2009-05-27 18:54:48,prod,src/java/org/apache/commons/math/MaxEvaluationsExceededException.java,8,org/apache/commons/math,67,178,2009-05
2c1d911e2acef6bc216adfccbe91e034c2e47a17,2009-05-31 22:02:30,prod,src/java/org/apache/commons/math/ode/sampling/NordsieckStepInterpolator.java,2,org/apache/commons/math/ode/sampling,268,179,2009-05
2c1d911e2acef6bc216adfccbe91e034c2e47a17,2009-05-31 22:02:30,test,src/test/org/apache/commons/math/ode/sampling/NordsieckStepInterpolatorTest.java,2,org/apache/commons/math/ode/sampling,94,179,2009-05
e33f09ce4fe77a1ce2aa90461f9b9d87d89404ce,2009-05-31 22:07:26,test,src/test/org/apache/commons/math/ode/nonstiff/AdamsIntegratorTest.java,9,org/apache/commons/math/ode/nonstiff,314,180,2009-05
e33f09ce4fe77a1ce2aa90461f9b9d87d89404ce,2009-05-31 22:07:26,prod,src/java/org/apache/commons/math/ode/nonstiff/AdamsIntegrator.java,9,org/apache/commons/math/ode/nonstiff,643,180,2009-05
aaf87073b58d8795704fb108e574242d7b3a7ec8,2009-06-07 19:19:35,prod,src/java/org/apache/commons/math/ode/nonstiff/AdamsBashforthIntegrator.java,7,org/apache/commons/math/ode/nonstiff,509,181,2009-06
aaf87073b58d8795704fb108e574242d7b3a7ec8,2009-06-07 19:19:35,test,src/test/org/apache/commons/math/ode/nonstiff/AdamsBashforthIntegratorTest.java,7,org/apache/commons/math/ode/nonstiff,190,181,2009-06
aaf87073b58d8795704fb108e574242d7b3a7ec8,2009-06-07 19:19:35,test,src/test/org/apache/commons/math/ode/nonstiff/AdamsMoultonIntegratorTest.java,7,org/apache/commons/math/ode/nonstiff,194,181,2009-06
e082a039f895458c231226e66f39e39cbf3b5ef2,2009-06-14 19:04:32,test,src/test/org/apache/commons/math/genetics/BinaryMutationTest.java,38,org/apache/commons/math/genetics,44,182,2009-06
e082a039f895458c231226e66f39e39cbf3b5ef2,2009-06-14 19:04:32,test,src/test/org/apache/commons/math/genetics/TournamentSelectionTest.java,38,org/apache/commons/math/genetics,56,182,2009-06
e082a039f895458c231226e66f39e39cbf3b5ef2,2009-06-14 19:04:32,test,src/test/org/apache/commons/math/genetics/RandomKeyTest.java,38,org/apache/commons/math/genetics,166,182,2009-06
e082a039f895458c231226e66f39e39cbf3b5ef2,2009-06-14 19:04:32,test,src/test/org/apache/commons/math/genetics/RandomKeyMutationTest.java,38,org/apache/commons/math/genetics,44,182,2009-06
e082a039f895458c231226e66f39e39cbf3b5ef2,2009-06-14 19:04:32,test,src/test/org/apache/commons/math/genetics/OnePointCrossoverTest.java,38,org/apache/commons/math/genetics,59,182,2009-06
e082a039f895458c231226e66f39e39cbf3b5ef2,2009-06-14 19:04:32,test,src/test/org/apache/commons/math/genetics/ListPopulationTest.java,38,org/apache/commons/math/genetics,61,182,2009-06
e082a039f895458c231226e66f39e39cbf3b5ef2,2009-06-14 19:04:32,test,src/test/org/apache/commons/math/genetics/FixedGenerationCountTest.java,38,org/apache/commons/math/genetics,63,182,2009-06
e082a039f895458c231226e66f39e39cbf3b5ef2,2009-06-14 19:04:32,test,src/test/org/apache/commons/math/genetics/FitnessCachingTest.java,38,org/apache/commons/math/genetics,94,182,2009-06
e082a039f895458c231226e66f39e39cbf3b5ef2,2009-06-14 19:04:32,test,src/test/org/apache/commons/math/genetics/ElitisticListPopulationTest.java,38,org/apache/commons/math/genetics,53,182,2009-06
e082a039f895458c231226e66f39e39cbf3b5ef2,2009-06-14 19:04:32,test,src/test/org/apache/commons/math/genetics/ChromosomeTest.java,38,org/apache/commons/math/genetics,111,182,2009-06
e082a039f895458c231226e66f39e39cbf3b5ef2,2009-06-14 19:04:32,test,src/test/org/apache/commons/math/genetics/BinaryChromosomeTest.java,38,org/apache/commons/math/genetics,67,182,2009-06
e082a039f895458c231226e66f39e39cbf3b5ef2,2009-06-14 19:04:32,prod,src/java/org/apache/commons/math/genetics/PermutationChromosome.java,38,org/apache/commons/math/genetics,44,182,2009-06
e082a039f895458c231226e66f39e39cbf3b5ef2,2009-06-14 19:04:32,prod,src/java/org/apache/commons/math/genetics/RandomKeyMutation.java,38,org/apache/commons/math/genetics,56,182,2009-06
e082a039f895458c231226e66f39e39cbf3b5ef2,2009-06-14 19:04:32,prod,src/java/org/apache/commons/math/genetics/RandomKey.java,38,org/apache/commons/math/genetics,290,182,2009-06
e082a039f895458c231226e66f39e39cbf3b5ef2,2009-06-14 19:04:32,prod,src/java/org/apache/commons/math/genetics/TournamentSelection.java,38,org/apache/commons/math/genetics,114,182,2009-06
e082a039f895458c231226e66f39e39cbf3b5ef2,2009-06-14 19:04:32,prod,src/java/org/apache/commons/math/genetics/OnePointCrossover.java,38,org/apache/commons/math/genetics,117,182,2009-06
e082a039f895458c231226e66f39e39cbf3b5ef2,2009-06-14 19:04:32,prod,src/java/org/apache/commons/math/genetics/ListPopulation.java,38,org/apache/commons/math/genetics,150,182,2009-06
e082a039f895458c231226e66f39e39cbf3b5ef2,2009-06-14 19:04:32,prod,src/java/org/apache/commons/math/genetics/InvalidRepresentationException.java,38,org/apache/commons/math/genetics,63,182,2009-06
e082a039f895458c231226e66f39e39cbf3b5ef2,2009-06-14 19:04:32,prod,src/java/org/apache/commons/math/genetics/FixedGenerationCount.java,38,org/apache/commons/math/genetics,70,182,2009-06
e082a039f895458c231226e66f39e39cbf3b5ef2,2009-06-14 19:04:32,prod,src/java/org/apache/commons/math/genetics/ElitisticListPopulation.java,38,org/apache/commons/math/genetics,108,182,2009-06
e082a039f895458c231226e66f39e39cbf3b5ef2,2009-06-14 19:04:32,prod,src/java/org/apache/commons/math/genetics/BinaryMutation.java,38,org/apache/commons/math/genetics,52,182,2009-06
e082a039f895458c231226e66f39e39cbf3b5ef2,2009-06-14 19:04:32,prod,src/java/org/apache/commons/math/genetics/BinaryChromosome.java,38,org/apache/commons/math/genetics,92,182,2009-06
e082a039f895458c231226e66f39e39cbf3b5ef2,2009-06-14 19:04:32,prod,src/java/org/apache/commons/math/genetics/AbstractListChromosome.java,38,org/apache/commons/math/genetics,104,182,2009-06
74a6186c3ee508affef451474245fb994f860cd5,2009-06-19 12:04:01,test,src/test/org/apache/commons/math/optimization/MultiStartMultivariateRealOptimizerTest.java,2,org/apache/commons/math/optimization,83,183,2009-06
74a6186c3ee508affef451474245fb994f860cd5,2009-06-19 12:04:01,test,src/test/org/apache/commons/math/optimization/MultiStartDifferentiableMultivariateVectorialOptimizerTest.java,2,org/apache/commons/math/optimization,192,183,2009-06
2a1842f3ef3a665fac85672aeff02f55e6c576a0,2009-06-19 12:36:16,prod,src/java/org/apache/commons/math/optimization/fitting/CurveFitter.java,25,org/apache/commons/math/optimization/fitting,191,184,2009-06
2a1842f3ef3a665fac85672aeff02f55e6c576a0,2009-06-19 12:36:16,prod,src/java/org/apache/commons/math/optimization/fitting/HarmonicCoefficientsGuesser.java,25,org/apache/commons/math/optimization/fitting,300,184,2009-06
2a1842f3ef3a665fac85672aeff02f55e6c576a0,2009-06-19 12:36:16,prod,src/java/org/apache/commons/math/optimization/fitting/HarmonicFitter.java,25,org/apache/commons/math/optimization/fitting,132,184,2009-06
2a1842f3ef3a665fac85672aeff02f55e6c576a0,2009-06-19 12:36:16,prod,src/java/org/apache/commons/math/optimization/fitting/HarmonicFunction.java,25,org/apache/commons/math/optimization/fitting,79,184,2009-06
2a1842f3ef3a665fac85672aeff02f55e6c576a0,2009-06-19 12:36:16,prod,src/java/org/apache/commons/math/optimization/fitting/ParametricRealFunction.java,25,org/apache/commons/math/optimization/fitting,50,184,2009-06
2a1842f3ef3a665fac85672aeff02f55e6c576a0,2009-06-19 12:36:16,prod,src/java/org/apache/commons/math/optimization/fitting/PolynomialFitter.java,25,org/apache/commons/math/optimization/fitting,103,184,2009-06
2a1842f3ef3a665fac85672aeff02f55e6c576a0,2009-06-19 12:36:16,prod,src/java/org/apache/commons/math/optimization/fitting/WeightedObservedPoint.java,25,org/apache/commons/math/optimization/fitting,75,184,2009-06
2a1842f3ef3a665fac85672aeff02f55e6c576a0,2009-06-19 12:36:16,test,src/test/org/apache/commons/math/optimization/fitting/HarmonicFitterTest.java,25,org/apache/commons/math/optimization/fitting,132,184,2009-06
2a1842f3ef3a665fac85672aeff02f55e6c576a0,2009-06-19 12:36:16,test,src/test/org/apache/commons/math/optimization/fitting/PolynomialFitterTest.java,25,org/apache/commons/math/optimization/fitting,134,184,2009-06
c5f6dff523bd104fa856eba59d417f1d39a93970,2009-06-20 13:42:56,test,src/test/org/apache/commons/math/analysis/interpolation/LoessInterpolatorTest.java,6,org/apache/commons/math/analysis/interpolation,272,185,2009-06
c5f6dff523bd104fa856eba59d417f1d39a93970,2009-06-20 13:42:56,prod,src/java/org/apache/commons/math/analysis/interpolation/LoessInterpolator.java,6,org/apache/commons/math/analysis/interpolation,384,185,2009-06
d8575cde512b07b039a14b15fb3a196dacaf9a99,2009-06-20 18:15:54,prod,src/java/org/apache/commons/math/ode/NordsieckTransformer.java,7,org/apache/commons/math/ode,326,186,2009-06
3cb90658a42ddf53d0c159e2c109dc9b0543a24d,2009-06-28 21:56:20,prod,src/java/org/apache/commons/math/ode/nonstiff/AdamsIntegrator.java,4,org/apache/commons/math/ode/nonstiff,132,187,2009-06
56b70eb1389d8752aaff92726550264c39a6fec7,2009-07-19 20:05:34,test,src/test/org/apache/commons/math/optimization/MultiStartDifferentiableMultivariateRealOptimizerTest.java,2,org/apache/commons/math/optimization,152,188,2009-07
56b70eb1389d8752aaff92726550264c39a6fec7,2009-07-19 20:05:34,test,src/test/org/apache/commons/math/optimization/MultiStartUnivariateRealOptimizerTest.java,2,org/apache/commons/math/optimization,52,188,2009-07
fbd46106cb7ec393b58e318efd255f9a2b89b621,2009-07-20 16:42:55,test,src/test/org/apache/commons/math/fraction/BigFractionFieldTest.java,2,org/apache/commons/math/fraction,44,189,2009-07
417766430eabfd2754a5f25115f481a3ecd71f04,2009-07-20 16:45:08,test,src/test/org/apache/commons/math/fraction/FractionFieldTest.java,2,org/apache/commons/math/fraction,44,190,2009-07
04749a6a8140f1acee2f6c8ddc662655764d7750,2009-07-20 16:48:30,test,src/test/org/apache/commons/math/complex/ComplexFieldTest.java,2,org/apache/commons/math/complex,44,191,2009-07
ac01fdfb7a126d09ac87b6c7253913febcc1a734,2009-07-20 16:51:09,test,src/test/org/apache/commons/math/util/BigRealFieldTest.java,2,org/apache/commons/math/util,44,192,2009-07
cb545b5bc03c482f083ddfeb0d36bdf3387e8971,2009-07-20 19:23:43,test,src/test/org/apache/commons/math/util/BigRealTest.java,2,org/apache/commons/math/util,128,193,2009-07
bf740630ae735351a73ff5fe62a93ef5c29c2a74,2009-07-20 20:13:24,test,src/test/org/apache/commons/math/stat/clustering/EuclideanIntegerPointTest.java,2,org/apache/commons/math/stat/clustering,64,194,2009-07
36e2a9ee5034fc4f1b8f8f27556230a5cc2055f5,2009-07-20 20:52:52,test,src/test/org/apache/commons/math/stat/descriptive/SynchronizedMultivariateSummaryStatisticsTest.java,2,org/apache/commons/math/stat/descriptive,40,195,2009-07
c705d93e2b276eaa2570e267ea6ad71b6c4878ea,2009-07-21 21:33:31,prod,src/java/org/apache/commons/math/random/BitsStreamGenerator.java,1,org/apache/commons/math/random,152,196,2009-07
f42fe54595930b859dfd1b917585fbac53ff25dc,2009-07-21 21:38:55,test,src/test/org/apache/commons/math/random/MersenneTwisterTest.java,7,org/apache/commons/math/random,402,197,2009-07
f42fe54595930b859dfd1b917585fbac53ff25dc,2009-07-21 21:38:55,prod,src/java/org/apache/commons/math/random/MersenneTwister.java,7,org/apache/commons/math/random,263,197,2009-07
3cabfc5846e44b87c35a5cf99e5f1e54d4861b7c,2009-10-04 21:57:30,prod,src/main/java/org/apache/commons/math/analysis/interpolation/MicrosphereInterpolatingFunction.java,9,org/apache/commons/math/analysis/interpolation,243,198,2009-10
3cabfc5846e44b87c35a5cf99e5f1e54d4861b7c,2009-10-04 21:57:30,prod,src/main/java/org/apache/commons/math/analysis/interpolation/MicrosphereInterpolator.java,9,org/apache/commons/math/analysis/interpolation,122,198,2009-10
3cabfc5846e44b87c35a5cf99e5f1e54d4861b7c,2009-10-04 21:57:30,prod,src/main/java/org/apache/commons/math/analysis/interpolation/MultivariateRealInterpolator.java,9,org/apache/commons/math/analysis/interpolation,46,198,2009-10
3cabfc5846e44b87c35a5cf99e5f1e54d4861b7c,2009-10-04 21:57:30,prod,src/main/java/org/apache/commons/math/random/UnitSphereRandomVectorGenerator.java,9,org/apache/commons/math/random,81,198,2009-10
3cabfc5846e44b87c35a5cf99e5f1e54d4861b7c,2009-10-04 21:57:30,test,src/test/java/org/apache/commons/math/analysis/interpolation/MicrosphereInterpolatorTest.java,9,org/apache/commons/math/analysis/interpolation,132,198,2009-10
19f633c6ae2b3cf342d37e1c95e975d0ad4c4cdd,2009-10-28 19:59:21,prod,src/main/java/org/apache/commons/math/distribution/SaddlePointExpansion.java,6,org/apache/commons/math/distribution,185,199,2009-10
f7c0b403d2585912e40b471cf83ac1d72cdd459b,2009-12-06 23:04:55,test,src/test/java/org/apache/commons/math/ode/events/EventStateTest.java,3,org/apache/commons/math/ode/events,71,200,2009-12
7fb69bcf381fa7ef324098ea9aa2ff2c475976ba,2009-12-09 22:49:24,prod,src/main/java/org/apache/commons/math/analysis/UnivariateRealFunctions.java,2,org/apache/commons/math/analysis,225,201,2009-12
9e9048ccb582546ba54a5e92c3ab97d508884858,2009-12-09 22:56:11,test,src/test/java/org/apache/commons/math/linear/AbstractRealVectorTest.java,8,org/apache/commons/math/linear,208,202,2009-12
9e9048ccb582546ba54a5e92c3ab97d508884858,2009-12-09 22:56:11,prod,src/main/java/org/apache/commons/math/linear/AbstractRealVector.java,8,org/apache/commons/math/linear,818,202,2009-12
6a5848130f54e022cd454bc0ba12156fc834928a,2009-12-12 23:15:32,prod,src/main/java/org/apache/commons/math/analysis/BinaryFunction.java,8,org/apache/commons/math/analysis,110,203,2009-12
6a5848130f54e022cd454bc0ba12156fc834928a,2009-12-12 23:15:32,prod,src/main/java/org/apache/commons/math/analysis/ComposableFunction.java,8,org/apache/commons/math/analysis,462,203,2009-12
6a5848130f54e022cd454bc0ba12156fc834928a,2009-12-12 23:15:32,test,src/test/java/org/apache/commons/math/analysis/BinaryFunctionTest.java,8,org/apache/commons/math/analysis,77,203,2009-12
6a5848130f54e022cd454bc0ba12156fc834928a,2009-12-12 23:15:32,test,src/test/java/org/apache/commons/math/analysis/ComposableFunctionTest.java,8,org/apache/commons/math/analysis,146,203,2009-12
6a5848130f54e022cd454bc0ba12156fc834928a,2009-12-12 23:15:32,prod,src/main/java/org/apache/commons/math/analysis/BivariateRealFunction.java,8,org/apache/commons/math/analysis,40,203,2009-12
a5e03a23897abe8bed9ec88b6e71cbbaa6c8a841,2009-12-27 17:33:37,test,src/test/java/org/apache/commons/math/optimization/fitting/CurveFitterTest.java,1,org/apache/commons/math/optimization/fitting,91,204,2009-12
6faddc04decf625fdf6c9bd459180aaf1a037bbc,2009-12-29 19:57:49,prod,src/main/java/org/apache/commons/math/stat/descriptive/WeightedEvaluation.java,6,org/apache/commons/math/stat/descriptive,49,205,2009-12
f822b3285aa05874e628afbc17e90b5baa10234c,2010-02-15 17:10:54,test,src/test/java/org/apache/commons/math/stat/descriptive/moment/SemiVarianceTest.java,5,org/apache/commons/math/stat/descriptive/moment,142,206,2010-02
f822b3285aa05874e628afbc17e90b5baa10234c,2010-02-15 17:10:54,prod,src/main/java/org/apache/commons/math/stat/descriptive/moment/SemiVariance.java,5,org/apache/commons/math/stat/descriptive/moment,377,206,2010-02
46abbb40e1a36bb8d3100fa4af0bf10b9bcdccaf,2010-03-01 17:07:47,prod,src/main/java/org/apache/commons/math/ode/EnhancedFirstOrderIntegrator.java,5,org/apache/commons/math/ode,325,207,2010-03
46abbb40e1a36bb8d3100fa4af0bf10b9bcdccaf,2010-03-01 17:07:47,prod,src/main/java/org/apache/commons/math/ode/ParameterizedFirstOrderDifferentialEquations.java,5,org/apache/commons/math/ode,45,207,2010-03
46abbb40e1a36bb8d3100fa4af0bf10b9bcdccaf,2010-03-01 17:07:47,prod,src/main/java/org/apache/commons/math/ode/ParameterizedFirstOrderDifferentialEquationsWithPartials.java,5,org/apache/commons/math/ode,45,207,2010-03
46abbb40e1a36bb8d3100fa4af0bf10b9bcdccaf,2010-03-01 17:07:47,test,src/test/java/org/apache/commons/math/ode/EnhancedFirstOrderIntegratorTest.java,5,org/apache/commons/math/ode,179,207,2010-03
5256967cf74c142d9630a33d6a735c3c2e931443,2010-03-03 21:28:16,prod,src/main/java/org/apache/commons/math/ode/jacobians/StepHandlerWithJacobians.java,6,org/apache/commons/math/ode/jacobians,77,208,2010-03
5256967cf74c142d9630a33d6a735c3c2e931443,2010-03-03 21:28:16,prod,src/main/java/org/apache/commons/math/ode/jacobians/StepInterpolatorWithJacobians.java,6,org/apache/commons/math/ode/jacobians,186,208,2010-03
f5f8956448ee8beedbd2189f1a5cf350b6e7754e,2010-03-06 20:38:55,prod,src/main/java/org/apache/commons/math/ode/jacobians/EventHandlerWithJacobians.java,3,org/apache/commons/math/ode/jacobians,203,209,2010-03
20c09eb0baf0e2313e2581c9f3e264cbb2a67399,2010-03-24 11:14:07,test,src/test/java/org/apache/commons/math/analysis/interpolation/SmoothingBicubicSplineInterpolatorTest.java,11,org/apache/commons/math/analysis/interpolation,176,210,2010-03
20c09eb0baf0e2313e2581c9f3e264cbb2a67399,2010-03-24 11:14:07,test,src/test/java/org/apache/commons/math/analysis/interpolation/BicubicSplineInterpolatingFunctionTest.java,11,org/apache/commons/math/analysis/interpolation,259,210,2010-03
20c09eb0baf0e2313e2581c9f3e264cbb2a67399,2010-03-24 11:14:07,prod,src/main/java/org/apache/commons/math/analysis/interpolation/BivariateRealGridInterpolator.java,11,org/apache/commons/math/analysis/interpolation,45,210,2010-03
20c09eb0baf0e2313e2581c9f3e264cbb2a67399,2010-03-24 11:14:07,prod,src/main/java/org/apache/commons/math/analysis/interpolation/BicubicSplineInterpolatingFunction.java,11,org/apache/commons/math/analysis/interpolation,286,210,2010-03
20c09eb0baf0e2313e2581c9f3e264cbb2a67399,2010-03-24 11:14:07,prod,src/main/java/org/apache/commons/math/analysis/interpolation/SmoothingBicubicSplineInterpolator.java,11,org/apache/commons/math/analysis/interpolation,170,210,2010-03
173f7da3ed821c371e4369a89a53c21d529446db,2010-04-21 13:27:44,prod,src/main/java/org/apache/commons/math/analysis/interpolation/BicubicSplineInterpolator.java,11,org/apache/commons/math/analysis/interpolation,145,211,2010-04
173f7da3ed821c371e4369a89a53c21d529446db,2010-04-21 13:27:44,prod,src/main/java/org/apache/commons/math/analysis/interpolation/SmoothingPolynomialBicubicSplineInterpolator.java,11,org/apache/commons/math/analysis/interpolation,140,211,2010-04
173f7da3ed821c371e4369a89a53c21d529446db,2010-04-21 13:27:44,test,src/test/java/org/apache/commons/math/analysis/interpolation/BicubicSplineInterpolatorTest.java,11,org/apache/commons/math/analysis/interpolation,170,211,2010-04
173f7da3ed821c371e4369a89a53c21d529446db,2010-04-21 13:27:44,test,src/test/java/org/apache/commons/math/analysis/interpolation/SmoothingPolynomialBicubicSplineInterpolatorTest.java,11,org/apache/commons/math/analysis/interpolation,179,211,2010-04
dafd0976adba45e9dde48dab40be08e7d52dfb72,2010-04-22 22:09:21,test,src/test/java/org/apache/commons/math/analysis/interpolation/TricubicSplineInterpolatingFunctionTest.java,11,org/apache/commons/math/analysis/interpolation,544,212,2010-04
dafd0976adba45e9dde48dab40be08e7d52dfb72,2010-04-22 22:09:21,test,src/test/java/org/apache/commons/math/analysis/interpolation/TricubicSplineInterpolatorTest.java,11,org/apache/commons/math/analysis/interpolation,211,212,2010-04
dafd0976adba45e9dde48dab40be08e7d52dfb72,2010-04-22 22:09:21,prod,src/main/java/org/apache/commons/math/analysis/interpolation/TrivariateRealGridInterpolator.java,11,org/apache/commons/math/analysis/interpolation,46,212,2010-04
dafd0976adba45e9dde48dab40be08e7d52dfb72,2010-04-22 22:09:21,prod,src/main/java/org/apache/commons/math/analysis/interpolation/TricubicSplineInterpolatingFunction.java,11,org/apache/commons/math/analysis/interpolation,487,212,2010-04
dafd0976adba45e9dde48dab40be08e7d52dfb72,2010-04-22 22:09:21,prod,src/main/java/org/apache/commons/math/analysis/TrivariateRealFunction.java,11,org/apache/commons/math/analysis,40,212,2010-04
dafd0976adba45e9dde48dab40be08e7d52dfb72,2010-04-22 22:09:21,prod,src/main/java/org/apache/commons/math/analysis/interpolation/TricubicSplineInterpolator.java,11,org/apache/commons/math/analysis/interpolation,200,212,2010-04
434de1dd39f9ff05cb0770fdf4b2fa5d81674597,2010-06-22 15:05:51,prod,src/main/java/org/apache/commons/math/analysis/interpolation/LinearInterpolator.java,4,org/apache/commons/math/analysis/interpolation,73,213,2010-06
434de1dd39f9ff05cb0770fdf4b2fa5d81674597,2010-06-22 15:05:51,test,src/test/java/org/apache/commons/math/analysis/interpolation/LinearInterpolatorTest.java,4,org/apache/commons/math/analysis/interpolation,136,213,2010-06
66df76d89ae9a7d5059d7a06ebbdfa199134ab46,2010-06-24 12:09:14,prod,src/main/java/org/apache/commons/math/exception/DimensionMismatchException.java,5,org/apache/commons/math/exception,60,214,2010-06
66df76d89ae9a7d5059d7a06ebbdfa199134ab46,2010-06-24 12:09:14,prod,src/main/java/org/apache/commons/math/exception/MathIllegalArgumentException.java,5,org/apache/commons/math/exception,63,214,2010-06
66df76d89ae9a7d5059d7a06ebbdfa199134ab46,2010-06-24 12:09:14,prod,src/main/java/org/apache/commons/math/exception/MessageFactory.java,5,org/apache/commons/math/exception,49,214,2010-06
66df76d89ae9a7d5059d7a06ebbdfa199134ab46,2010-06-24 12:09:14,prod,src/main/java/org/apache/commons/math/exception/OutOfRangeException.java,5,org/apache/commons/math/exception,70,214,2010-06
4102ba5dfb2bd58d49c4a60687c65bd2919af597,2010-06-25 13:00:41,prod,src/main/java/org/apache/commons/math/exception/MathIllegalNumberException.java,9,org/apache/commons/math/exception,54,215,2010-06
4102ba5dfb2bd58d49c4a60687c65bd2919af597,2010-06-25 13:00:41,prod,src/main/java/org/apache/commons/math/exception/NotPositiveException.java,9,org/apache/commons/math/exception,36,215,2010-06
4102ba5dfb2bd58d49c4a60687c65bd2919af597,2010-06-25 13:00:41,prod,src/main/java/org/apache/commons/math/exception/NotStrictlyPositiveException.java,9,org/apache/commons/math/exception,36,215,2010-06
f6fd0430728b75fce8afc3d369c49a57ac84015a,2010-06-28 12:01:35,test,src/test/java/org/apache/commons/math/exception/OutOfRangeExceptionTest.java,5,org/apache/commons/math/exception,35,216,2010-06
f6fd0430728b75fce8afc3d369c49a57ac84015a,2010-06-28 12:01:35,test,src/test/java/org/apache/commons/math/exception/NotStrictlyPositiveExceptionTest.java,5,org/apache/commons/math/exception,33,216,2010-06
f6fd0430728b75fce8afc3d369c49a57ac84015a,2010-06-28 12:01:35,test,src/test/java/org/apache/commons/math/exception/DimensionMismatchExceptionTest.java,5,org/apache/commons/math/exception,34,216,2010-06
f6fd0430728b75fce8afc3d369c49a57ac84015a,2010-06-28 12:01:35,test,src/test/java/org/apache/commons/math/exception/NotPositiveExceptionTest.java,5,org/apache/commons/math/exception,33,216,2010-06
10299cdde5a2a8feffa48139658b7028c0c953af,2010-06-28 12:09:02,prod,src/main/java/org/apache/commons/math/util/MultidimensionalCounter.java,4,org/apache/commons/math/util,299,217,2010-06
10299cdde5a2a8feffa48139658b7028c0c953af,2010-06-28 12:09:02,test,src/test/java/org/apache/commons/math/util/MultidimensionalCounterTest.java,4,org/apache/commons/math/util,169,217,2010-06
cab4f493398c1991218099c6cfa2c0cbf096b79a,2010-07-01 12:30:43,prod,src/main/java/org/apache/commons/math/exception/NoDataException.java,18,org/apache/commons/math/exception,34,218,2010-07
cab4f493398c1991218099c6cfa2c0cbf096b79a,2010-07-01 12:30:43,prod,src/main/java/org/apache/commons/math/exception/NonMonotonousSequenceException.java,18,org/apache/commons/math/exception,119,218,2010-07
cab4f493398c1991218099c6cfa2c0cbf096b79a,2010-07-01 12:30:43,test,src/test/java/org/apache/commons/math/exception/NonMonotonousSequenceExceptionTest.java,18,org/apache/commons/math/exception,47,218,2010-07
45f683a43652287dfd84c93abc0f482bf93ceefb,2010-07-05 14:10:10,test,src/test/java/org/apache/commons/math/exception/NumberIsTooLargeExceptionTest.java,19,org/apache/commons/math/exception,35,219,2010-07
45f683a43652287dfd84c93abc0f482bf93ceefb,2010-07-05 14:10:10,prod,src/main/java/org/apache/commons/math/exception/NumberIsTooLargeException.java,19,org/apache/commons/math/exception,68,219,2010-07
45f683a43652287dfd84c93abc0f482bf93ceefb,2010-07-05 14:10:10,prod,src/main/java/org/apache/commons/math/exception/NumberIsTooSmallException.java,19,org/apache/commons/math/exception,68,219,2010-07
45f683a43652287dfd84c93abc0f482bf93ceefb,2010-07-05 14:10:10,test,src/test/java/org/apache/commons/math/exception/NumberIsTooSmallExceptionTest.java,19,org/apache/commons/math/exception,35,219,2010-07
92f005ad13c989d70da393072c4f3d66798e4a1b,2010-07-23 08:59:37,prod,src/main/java/org/apache/commons/math/ode/ExtendedFirstOrderDifferentialEquations.java,15,org/apache/commons/math/ode,66,220,2010-07
1a637a4458443361f50b77b085bda23162ddf818,2010-07-23 22:35:09,prod,src/main/java/org/apache/commons/math/optimization/BaseMultivariateRealOptimizer.java,8,org/apache/commons/math/optimization,115,221,2010-07
1a637a4458443361f50b77b085bda23162ddf818,2010-07-23 22:35:09,prod,src/main/java/org/apache/commons/math/optimization/general/AbstractScalarOptimizer.java,8,org/apache/commons/math/optimization/general,60,221,2010-07
1a637a4458443361f50b77b085bda23162ddf818,2010-07-23 22:35:09,prod,src/main/java/org/apache/commons/math/optimization/general/BaseAbstractScalarOptimizer.java,8,org/apache/commons/math/optimization/general,204,221,2010-07
c917b3b3fa7b0b3e3288f6529835028f82c6f88a,2010-07-26 21:47:32,prod,src/main/java/org/apache/commons/math/optimization/general/PowellOptimizer.java,7,org/apache/commons/math/optimization/general,250,222,2010-07
c917b3b3fa7b0b3e3288f6529835028f82c6f88a,2010-07-26 21:47:32,prod,src/main/java/org/apache/commons/math/optimization/univariate/BracketFinder.java,7,org/apache/commons/math/optimization/univariate,261,222,2010-07
c917b3b3fa7b0b3e3288f6529835028f82c6f88a,2010-07-26 21:47:32,test,src/test/java/org/apache/commons/math/optimization/general/PowellOptimizerTest.java,7,org/apache/commons/math/optimization/general,153,222,2010-07
c917b3b3fa7b0b3e3288f6529835028f82c6f88a,2010-07-26 21:47:32,test,src/test/java/org/apache/commons/math/optimization/univariate/BracketFinderTest.java,7,org/apache/commons/math/optimization/univariate,73,222,2010-07
d9e60241d2986d3e7535c4c6a4fae843e32dff02,2010-07-30 20:16:18,test,src/test/java/org/apache/commons/math/optimization/fitting/ParametricGaussianFunctionTest.java,13,org/apache/commons/math/optimization/fitting,158,223,2010-07
d9e60241d2986d3e7535c4c6a4fae843e32dff02,2010-07-30 20:16:18,test,src/test/java/org/apache/commons/math/optimization/fitting/GaussianFitterTest.java,13,org/apache/commons/math/optimization/fitting,321,223,2010-07
d9e60241d2986d3e7535c4c6a4fae843e32dff02,2010-07-30 20:16:18,prod,src/main/java/org/apache/commons/math/optimization/fitting/GaussianParametersGuesser.java,13,org/apache/commons/math/optimization/fitting,271,223,2010-07
d9e60241d2986d3e7535c4c6a4fae843e32dff02,2010-07-30 20:16:18,prod,src/main/java/org/apache/commons/math/optimization/fitting/ParametricGaussianFunction.java,13,org/apache/commons/math/optimization/fitting,166,223,2010-07
d9e60241d2986d3e7535c4c6a4fae843e32dff02,2010-07-30 20:16:18,prod,src/main/java/org/apache/commons/math/optimization/fitting/GaussianFitter.java,13,org/apache/commons/math/optimization/fitting,121,223,2010-07
d9e60241d2986d3e7535c4c6a4fae843e32dff02,2010-07-30 20:16:18,prod,src/main/java/org/apache/commons/math/optimization/fitting/GaussianDerivativeFunction.java,13,org/apache/commons/math/optimization/fitting,105,223,2010-07
d9e60241d2986d3e7535c4c6a4fae843e32dff02,2010-07-30 20:16:18,prod,src/main/java/org/apache/commons/math/exception/ZeroNotAllowedException.java,13,org/apache/commons/math/exception,49,223,2010-07
d9e60241d2986d3e7535c4c6a4fae843e32dff02,2010-07-30 20:16:18,prod,src/main/java/org/apache/commons/math/optimization/fitting/GaussianFunction.java,13,org/apache/commons/math/optimization/fitting,160,223,2010-07
173735d2df7894572018c15e45a0839059f5fa4c,2010-08-05 09:51:48,prod,src/main/java/org/apache/commons/math/exception/MathUnsupportedOperationException.java,11,org/apache/commons/math/exception,90,224,2010-08
173735d2df7894572018c15e45a0839059f5fa4c,2010-08-05 09:51:48,prod,src/main/java/org/apache/commons/math/exception/util/ArgUtils.java,11,org/apache/commons/math/exception/util,45,224,2010-08
173735d2df7894572018c15e45a0839059f5fa4c,2010-08-05 09:51:48,test,src/test/java/org/apache/commons/math/exception/util/ArgUtilsTest.java,11,org/apache/commons/math/exception/util,76,224,2010-08
c15e80eba987c7f43462c8fdd38ac0b86f71a3f1,2010-08-06 13:29:01,prod,src/main/java/org/apache/commons/math/exception/NullArgumentException.java,29,org/apache/commons/math/exception,47,225,2010-08
79c6cb129d6429f2714dab46c86bd92c8db5f5e9,2010-08-30 00:50:49,prod,src/main/java/org/apache/commons/math/exception/ConvergenceException.java,9,org/apache/commons/math/exception,61,226,2010-08
79c6cb129d6429f2714dab46c86bd92c8db5f5e9,2010-08-30 00:50:49,prod,src/main/java/org/apache/commons/math/exception/MathIllegalStateException.java,9,org/apache/commons/math/exception,94,226,2010-08
79c6cb129d6429f2714dab46c86bd92c8db5f5e9,2010-08-30 00:50:49,prod,src/main/java/org/apache/commons/math/exception/MaxCountExceededException.java,9,org/apache/commons/math/exception,66,226,2010-08
79c6cb129d6429f2714dab46c86bd92c8db5f5e9,2010-08-30 00:50:49,prod,src/main/java/org/apache/commons/math/exception/TooManyEvaluationsException.java,9,org/apache/commons/math/exception,39,226,2010-08
320194b3cbfac9bcebe854c7775191e8f32e922c,2010-08-30 09:38:39,test,src/test/java/org/apache/commons/math/util/IncrementorTest.java,2,org/apache/commons/math/util,80,227,2010-08
320194b3cbfac9bcebe854c7775191e8f32e922c,2010-08-30 09:38:39,prod,src/main/java/org/apache/commons/math/util/Incrementor.java,2,org/apache/commons/math/util,95,227,2010-08
05aebba620856c6efe6783f4eaae551d794d4dc3,2010-09-05 19:28:12,test,src/test/java/org/apache/commons/math/util/FastMathTest.java,1,org/apache/commons/math/util,915,228,2010-09
e22b8c8a2b2d3eb9bb7bd6e254dc6cf273218c25,2010-09-05 19:28:58,test,src/test/java/org/apache/commons/math/util/FastMathTest.java,1,org/apache/commons/math/util,915,229,2010-09
4a18419864c4fc3e8c86b2953f4c005330175328,2010-09-19 22:33:45,prod,src/main/java/org/apache/commons/math/random/AbstractWell.java,15,org/apache/commons/math/random,334,230,2010-09
4a18419864c4fc3e8c86b2953f4c005330175328,2010-09-19 22:33:45,prod,src/main/java/org/apache/commons/math/random/Well1024a.java,15,org/apache/commons/math/random,121,230,2010-09
4a18419864c4fc3e8c86b2953f4c005330175328,2010-09-19 22:33:45,prod,src/main/java/org/apache/commons/math/random/Well19937a.java,15,org/apache/commons/math/random,121,230,2010-09
4a18419864c4fc3e8c86b2953f4c005330175328,2010-09-19 22:33:45,prod,src/main/java/org/apache/commons/math/random/Well19937c.java,15,org/apache/commons/math/random,84,230,2010-09
4a18419864c4fc3e8c86b2953f4c005330175328,2010-09-19 22:33:45,prod,src/main/java/org/apache/commons/math/random/Well44497a.java,15,org/apache/commons/math/random,124,230,2010-09
4a18419864c4fc3e8c86b2953f4c005330175328,2010-09-19 22:33:45,prod,src/main/java/org/apache/commons/math/random/Well44497b.java,15,org/apache/commons/math/random,84,230,2010-09
4a18419864c4fc3e8c86b2953f4c005330175328,2010-09-19 22:33:45,prod,src/main/java/org/apache/commons/math/random/Well512a.java,15,org/apache/commons/math/random,124,230,2010-09
4a18419864c4fc3e8c86b2953f4c005330175328,2010-09-19 22:33:45,test,src/test/java/org/apache/commons/math/random/Well1024aTest.java,15,org/apache/commons/math/random,200,230,2010-09
4a18419864c4fc3e8c86b2953f4c005330175328,2010-09-19 22:33:45,test,src/test/java/org/apache/commons/math/random/Well19937aTest.java,15,org/apache/commons/math/random,110,230,2010-09
4a18419864c4fc3e8c86b2953f4c005330175328,2010-09-19 22:33:45,test,src/test/java/org/apache/commons/math/random/Well19937cTest.java,15,org/apache/commons/math/random,110,230,2010-09
4a18419864c4fc3e8c86b2953f4c005330175328,2010-09-19 22:33:45,test,src/test/java/org/apache/commons/math/random/Well44497aTest.java,15,org/apache/commons/math/random,110,230,2010-09
4a18419864c4fc3e8c86b2953f4c005330175328,2010-09-19 22:33:45,test,src/test/java/org/apache/commons/math/random/Well44497bTest.java,15,org/apache/commons/math/random,110,230,2010-09
4a18419864c4fc3e8c86b2953f4c005330175328,2010-09-19 22:33:45,test,src/test/java/org/apache/commons/math/random/Well512aTest.java,15,org/apache/commons/math/random,71,230,2010-09
dbb5bb4968a54099f6d15d0186503a93412e5feb,2010-09-19 22:34:26,prod,src/main/java/org/apache/commons/math/random/AbstractWell.java,15,org/apache/commons/math/random,334,231,2010-09
dbb5bb4968a54099f6d15d0186503a93412e5feb,2010-09-19 22:34:26,prod,src/main/java/org/apache/commons/math/random/Well1024a.java,15,org/apache/commons/math/random,121,231,2010-09
dbb5bb4968a54099f6d15d0186503a93412e5feb,2010-09-19 22:34:26,prod,src/main/java/org/apache/commons/math/random/Well19937a.java,15,org/apache/commons/math/random,121,231,2010-09
dbb5bb4968a54099f6d15d0186503a93412e5feb,2010-09-19 22:34:26,prod,src/main/java/org/apache/commons/math/random/Well19937c.java,15,org/apache/commons/math/random,84,231,2010-09
dbb5bb4968a54099f6d15d0186503a93412e5feb,2010-09-19 22:34:26,prod,src/main/java/org/apache/commons/math/random/Well44497a.java,15,org/apache/commons/math/random,124,231,2010-09
dbb5bb4968a54099f6d15d0186503a93412e5feb,2010-09-19 22:34:26,prod,src/main/java/org/apache/commons/math/random/Well44497b.java,15,org/apache/commons/math/random,84,231,2010-09
dbb5bb4968a54099f6d15d0186503a93412e5feb,2010-09-19 22:34:26,prod,src/main/java/org/apache/commons/math/random/Well512a.java,15,org/apache/commons/math/random,124,231,2010-09
dbb5bb4968a54099f6d15d0186503a93412e5feb,2010-09-19 22:34:26,test,src/test/java/org/apache/commons/math/random/Well1024aTest.java,15,org/apache/commons/math/random,200,231,2010-09
dbb5bb4968a54099f6d15d0186503a93412e5feb,2010-09-19 22:34:26,test,src/test/java/org/apache/commons/math/random/Well19937aTest.java,15,org/apache/commons/math/random,110,231,2010-09
dbb5bb4968a54099f6d15d0186503a93412e5feb,2010-09-19 22:34:26,test,src/test/java/org/apache/commons/math/random/Well19937cTest.java,15,org/apache/commons/math/random,110,231,2010-09
dbb5bb4968a54099f6d15d0186503a93412e5feb,2010-09-19 22:34:26,test,src/test/java/org/apache/commons/math/random/Well44497aTest.java,15,org/apache/commons/math/random,110,231,2010-09
dbb5bb4968a54099f6d15d0186503a93412e5feb,2010-09-19 22:34:26,test,src/test/java/org/apache/commons/math/random/Well44497bTest.java,15,org/apache/commons/math/random,110,231,2010-09
dbb5bb4968a54099f6d15d0186503a93412e5feb,2010-09-19 22:34:26,test,src/test/java/org/apache/commons/math/random/Well512aTest.java,15,org/apache/commons/math/random,71,231,2010-09
2c508b8458fe1f8c3506032b4b0a4b6d6230a635,2010-09-24 23:12:34,prod,src/main/java/org/apache/commons/math/exception/MatrixDimensionMismatchException.java,20,org/apache/commons/math/exception,73,232,2010-09
2c508b8458fe1f8c3506032b4b0a4b6d6230a635,2010-09-24 23:12:34,test,src/test/java/org/apache/commons/math/exception/MatrixDimensionMismatchExceptionTest.java,20,org/apache/commons/math/exception,37,232,2010-09
2c508b8458fe1f8c3506032b4b0a4b6d6230a635,2010-09-24 23:12:34,prod,src/main/java/org/apache/commons/math/exception/MultiDimensionMismatchException.java,20,org/apache/commons/math/exception,76,232,2010-09
ac7334d69b7662aa4780053ffb39a553813ac8cd,2010-10-23 19:30:48,prod,src/main/java/org/apache/commons/math/exception/MathIllegalStateException.java,7,org/apache/commons/math/exception,94,233,2010-10
ac7334d69b7662aa4780053ffb39a553813ac8cd,2010-10-23 19:30:48,prod,src/main/java/org/apache/commons/math/exception/ConvergenceException.java,7,org/apache/commons/math/exception,61,233,2010-10
0d6a91f69853e57e7811438dde18270eaf161000,2010-10-25 09:42:33,prod,src/main/java/org/apache/commons/math/optimization/direct/AbstractSimplex.java,12,org/apache/commons/math/optimization/direct,340,234,2010-10
0d6a91f69853e57e7811438dde18270eaf161000,2010-10-25 09:42:33,test,src/test/java/org/apache/commons/math/optimization/direct/SimplexOptimizerNelderMeadTest.java,12,org/apache/commons/math/optimization/direct,262,234,2010-10
0d6a91f69853e57e7811438dde18270eaf161000,2010-10-25 09:42:33,test,src/test/java/org/apache/commons/math/optimization/direct/SimplexOptimizerMultiDirectionalTest.java,12,org/apache/commons/math/optimization/direct,189,234,2010-10
0d6a91f69853e57e7811438dde18270eaf161000,2010-10-25 09:42:33,prod,src/main/java/org/apache/commons/math/optimization/direct/SimplexOptimizer.java,12,org/apache/commons/math/optimization/direct,161,234,2010-10
0d6a91f69853e57e7811438dde18270eaf161000,2010-10-25 09:42:33,prod,src/main/java/org/apache/commons/math/optimization/direct/NelderMeadSimplex.java,12,org/apache/commons/math/optimization/direct,253,234,2010-10
0d6a91f69853e57e7811438dde18270eaf161000,2010-10-25 09:42:33,prod,src/main/java/org/apache/commons/math/optimization/direct/MultiDirectionalSimplex.java,12,org/apache/commons/math/optimization/direct,195,234,2010-10
826fc64e968e5fd84dae5757537ab8ed815e2126,2010-10-27 13:16:57,prod,src/main/java/org/apache/commons/math/exception/MathArithmeticException.java,31,org/apache/commons/math/exception,91,235,2010-10
5b5e256d978715cebc8e7bc6bc9a5936558e19d0,2010-11-05 14:13:41,test,src/test/java/org/apache/commons/math/util/PairTest.java,3,org/apache/commons/math/util,54,236,2010-11
5b5e256d978715cebc8e7bc6bc9a5936558e19d0,2010-11-05 14:13:41,prod,src/main/java/org/apache/commons/math/util/Pair.java,3,org/apache/commons/math/util,125,236,2010-11
15442cf7dad1a19e517efd3ca566c3a1977ffd8e,2010-11-12 16:36:57,prod,src/main/java/org/apache/commons/math/exception/MathUserException.java,5,org/apache/commons/math/exception,56,237,2010-11
3317eb676cf432557bc7a4f33eb6a82eb8394c40,2010-11-12 17:36:10,prod,src/main/java/org/apache/commons/math/exception/MathUserException.java,1,org/apache/commons/math/exception,56,238,2010-11
183ad3388d0d80bb144ce6cab79e0080d785eee6,2010-11-14 15:06:11,test,src/test/java/org/apache/commons/math/exception/util/MessageFactoryTest.java,2,org/apache/commons/math/exception/util,35,239,2010-11
85fec9ef028706761aca2f0b0f6ad129c8fc5125,2010-11-14 15:06:35,test,src/test/java/org/apache/commons/math/exception/util/MessageFactoryTest.java,2,org/apache/commons/math/exception/util,35,240,2010-11
9ff1c115ae5e2d75a9c48d6d39596afd40c54168,2010-11-15 22:39:25,prod,src/main/java/org/apache/commons/math/exception/MathThrowable.java,12,org/apache/commons/math/exception,62,241,2010-11
f2d9bc8f934db67a41cbce8c1c375270d43109ba,2010-11-15 22:39:56,prod,src/main/java/org/apache/commons/math/exception/MathThrowable.java,12,org/apache/commons/math/exception,62,242,2010-11
b1676aecb4e9980d35797c5ef18f7b0582ae25fb,2010-11-22 21:29:49,prod,src/main/java/org/apache/commons/math/analysis/function/Inverse.java,39,org/apache/commons/math/analysis/function,33,243,2010-11
b1676aecb4e9980d35797c5ef18f7b0582ae25fb,2010-11-22 21:29:49,prod,src/main/java/org/apache/commons/math/analysis/function/Divide.java,39,org/apache/commons/math/analysis/function,33,243,2010-11
b1676aecb4e9980d35797c5ef18f7b0582ae25fb,2010-11-22 21:29:49,prod,src/main/java/org/apache/commons/math/analysis/function/Cosh.java,39,org/apache/commons/math/analysis/function,34,243,2010-11
b1676aecb4e9980d35797c5ef18f7b0582ae25fb,2010-11-22 21:29:49,prod,src/main/java/org/apache/commons/math/analysis/function/Cos.java,39,org/apache/commons/math/analysis/function,34,243,2010-11
b1676aecb4e9980d35797c5ef18f7b0582ae25fb,2010-11-22 21:29:49,prod,src/main/java/org/apache/commons/math/analysis/function/Constant.java,39,org/apache/commons/math/analysis/function,43,243,2010-11
b1676aecb4e9980d35797c5ef18f7b0582ae25fb,2010-11-22 21:29:49,prod,src/main/java/org/apache/commons/math/analysis/function/Cbrt.java,39,org/apache/commons/math/analysis/function,34,243,2010-11
b1676aecb4e9980d35797c5ef18f7b0582ae25fb,2010-11-22 21:29:49,prod,src/main/java/org/apache/commons/math/analysis/function/Atanh.java,39,org/apache/commons/math/analysis/function,34,243,2010-11
b1676aecb4e9980d35797c5ef18f7b0582ae25fb,2010-11-22 21:29:49,prod,src/main/java/org/apache/commons/math/analysis/function/Atan2.java,39,org/apache/commons/math/analysis/function,34,243,2010-11
b1676aecb4e9980d35797c5ef18f7b0582ae25fb,2010-11-22 21:29:49,prod,src/main/java/org/apache/commons/math/analysis/function/Atan.java,39,org/apache/commons/math/analysis/function,34,243,2010-11
b1676aecb4e9980d35797c5ef18f7b0582ae25fb,2010-11-22 21:29:49,prod,src/main/java/org/apache/commons/math/analysis/function/Asinh.java,39,org/apache/commons/math/analysis/function,34,243,2010-11
b1676aecb4e9980d35797c5ef18f7b0582ae25fb,2010-11-22 21:29:49,prod,src/main/java/org/apache/commons/math/analysis/function/Asin.java,39,org/apache/commons/math/analysis/function,34,243,2010-11
b1676aecb4e9980d35797c5ef18f7b0582ae25fb,2010-11-22 21:29:49,prod,src/main/java/org/apache/commons/math/analysis/function/Add.java,39,org/apache/commons/math/analysis/function,33,243,2010-11
b1676aecb4e9980d35797c5ef18f7b0582ae25fb,2010-11-22 21:29:49,prod,src/main/java/org/apache/commons/math/analysis/function/Acosh.java,39,org/apache/commons/math/analysis/function,34,243,2010-11
b1676aecb4e9980d35797c5ef18f7b0582ae25fb,2010-11-22 21:29:49,prod,src/main/java/org/apache/commons/math/analysis/function/Acos.java,39,org/apache/commons/math/analysis/function,34,243,2010-11
b1676aecb4e9980d35797c5ef18f7b0582ae25fb,2010-11-22 21:29:49,prod,src/main/java/org/apache/commons/math/analysis/function/Abs.java,39,org/apache/commons/math/analysis/function,34,243,2010-11
b1676aecb4e9980d35797c5ef18f7b0582ae25fb,2010-11-22 21:29:49,prod,src/main/java/org/apache/commons/math/analysis/FunctionUtils.java,39,org/apache/commons/math/analysis,170,243,2010-11
b1676aecb4e9980d35797c5ef18f7b0582ae25fb,2010-11-22 21:29:49,prod,src/main/java/org/apache/commons/math/analysis/function/Exp.java,39,org/apache/commons/math/analysis/function,34,243,2010-11
b1676aecb4e9980d35797c5ef18f7b0582ae25fb,2010-11-22 21:29:49,prod,src/main/java/org/apache/commons/math/analysis/function/Identity.java,39,org/apache/commons/math/analysis/function,33,243,2010-11
b1676aecb4e9980d35797c5ef18f7b0582ae25fb,2010-11-22 21:29:49,prod,src/main/java/org/apache/commons/math/analysis/function/Sinc.java,39,org/apache/commons/math/analysis/function,34,243,2010-11
b1676aecb4e9980d35797c5ef18f7b0582ae25fb,2010-11-22 21:29:49,prod,src/main/java/org/apache/commons/math/analysis/function/Tan.java,39,org/apache/commons/math/analysis/function,34,243,2010-11
b1676aecb4e9980d35797c5ef18f7b0582ae25fb,2010-11-22 21:29:49,test,src/test/java/org/apache/commons/math/analysis/FunctionUtilsTest.java,39,org/apache/commons/math/analysis,148,243,2010-11
b1676aecb4e9980d35797c5ef18f7b0582ae25fb,2010-11-22 21:29:49,prod,src/main/java/org/apache/commons/math/analysis/function/Sqrt.java,39,org/apache/commons/math/analysis/function,34,243,2010-11
b1676aecb4e9980d35797c5ef18f7b0582ae25fb,2010-11-22 21:29:49,prod,src/main/java/org/apache/commons/math/analysis/function/Sinh.java,39,org/apache/commons/math/analysis/function,34,243,2010-11
b1676aecb4e9980d35797c5ef18f7b0582ae25fb,2010-11-22 21:29:49,prod,src/main/java/org/apache/commons/math/analysis/function/Expm1.java,39,org/apache/commons/math/analysis/function,34,243,2010-11
b1676aecb4e9980d35797c5ef18f7b0582ae25fb,2010-11-22 21:29:49,prod,src/main/java/org/apache/commons/math/analysis/function/Sin.java,39,org/apache/commons/math/analysis/function,34,243,2010-11
b1676aecb4e9980d35797c5ef18f7b0582ae25fb,2010-11-22 21:29:49,prod,src/main/java/org/apache/commons/math/analysis/function/Power.java,39,org/apache/commons/math/analysis/function,44,243,2010-11
b1676aecb4e9980d35797c5ef18f7b0582ae25fb,2010-11-22 21:29:49,prod,src/main/java/org/apache/commons/math/analysis/function/Tanh.java,39,org/apache/commons/math/analysis/function,34,243,2010-11
b1676aecb4e9980d35797c5ef18f7b0582ae25fb,2010-11-22 21:29:49,prod,src/main/java/org/apache/commons/math/analysis/function/Pow.java,39,org/apache/commons/math/analysis/function,34,243,2010-11
b1676aecb4e9980d35797c5ef18f7b0582ae25fb,2010-11-22 21:29:49,prod,src/main/java/org/apache/commons/math/analysis/function/Minus.java,39,org/apache/commons/math/analysis/function,33,243,2010-11
b1676aecb4e9980d35797c5ef18f7b0582ae25fb,2010-11-22 21:29:49,prod,src/main/java/org/apache/commons/math/analysis/function/Min.java,39,org/apache/commons/math/analysis/function,34,243,2010-11
b1676aecb4e9980d35797c5ef18f7b0582ae25fb,2010-11-22 21:29:49,prod,src/main/java/org/apache/commons/math/analysis/function/Max.java,39,org/apache/commons/math/analysis/function,34,243,2010-11
b1676aecb4e9980d35797c5ef18f7b0582ae25fb,2010-11-22 21:29:49,prod,src/main/java/org/apache/commons/math/analysis/function/Log1p.java,39,org/apache/commons/math/analysis/function,34,243,2010-11
b1676aecb4e9980d35797c5ef18f7b0582ae25fb,2010-11-22 21:29:49,prod,src/main/java/org/apache/commons/math/analysis/function/Log10.java,39,org/apache/commons/math/analysis/function,34,243,2010-11
b1676aecb4e9980d35797c5ef18f7b0582ae25fb,2010-11-22 21:29:49,prod,src/main/java/org/apache/commons/math/analysis/function/Log.java,39,org/apache/commons/math/analysis/function,34,243,2010-11
b1676aecb4e9980d35797c5ef18f7b0582ae25fb,2010-11-22 21:29:49,prod,src/main/java/org/apache/commons/math/analysis/function/Multiply.java,39,org/apache/commons/math/analysis/function,33,243,2010-11
b1676aecb4e9980d35797c5ef18f7b0582ae25fb,2010-11-22 21:29:49,prod,src/main/java/org/apache/commons/math/analysis/function/Subtract.java,39,org/apache/commons/math/analysis/function,33,243,2010-11
b9559bfce972a8b079ebc5ac8b6326a524ce29f8,2010-11-25 16:22:00,prod,src/main/java/org/apache/commons/math/analysis/solvers/AbstractUnivariateRealSolver.java,50,org/apache/commons/math/analysis/solvers,61,244,2010-11
b9559bfce972a8b079ebc5ac8b6326a524ce29f8,2010-11-25 16:22:00,test,src/test/java/org/apache/commons/math/analysis/solvers/SecantSolverTest.java,50,org/apache/commons/math/analysis/solvers,173,244,2010-11
b9559bfce972a8b079ebc5ac8b6326a524ce29f8,2010-11-25 16:22:00,test,src/test/java/org/apache/commons/math/analysis/solvers/MullerSolver2Test.java,50,org/apache/commons/math/analysis/solvers,150,244,2010-11
b9559bfce972a8b079ebc5ac8b6326a524ce29f8,2010-11-25 16:22:00,prod,src/main/java/org/apache/commons/math/analysis/solvers/AbstractDifferentiableUnivariateRealSolver.java,50,org/apache/commons/math/analysis/solvers,81,244,2010-11
b9559bfce972a8b079ebc5ac8b6326a524ce29f8,2010-11-25 16:22:00,prod,src/main/java/org/apache/commons/math/analysis/solvers/PolynomialSolver.java,50,org/apache/commons/math/analysis/solvers,29,244,2010-11
b9559bfce972a8b079ebc5ac8b6326a524ce29f8,2010-11-25 16:22:00,prod,src/main/java/org/apache/commons/math/analysis/solvers/MullerSolver2.java,50,org/apache/commons/math/analysis/solvers,165,244,2010-11
b9559bfce972a8b079ebc5ac8b6326a524ce29f8,2010-11-25 16:22:00,prod,src/main/java/org/apache/commons/math/analysis/solvers/DifferentiableUnivariateRealSolver.java,50,org/apache/commons/math/analysis/solvers,29,244,2010-11
b9559bfce972a8b079ebc5ac8b6326a524ce29f8,2010-11-25 16:22:00,prod,src/main/java/org/apache/commons/math/analysis/solvers/BaseUnivariateRealSolver.java,50,org/apache/commons/math/analysis/solvers,114,244,2010-11
b9559bfce972a8b079ebc5ac8b6326a524ce29f8,2010-11-25 16:22:00,prod,src/main/java/org/apache/commons/math/analysis/solvers/BaseAbstractUnivariateRealSolver.java,50,org/apache/commons/math/analysis/solvers,299,244,2010-11
b9559bfce972a8b079ebc5ac8b6326a524ce29f8,2010-11-25 16:22:00,prod,src/main/java/org/apache/commons/math/analysis/solvers/AbstractPolynomialSolver.java,50,org/apache/commons/math/analysis/solvers,82,244,2010-11
b9559bfce972a8b079ebc5ac8b6326a524ce29f8,2010-11-25 16:22:00,prod,src/main/java/org/apache/commons/math/exception/NoBracketingException.java,50,org/apache/commons/math/exception,124,244,2010-11
ae78e16c8b232a252e29f53cf33cd61899e0b80d,2010-11-26 15:24:28,prod,src/main/java/org/apache/commons/math/analysis/function/Ulp.java,11,org/apache/commons/math/analysis/function,34,245,2010-11
ae78e16c8b232a252e29f53cf33cd61899e0b80d,2010-11-26 15:24:28,prod,src/main/java/org/apache/commons/math/analysis/function/Signum.java,11,org/apache/commons/math/analysis/function,34,245,2010-11
ae78e16c8b232a252e29f53cf33cd61899e0b80d,2010-11-26 15:24:28,prod,src/main/java/org/apache/commons/math/analysis/function/Rint.java,11,org/apache/commons/math/analysis/function,34,245,2010-11
ae78e16c8b232a252e29f53cf33cd61899e0b80d,2010-11-26 15:24:28,prod,src/main/java/org/apache/commons/math/analysis/function/Floor.java,11,org/apache/commons/math/analysis/function,34,245,2010-11
ae78e16c8b232a252e29f53cf33cd61899e0b80d,2010-11-26 15:24:28,prod,src/main/java/org/apache/commons/math/analysis/function/Ceil.java,11,org/apache/commons/math/analysis/function,34,245,2010-11
d951c7028d09db098d9259d654f20a5e59e5e19a,2010-11-30 22:57:14,prod,src/main/java/org/apache/commons/math/exception/MathRuntimeException.java,3,org/apache/commons/math/exception,106,246,2010-11
030fff9a45af176758dc506fd1355ec059e07bf4,2010-12-01 23:56:07,test,src/test/java/org/apache/commons/math/exception/MaxCountExceededExceptionTest.java,1,org/apache/commons/math/exception,33,247,2010-12
c78bc17c2de58c2f3ec1ce4afd1729e6b7536a8f,2010-12-23 17:58:11,prod,src/main/java/org/apache/commons/math/exception/MathParseException.java,5,org/apache/commons/math/exception,56,248,2010-12
794f28c200a140985c74ea0a1e14f5aff42b0bb0,2010-12-30 09:52:00,prod,src/main/java/org/apache/commons/math/stat/inference/MannWhitneyUTestImpl.java,6,org/apache/commons/math/stat/inference,199,249,2010-12
794f28c200a140985c74ea0a1e14f5aff42b0bb0,2010-12-30 09:52:00,prod,src/main/java/org/apache/commons/math/stat/inference/WilcoxonSignedRankTestImpl.java,6,org/apache/commons/math/stat/inference,271,249,2010-12
794f28c200a140985c74ea0a1e14f5aff42b0bb0,2010-12-30 09:52:00,test,src/test/java/org/apache/commons/math/stat/inference/MannWhitneyUTestTest.java,6,org/apache/commons/math/stat/inference,101,249,2010-12
794f28c200a140985c74ea0a1e14f5aff42b0bb0,2010-12-30 09:52:00,test,src/test/java/org/apache/commons/math/stat/inference/WilcoxonSignedRankTestTest.java,6,org/apache/commons/math/stat/inference,180,249,2010-12
dd199c3ef8ef97a38afc3fb5062d82da89002b59,2011-01-06 15:30:23,prod,src/main/java/org/apache/commons/math/exception/NotFiniteNumberException.java,4,org/apache/commons/math/exception,56,250,2011-01
1264fc3c07f2e9706ba6721eb644ba90a35cb968,2011-01-20 20:32:16,prod,src/main/java/org/apache/commons/math/exception/MathInternalError.java,4,org/apache/commons/math/exception,50,251,2011-01
168139c1615b9ceb1f5ac84ddb5cbdae702283ec,2011-01-20 20:32:54,prod,src/main/java/org/apache/commons/math/exception/MathInternalError.java,4,org/apache/commons/math/exception,50,252,2011-01
6e9f0c1dbb7855440658f0efaa0b357237d6d2bf,2011-01-24 17:33:33,test,src/test/java/org/apache/commons/math/util/FastMathStrictComparisonTest.java,1,org/apache/commons/math/util,233,253,2011-01
38b3ea4a577a3e9d41c80c452819f2b62e4bd78f,2011-01-24 17:34:02,test,src/test/java/org/apache/commons/math/util/FastMathStrictComparisonTest.java,1,org/apache/commons/math/util,233,254,2011-01
6fe6e487ffbc05082fa08e0acb00d05497bbc4f1,2011-01-29 23:38:39,test,src/test/java/org/apache/commons/math/analysis/function/SigmoidTest.java,4,org/apache/commons/math/analysis/function,47,255,2011-01
6fe6e487ffbc05082fa08e0acb00d05497bbc4f1,2011-01-29 23:38:39,prod,src/main/java/org/apache/commons/math/analysis/function/Sigmoid.java,4,org/apache/commons/math/analysis/function,38,255,2011-01
6fe6e487ffbc05082fa08e0acb00d05497bbc4f1,2011-01-29 23:38:39,prod,src/main/java/org/apache/commons/math/analysis/function/Logistic.java,4,org/apache/commons/math/analysis/function,78,255,2011-01
6fe6e487ffbc05082fa08e0acb00d05497bbc4f1,2011-01-29 23:38:39,test,src/test/java/org/apache/commons/math/analysis/function/LogisticTest.java,4,org/apache/commons/math/analysis/function,84,255,2011-01
21ece86385185cdef31e239ae275dca08e1ba3ab,2011-02-01 12:01:03,prod,src/main/java/org/apache/commons/math/analysis/function/StepFunction.java,2,org/apache/commons/math/analysis/function,89,256,2011-02
21ece86385185cdef31e239ae275dca08e1ba3ab,2011-02-01 12:01:03,test,src/test/java/org/apache/commons/math/analysis/function/StepFunctionTest.java,2,org/apache/commons/math/analysis/function,95,256,2011-02
74bcc0b170ec03975558a06726f0f990c1189bf1,2011-02-04 16:36:08,prod,src/main/java/org/apache/commons/math/optimization/direct/CMAESOptimizer.java,2,org/apache/commons/math/optimization/direct,1316,257,2011-02
74bcc0b170ec03975558a06726f0f990c1189bf1,2011-02-04 16:36:08,test,src/test/java/org/apache/commons/math/optimization/direct/CMAESOptimizerTest.java,2,org/apache/commons/math/optimization/direct,667,257,2011-02
ab0e605ef61860f19c29711c3b0fb1e443ef9f27,2011-02-07 11:17:42,prod,src/main/java/org/apache/commons/math/analysis/function/Gaussian.java,3,org/apache/commons/math/analysis/function,83,258,2011-02
ab0e605ef61860f19c29711c3b0fb1e443ef9f27,2011-02-07 11:17:42,test,src/test/java/org/apache/commons/math/analysis/function/GaussianTest.java,3,org/apache/commons/math/analysis/function,46,258,2011-02
c9d9bdcdbfdcad57c3014f8b981eadfc07298fe9,2011-02-17 13:10:00,prod,src/main/java/org/apache/commons/math/optimization/direct/CMAESOptimizer.java,3,org/apache/commons/math/optimization/direct,1317,259,2011-02
c9d9bdcdbfdcad57c3014f8b981eadfc07298fe9,2011-02-17 13:10:00,test,src/test/java/org/apache/commons/math/optimization/direct/CMAESOptimizerTest.java,3,org/apache/commons/math/optimization/direct,667,259,2011-02
b1dcd6b612df5048455b1f7b37ba6c477a677472,2011-02-22 15:34:20,prod,src/main/java/org/apache/commons/math/analysis/function/HarmonicOscillator.java,2,org/apache/commons/math/analysis/function,155,260,2011-02
b1dcd6b612df5048455b1f7b37ba6c477a677472,2011-02-22 15:34:20,test,src/test/java/org/apache/commons/math/analysis/function/HarmonicOscillatorTest.java,2,org/apache/commons/math/analysis/function,118,260,2011-02
2e63eeea116d1894ac00d68262da4dc2d4cfc13b,2011-02-26 23:07:49,prod,src/main/java/org/apache/commons/math/analysis/function/Logit.java,2,org/apache/commons/math/analysis/function,158,261,2011-02
2e63eeea116d1894ac00d68262da4dc2d4cfc13b,2011-02-26 23:07:49,test,src/test/java/org/apache/commons/math/analysis/function/LogitTest.java,2,org/apache/commons/math/analysis/function,170,261,2011-02
da462abca016b80ce42e4cb3523e3eb3522a559f,2011-03-07 10:37:52,test,src/test/java/org/apache/commons/math/exception/MathRuntimeExceptionTest.java,38,org/apache/commons/math/exception,78,262,2011-03
faed36db104582a4ed1635a3e73c263e005bd70a,2011-03-08 21:09:48,prod,src/main/java/org/apache/commons/math/util/SerializablePair.java,4,org/apache/commons/math/util,53,263,2011-03
4ab2c3dddb8002704175600a139f4c44b26e2410,2011-03-21 09:39:23,prod,src/main/java/org/apache/commons/math/distribution/KolmogorovSmirnovDistributionImpl.java,4,org/apache/commons/math/distribution,328,264,2011-03
4ab2c3dddb8002704175600a139f4c44b26e2410,2011-03-21 09:39:23,prod,src/main/java/org/apache/commons/math/distribution/KolmogorovSmirnovDistribution.java,4,org/apache/commons/math/distribution,56,264,2011-03
4ab2c3dddb8002704175600a139f4c44b26e2410,2011-03-21 09:39:23,test,src/test/java/org/apache/commons/math/distribution/KolmogorovSmirnovDistributionTest.java,4,org/apache/commons/math/distribution,116,264,2011-03
dfea5addf83a023e3a09f7faedc7ed6f1807be9c,2011-03-29 10:28:37,test,src/test/java/org/apache/commons/math/RetryRunnerTest.java,3,org/apache/commons/math,55,265,2011-03
a3c552e3245b1211f60f4b8f08a259054b768c6a,2011-04-07 14:33:08,test,src/test/java/org/apache/commons/math/exception/TooManyEvaluationsExceptionTest.java,2,org/apache/commons/math/exception,40,266,2011-04
bb49301290de3825383ca2ab19ca07a45c665cb1,2011-04-25 15:28:12,prod,src/main/java/org/apache/commons/math/linear/RectangularCholeskyDecomposition.java,4,org/apache/commons/math/linear,66,267,2011-04
bb49301290de3825383ca2ab19ca07a45c665cb1,2011-04-25 15:28:12,prod,src/main/java/org/apache/commons/math/linear/RectangularCholeskyDecompositionImpl.java,4,org/apache/commons/math/linear,152,267,2011-04
dcfb76fa00a530fee6cbe4c17c51f6b9732024bc,2011-04-28 11:57:11,test,src/test/java/org/apache/commons/math/analysis/interpolation/UnivariateRealPeriodicInterpolatorTest.java,3,org/apache/commons/math/analysis/interpolation,163,268,2011-04
dcfb76fa00a530fee6cbe4c17c51f6b9732024bc,2011-04-28 11:57:11,prod,src/main/java/org/apache/commons/math/analysis/interpolation/UnivariateRealPeriodicInterpolator.java,3,org/apache/commons/math/analysis/interpolation,120,268,2011-04
1df5ae529c2e21a9ba87ba8a2701994a4c6a3d75,2011-05-05 12:37:31,prod,src/main/java/org/apache/commons/math/exception/util/ExceptionContextProvider.java,4,org/apache/commons/math/exception/util,33,269,2011-05
1df5ae529c2e21a9ba87ba8a2701994a4c6a3d75,2011-05-05 12:37:31,test,src/test/java/org/apache/commons/math/exception/util/ExceptionContextTest.java,4,org/apache/commons/math/exception/util,133,269,2011-05
1df5ae529c2e21a9ba87ba8a2701994a4c6a3d75,2011-05-05 12:37:31,prod,src/main/java/org/apache/commons/math/exception/util/ExceptionContext.java,4,org/apache/commons/math/exception/util,312,269,2011-05
a31933b64a9cb7fdc833a7a8ffc316f08abfcb65,2011-06-03 18:02:48,prod,src/main/java/org/apache/commons/math/geometry/euclidean/oned/Euclidean1D.java,18,org/apache/commons/math/geometry/euclidean/oned,83,270,2011-06
a31933b64a9cb7fdc833a7a8ffc316f08abfcb65,2011-06-03 18:02:48,prod,src/main/java/org/apache/commons/math/geometry/partitioning/Embedding.java,18,org/apache/commons/math/geometry/partitioning,62,270,2011-06
a31933b64a9cb7fdc833a7a8ffc316f08abfcb65,2011-06-03 18:02:48,prod,src/main/java/org/apache/commons/math/geometry/euclidean/oned/Vector1D.java,18,org/apache/commons/math/geometry/euclidean/oned,322,270,2011-06
a31933b64a9cb7fdc833a7a8ffc316f08abfcb65,2011-06-03 18:02:48,prod,src/main/java/org/apache/commons/math/geometry/euclidean/oned/Vector1DFormat.java,18,org/apache/commons/math/geometry/euclidean/oned,130,270,2011-06
a31933b64a9cb7fdc833a7a8ffc316f08abfcb65,2011-06-03 18:02:48,prod,src/main/java/org/apache/commons/math/geometry/euclidean/threed/Euclidean3D.java,18,org/apache/commons/math/geometry/euclidean/threed,75,270,2011-06
a31933b64a9cb7fdc833a7a8ffc316f08abfcb65,2011-06-03 18:02:48,prod,src/main/java/org/apache/commons/math/geometry/euclidean/twod/Euclidean2D.java,18,org/apache/commons/math/geometry/euclidean/twod,75,270,2011-06
a31933b64a9cb7fdc833a7a8ffc316f08abfcb65,2011-06-03 18:02:48,prod,src/main/java/org/apache/commons/math/geometry/euclidean/twod/Vector2D.java,18,org/apache/commons/math/geometry/euclidean/twod,346,270,2011-06
a31933b64a9cb7fdc833a7a8ffc316f08abfcb65,2011-06-03 18:02:48,prod,src/main/java/org/apache/commons/math/geometry/euclidean/twod/Vector2DFormat.java,18,org/apache/commons/math/geometry/euclidean/twod,133,270,2011-06
a31933b64a9cb7fdc833a7a8ffc316f08abfcb65,2011-06-03 18:02:48,prod,src/main/java/org/apache/commons/math/geometry/Vector.java,18,org/apache/commons/math/geometry,141,270,2011-06
a31933b64a9cb7fdc833a7a8ffc316f08abfcb65,2011-06-03 18:02:48,prod,src/main/java/org/apache/commons/math/geometry/VectorFormat.java,18,org/apache/commons/math/geometry,289,270,2011-06
6a14866cfcb0503b4f63819f05194e2cb83277a3,2011-06-03 18:06:21,prod,src/main/java/org/apache/commons/math/geometry/partitioning/AbstractRegion.java,16,org/apache/commons/math/geometry/partitioning,641,271,2011-06
6a14866cfcb0503b4f63819f05194e2cb83277a3,2011-06-03 18:06:21,prod,src/main/java/org/apache/commons/math/geometry/partitioning/BoundaryAttribute.java,16,org/apache/commons/math/geometry/partitioning,84,271,2011-06
6a14866cfcb0503b4f63819f05194e2cb83277a3,2011-06-03 18:06:21,prod,src/main/java/org/apache/commons/math/geometry/partitioning/BoundarySizeVisitor.java,16,org/apache/commons/math/geometry/partitioning,66,271,2011-06
6a14866cfcb0503b4f63819f05194e2cb83277a3,2011-06-03 18:06:21,prod,src/main/java/org/apache/commons/math/geometry/partitioning/RegionFactory.java,16,org/apache/commons/math/geometry/partitioning,248,271,2011-06
6a14866cfcb0503b4f63819f05194e2cb83277a3,2011-06-03 18:06:21,prod,src/main/java/org/apache/commons/math/geometry/partitioning/Side.java,16,org/apache/commons/math/geometry/partitioning,38,271,2011-06
6a14866cfcb0503b4f63819f05194e2cb83277a3,2011-06-03 18:06:21,prod,src/main/java/org/apache/commons/math/geometry/partitioning/AbstractSubHyperplane.java,16,org/apache/commons/math/geometry/partitioning,157,271,2011-06
540bf1525fd5cdc34900cbb1837a13a64b78a7cd,2011-06-03 18:08:12,prod,src/main/java/org/apache/commons/math/geometry/euclidean/oned/SubOrientedPoint.java,20,org/apache/commons/math/geometry/euclidean/oned,67,272,2011-06
540bf1525fd5cdc34900cbb1837a13a64b78a7cd,2011-06-03 18:08:12,prod,src/main/java/org/apache/commons/math/geometry/euclidean/threed/SubPlane.java,20,org/apache/commons/math/geometry/euclidean/threed,138,272,2011-06
540bf1525fd5cdc34900cbb1837a13a64b78a7cd,2011-06-03 18:08:12,prod,src/main/java/org/apache/commons/math/geometry/euclidean/twod/SubLine.java,20,org/apache/commons/math/geometry/euclidean/twod,108,272,2011-06
58d18852834e792878fc9205c605822891498c4b,2011-06-11 21:39:26,prod,src/main/java/org/apache/commons/math/filter/KalmanFilter.java,7,org/apache/commons/math/filter,357,273,2011-06
58d18852834e792878fc9205c605822891498c4b,2011-06-11 21:39:26,prod,src/main/java/org/apache/commons/math/filter/DefaultProcessModel.java,7,org/apache/commons/math/filter,143,273,2011-06
58d18852834e792878fc9205c605822891498c4b,2011-06-11 21:39:26,prod,src/main/java/org/apache/commons/math/filter/MeasurementModel.java,7,org/apache/commons/math/filter,40,273,2011-06
58d18852834e792878fc9205c605822891498c4b,2011-06-11 21:39:26,prod,src/main/java/org/apache/commons/math/filter/ProcessModel.java,7,org/apache/commons/math/filter,70,273,2011-06
58d18852834e792878fc9205c605822891498c4b,2011-06-11 21:39:26,test,src/test/java/org/apache/commons/math/filter/KalmanFilterTest.java,7,org/apache/commons/math/filter,118,273,2011-06
58d18852834e792878fc9205c605822891498c4b,2011-06-11 21:39:26,prod,src/main/java/org/apache/commons/math/filter/DefaultMeasurementModel.java,7,org/apache/commons/math/filter,74,273,2011-06
94415d4462a40eb8d649abc4227dfc47ce08dce8,2011-06-12 19:39:27,test,src/test/java/org/apache/commons/math/distribution/AbtractIntegerDistributionTest.java,1,org/apache/commons/math/distribution,171,274,2011-06
7ec3665fb99c98089c37a87d91f9d3dbaa060a3d,2011-06-15 19:20:00,test,src/test/java/org/apache/commons/math/geometry/euclidean/twod/SubLineTest.java,4,org/apache/commons/math/geometry/euclidean/twod,100,275,2011-06
04cb14727d9fad2d0e7db8a7b99c78adbcb4d1a9,2011-06-21 15:47:23,prod,src/main/java/org/apache/commons/math/ode/sampling/StepNormalizerMode.java,7,org/apache/commons/math/ode/sampling,70,276,2011-06
04cb14727d9fad2d0e7db8a7b99c78adbcb4d1a9,2011-06-21 15:47:23,test,src/test/java/org/apache/commons/math/ode/sampling/StepNormalizerOutputTest.java,7,org/apache/commons/math/ode/sampling,52,276,2011-06
04cb14727d9fad2d0e7db8a7b99c78adbcb4d1a9,2011-06-21 15:47:23,test,src/test/java/org/apache/commons/math/ode/sampling/StepNormalizerOutputOverlapTest.java,7,org/apache/commons/math/ode/sampling,52,276,2011-06
04cb14727d9fad2d0e7db8a7b99c78adbcb4d1a9,2011-06-21 15:47:23,prod,src/main/java/org/apache/commons/math/ode/sampling/StepNormalizerBounds.java,7,org/apache/commons/math/ode/sampling,84,276,2011-06
9764fa8a2d6d25b43d18f7d9cbf8ddc5f0c12fc1,2011-06-24 00:12:17,test,src/test/java/org/apache/commons/math/analysis/solvers/SecantBaseTest.java,15,org/apache/commons/math/analysis/solvers,199,277,2011-06
9764fa8a2d6d25b43d18f7d9cbf8ddc5f0c12fc1,2011-06-24 00:12:17,test,src/test/java/org/apache/commons/math/analysis/solvers/RegulaFalsiSolverTest.java,15,org/apache/commons/math/analysis/solvers,38,277,2011-06
9764fa8a2d6d25b43d18f7d9cbf8ddc5f0c12fc1,2011-06-24 00:12:17,prod,src/main/java/org/apache/commons/math/analysis/solvers/BracketedSolution.java,15,org/apache/commons/math/analysis/solvers,60,277,2011-06
9764fa8a2d6d25b43d18f7d9cbf8ddc5f0c12fc1,2011-06-24 00:12:17,prod,src/main/java/org/apache/commons/math/analysis/solvers/IllinoisSolver.java,15,org/apache/commons/math/analysis/solvers,78,277,2011-06
9764fa8a2d6d25b43d18f7d9cbf8ddc5f0c12fc1,2011-06-24 00:12:17,prod,src/main/java/org/apache/commons/math/analysis/solvers/PegasusSolver.java,15,org/apache/commons/math/analysis/solvers,80,277,2011-06
9764fa8a2d6d25b43d18f7d9cbf8ddc5f0c12fc1,2011-06-24 00:12:17,prod,src/main/java/org/apache/commons/math/analysis/solvers/RegulaFalsiSolver.java,15,org/apache/commons/math/analysis/solvers,75,277,2011-06
9764fa8a2d6d25b43d18f7d9cbf8ddc5f0c12fc1,2011-06-24 00:12:17,prod,src/main/java/org/apache/commons/math/analysis/solvers/SecantBase.java,15,org/apache/commons/math/analysis/solvers,200,277,2011-06
9764fa8a2d6d25b43d18f7d9cbf8ddc5f0c12fc1,2011-06-24 00:12:17,test,src/test/java/org/apache/commons/math/analysis/solvers/IllinoisSolverTest.java,15,org/apache/commons/math/analysis/solvers,35,277,2011-06
9764fa8a2d6d25b43d18f7d9cbf8ddc5f0c12fc1,2011-06-24 00:12:17,prod,src/main/java/org/apache/commons/math/analysis/solvers/AllowedSolutions.java,15,org/apache/commons/math/analysis/solvers,61,277,2011-06
9764fa8a2d6d25b43d18f7d9cbf8ddc5f0c12fc1,2011-06-24 00:12:17,test,src/test/java/org/apache/commons/math/analysis/solvers/PegasusSolverTest.java,15,org/apache/commons/math/analysis/solvers,35,277,2011-06
06828ea9a8d9769de5b0e69f4d1825cb5320e373,2011-06-24 22:36:43,prod,src/main/java/org/apache/commons/math/analysis/solvers/BaseBracketedSecantSolver.java,11,org/apache/commons/math/analysis/solvers,71,278,2011-06
d3d5c6fb0587ed9e8b06e5e4e1beed23a9d45b0e,2011-07-10 23:45:43,prod,src/main/java/org/apache/commons/math/stat/regression/RegressionResults.java,3,org/apache/commons/math/stat/regression,385,279,2011-07
d3d5c6fb0587ed9e8b06e5e4e1beed23a9d45b0e,2011-07-10 23:45:43,prod,src/main/java/org/apache/commons/math/stat/regression/UpdatingMultipleLinearRegression.java,3,org/apache/commons/math/stat/regression,86,279,2011-07
a31a5e84517ff0fd567b3606580129363ac50a8d,2011-07-12 11:55:26,prod,src/main/java/org/apache/commons/math/linear/NonPositiveDefiniteLinearOperatorException.java,6,org/apache/commons/math/linear,86,280,2011-07
a31a5e84517ff0fd567b3606580129363ac50a8d,2011-07-12 11:55:26,prod,src/main/java/org/apache/commons/math/linear/RealLinearOperator.java,6,org/apache/commons/math/linear,113,280,2011-07
a31a5e84517ff0fd567b3606580129363ac50a8d,2011-07-12 11:55:26,prod,src/main/java/org/apache/commons/math/linear/NonSelfAdjointLinearOperatorException.java,6,org/apache/commons/math/linear,128,280,2011-07
bf05f11de340e9ecab8911b1b1325a769ebc4e32,2011-07-12 21:34:34,prod,src/main/java/org/apache/commons/math/linear/InvertibleRealLinearOperator.java,1,org/apache/commons/math/linear,66,281,2011-07
2d590e38b36617a084d73ea7f999c3d5f02d53e0,2011-07-19 21:44:41,prod,src/main/java/org/apache/commons/math/stat/regression/MillerUpdatingRegression.java,2,org/apache/commons/math/stat/regression,1014,282,2011-07
2d590e38b36617a084d73ea7f999c3d5f02d53e0,2011-07-19 21:44:41,test,src/test/java/org/apache/commons/math/stat/regression/MillerUpdatingRegressionTest.java,2,org/apache/commons/math/stat/regression,1098,282,2011-07
0d0c461e6e700e2931ffc9ee660a5084dfc26450,2011-07-20 12:47:11,test,src/test/java/org/apache/commons/math/ode/events/OverlappingEventsTest.java,3,org/apache/commons/math/ode/events,161,283,2011-07
54b0cce8fefdc68d6fd4d43d2038050a8656d312,2011-07-25 21:34:04,prod,src/main/java/org/apache/commons/math/stat/regression/ModelSpecificationException.java,5,org/apache/commons/math/stat/regression,41,284,2011-07
c68662e25749d91723b457a20be4fced65640b40,2011-07-29 15:44:21,test,src/test/java/org/apache/commons/math/analysis/solvers/BracketingNthOrderBrentSolverTest.java,4,org/apache/commons/math/analysis/solvers,181,285,2011-07
c68662e25749d91723b457a20be4fced65640b40,2011-07-29 15:44:21,prod,src/main/java/org/apache/commons/math/analysis/solvers/BracketingNthOrderBrentSolver.java,4,org/apache/commons/math/analysis/solvers,397,285,2011-07
6a329f9e4391cc84a3eed3c702022aa6c3307b31,2011-07-29 15:47:36,prod,src/main/java/org/apache/commons/math/dfp/BracketingNthOrderBrentSolverDFP.java,4,org/apache/commons/math/dfp,438,286,2011-07
6a329f9e4391cc84a3eed3c702022aa6c3307b31,2011-07-29 15:47:36,prod,src/main/java/org/apache/commons/math/dfp/UnivariateDfpFunction.java,4,org/apache/commons/math/dfp,51,286,2011-07
6a329f9e4391cc84a3eed3c702022aa6c3307b31,2011-07-29 15:47:36,test,src/test/java/org/apache/commons/math/dfp/BracketingNthOrderBrentSolverDFPTest.java,4,org/apache/commons/math/dfp,171,286,2011-07
b468defc676cddd3af2953f5e033f449d9cc661d,2011-08-02 19:48:18,test,src/test/java/org/apache/commons/math/random/BitsStreamGeneratorTest.java,11,org/apache/commons/math/random,81,287,2011-08
b468defc676cddd3af2953f5e033f449d9cc661d,2011-08-02 19:48:18,test,src/test/java/org/apache/commons/math/random/RandomGeneratorAbstractTest.java,11,org/apache/commons/math/random,280,287,2011-08
33c0778d9081f5fd4661980239e990e1c48d3a79,2011-08-05 19:43:04,prod,src/main/java/org/apache/commons/math/linear/NonSquareLinearOperatorException.java,6,org/apache/commons/math/linear,41,288,2011-08
a821e798c3fee1982c81af1974ae44a5c6f92599,2011-08-06 16:54:39,test,src/test/java/org/apache/commons/math/optimization/direct/BOBYQAOptimizerTest.java,4,org/apache/commons/math/optimization/direct,588,289,2011-08
a821e798c3fee1982c81af1974ae44a5c6f92599,2011-08-06 16:54:39,prod,src/main/java/org/apache/commons/math/optimization/direct/BOBYQAOptimizer.java,4,org/apache/commons/math/optimization/direct,3496,289,2011-08
d7121b1c0bf6f6b799cb4c808138c85d04282ec6,2011-08-18 18:50:08,prod,src/main/java/org/apache/commons/math/geometry/euclidean/threed/Segment.java,8,org/apache/commons/math/geometry/euclidean/threed,67,290,2011-08
d7121b1c0bf6f6b799cb4c808138c85d04282ec6,2011-08-18 18:50:08,prod,src/main/java/org/apache/commons/math/geometry/euclidean/threed/SubLine.java,8,org/apache/commons/math/geometry/euclidean/threed,137,290,2011-08
d7121b1c0bf6f6b799cb4c808138c85d04282ec6,2011-08-18 18:50:08,test,src/test/java/org/apache/commons/math/geometry/euclidean/threed/SubLineTest.java,8,org/apache/commons/math/geometry/euclidean/threed,155,290,2011-08
22e68e3efe72371fc8d47797715d78c750c80964,2011-08-21 18:14:19,prod,src/main/java/org/apache/commons/math/stat/correlation/StorelessBivariateCovariance.java,4,org/apache/commons/math/stat/correlation,76,291,2011-08
22e68e3efe72371fc8d47797715d78c750c80964,2011-08-21 18:14:19,prod,src/main/java/org/apache/commons/math/stat/correlation/StorelessCovariance.java,4,org/apache/commons/math/stat/correlation,118,291,2011-08
22e68e3efe72371fc8d47797715d78c750c80964,2011-08-21 18:14:19,test,src/test/java/org/apache/commons/math/stat/correlation/StorelessCovarianceTest.java,4,org/apache/commons/math/stat/correlation,305,291,2011-08
9161afbbbc887b89b9fb76dce028c96ed2248e23,2011-08-24 12:15:51,test,src/test/java/org/apache/commons/math/linear/UnmodifiableArrayRealVectorTest.java,4,org/apache/commons/math/linear,40,292,2011-08
9161afbbbc887b89b9fb76dce028c96ed2248e23,2011-08-24 12:15:51,test,src/test/java/org/apache/commons/math/linear/UnmodifiableOpenMapRealVectorTest.java,4,org/apache/commons/math/linear,46,292,2011-08
9161afbbbc887b89b9fb76dce028c96ed2248e23,2011-08-24 12:15:51,test,src/test/java/org/apache/commons/math/linear/UnmodifiableRealVectorAbstractTest.java,4,org/apache/commons/math/linear,431,292,2011-08
806fa1cdd2945ef2234666270f6aa2886c9e636f,2011-09-11 20:43:27,prod,src/main/java/org/apache/commons/math/util/FastMathCalc.java,2,org/apache/commons/math/util,610,293,2011-09
4298745b4a9bc9a1f6c6b408d408588888e6fdc6,2011-09-14 07:40:48,prod,src/main/java/org/apache/commons/math/util/IterationEvent.java,3,org/apache/commons/math/util,40,294,2011-09
4298745b4a9bc9a1f6c6b408d408588888e6fdc6,2011-09-14 07:40:48,prod,src/main/java/org/apache/commons/math/util/IterationManager.java,3,org/apache/commons/math/util,155,294,2011-09
4298745b4a9bc9a1f6c6b408d408588888e6fdc6,2011-09-14 07:40:48,prod,src/main/java/org/apache/commons/math/util/IterationListener.java,3,org/apache/commons/math/util,58,294,2011-09
112b49642030fb158312e700e529c094673efd7f,2011-09-20 06:11:39,test,src/test/java/org/apache/commons/math/linear/FieldLUSolverTest.java,1,org/apache/commons/math/linear,177,295,2011-09
0e9a5f40f4602946a2d5b0efdc75817854486cd7,2011-09-21 14:53:31,prod,src/main/java/org/apache/commons/math/util/FastMathResources.java,7,org/apache/commons/math/util,270,296,2011-09
39eea3de3f343cf6056e9a841f39eaab307bb666,2011-09-25 14:48:18,prod,src/main/java/org/apache/commons/math/linear/ProvidesResidual.java,9,org/apache/commons/math/linear,36,297,2011-09
39eea3de3f343cf6056e9a841f39eaab307bb666,2011-09-25 14:48:18,prod,src/main/java/org/apache/commons/math/linear/ConjugateGradient.java,9,org/apache/commons/math/linear,265,297,2011-09
39eea3de3f343cf6056e9a841f39eaab307bb666,2011-09-25 14:48:18,prod,src/main/java/org/apache/commons/math/linear/IterativeLinearSolver.java,9,org/apache/commons/math/linear,133,297,2011-09
39eea3de3f343cf6056e9a841f39eaab307bb666,2011-09-25 14:48:18,prod,src/main/java/org/apache/commons/math/linear/IterativeLinearSolverEvent.java,9,org/apache/commons/math/linear,63,297,2011-09
39eea3de3f343cf6056e9a841f39eaab307bb666,2011-09-25 14:48:18,prod,src/main/java/org/apache/commons/math/linear/JacobiPreconditioner.java,9,org/apache/commons/math/linear,103,297,2011-09
39eea3de3f343cf6056e9a841f39eaab307bb666,2011-09-25 14:48:18,test,src/test/java/org/apache/commons/math/linear/ConjugateGradientTest.java,9,org/apache/commons/math/linear,481,297,2011-09
39eea3de3f343cf6056e9a841f39eaab307bb666,2011-09-25 14:48:18,prod,src/main/java/org/apache/commons/math/linear/PreconditionedIterativeLinearSolver.java,9,org/apache/commons/math/linear,135,297,2011-09
b7c5cd5ff7b02a22fbac06aef14260e0096ce2c0,2011-09-25 15:04:39,prod,src/main/java/org/apache/commons/math/ode/AbstractParameterizable.java,28,org/apache/commons/math/ode,81,298,2011-09
b7c5cd5ff7b02a22fbac06aef14260e0096ce2c0,2011-09-25 15:04:39,prod,src/main/java/org/apache/commons/math/ode/AdditionalEquations.java,28,org/apache/commons/math/ode,55,298,2011-09
b7c5cd5ff7b02a22fbac06aef14260e0096ce2c0,2011-09-25 15:04:39,prod,src/main/java/org/apache/commons/math/ode/ParameterJacobianWrapper.java,28,org/apache/commons/math/ode,91,298,2011-09
b7c5cd5ff7b02a22fbac06aef14260e0096ce2c0,2011-09-25 15:04:39,prod,src/main/java/org/apache/commons/math/ode/AdditionalStateAndEquations.java,28,org/apache/commons/math/ode,88,298,2011-09
b7c5cd5ff7b02a22fbac06aef14260e0096ce2c0,2011-09-25 15:04:39,test,src/test/java/org/apache/commons/math/ode/JacobianMatricesTest.java,28,org/apache/commons/math/ode,598,298,2011-09
b7c5cd5ff7b02a22fbac06aef14260e0096ce2c0,2011-09-25 15:04:39,prod,src/main/java/org/apache/commons/math/ode/ParameterizedWrapper.java,28,org/apache/commons/math/ode,77,298,2011-09
b7c5cd5ff7b02a22fbac06aef14260e0096ce2c0,2011-09-25 15:04:39,prod,src/main/java/org/apache/commons/math/ode/ParameterizedODE.java,28,org/apache/commons/math/ode,42,298,2011-09
b7c5cd5ff7b02a22fbac06aef14260e0096ce2c0,2011-09-25 15:04:39,prod,src/main/java/org/apache/commons/math/ode/ExpandableFirstOrderDifferentialEquations.java,28,org/apache/commons/math/ode,272,298,2011-09
b7c5cd5ff7b02a22fbac06aef14260e0096ce2c0,2011-09-25 15:04:39,prod,src/main/java/org/apache/commons/math/ode/Parameterizable.java,28,org/apache/commons/math/ode,43,298,2011-09
b7c5cd5ff7b02a22fbac06aef14260e0096ce2c0,2011-09-25 15:04:39,prod,src/main/java/org/apache/commons/math/ode/ExpandableFirstOrderIntegrator.java,28,org/apache/commons/math/ode,65,298,2011-09
b7c5cd5ff7b02a22fbac06aef14260e0096ce2c0,2011-09-25 15:04:39,prod,src/main/java/org/apache/commons/math/ode/ParameterJacobianProvider.java,28,org/apache/commons/math/ode,43,298,2011-09
b7c5cd5ff7b02a22fbac06aef14260e0096ce2c0,2011-09-25 15:04:39,prod,src/main/java/org/apache/commons/math/ode/ParameterConfiguration.java,28,org/apache/commons/math/ode,67,298,2011-09
b7c5cd5ff7b02a22fbac06aef14260e0096ce2c0,2011-09-25 15:04:39,prod,src/main/java/org/apache/commons/math/ode/MainStateJacobianWrapper.java,28,org/apache/commons/math/ode,72,298,2011-09
b7c5cd5ff7b02a22fbac06aef14260e0096ce2c0,2011-09-25 15:04:39,prod,src/main/java/org/apache/commons/math/ode/MainStateJacobianProvider.java,28,org/apache/commons/math/ode,36,298,2011-09
b7c5cd5ff7b02a22fbac06aef14260e0096ce2c0,2011-09-25 15:04:39,prod,src/main/java/org/apache/commons/math/ode/JacobianMatrices.java,28,org/apache/commons/math/ode,471,298,2011-09
b5724e1cc0110ff35b4e75b4784117f4daffcb93,2011-09-28 05:56:42,prod,src/main/java/org/apache/commons/math/ode/ExpandableStatefulODE.java,32,org/apache/commons/math/ode,327,299,2011-09
b5724e1cc0110ff35b4e75b4784117f4daffcb93,2011-09-28 05:56:42,prod,src/main/java/org/apache/commons/math/ode/EquationsMapper.java,32,org/apache/commons/math/ode,98,299,2011-09
ba15d2764e831f2ccc3c18555c3afbb14bf5d2e2,2011-10-01 02:01:03,test,src/test/java/org/apache/commons/math/optimization/BatteryNISTTest.java,1,org/apache/commons/math/optimization,916,300,2011-10
1d0479bfb397564ad54195bab01ff44eea96ad64,2011-10-03 06:33:21,prod,src/main/java/org/apache/commons/math/linear/SingularOperatorException.java,11,org/apache/commons/math/linear,39,301,2011-10
1d0479bfb397564ad54195bab01ff44eea96ad64,2011-10-03 06:33:21,prod,src/main/java/org/apache/commons/math/linear/IllConditionedOperatorException.java,11,org/apache/commons/math/linear,43,301,2011-10
a339a751b99ed3110bfc0bba288bc7849b47b10d,2011-10-07 05:21:17,test,src/test/java/org/apache/commons/math/linear/PivotingQRSolverTest.java,3,org/apache/commons/math/linear,201,302,2011-10
a339a751b99ed3110bfc0bba288bc7849b47b10d,2011-10-07 05:21:17,test,src/test/java/org/apache/commons/math/linear/PivotingQRDecompositionTest.java,3,org/apache/commons/math/linear,257,302,2011-10
a339a751b99ed3110bfc0bba288bc7849b47b10d,2011-10-07 05:21:17,prod,src/main/java/org/apache/commons/math/linear/PivotingQRDecomposition.java,3,org/apache/commons/math/linear,421,302,2011-10
a7fea11074a708d1b13cf6d02e62aec0125c5f7a,2011-10-09 12:04:40,test,src/test/java/org/apache/commons/math/analysis/function/SincTest.java,2,org/apache/commons/math/analysis/function,72,303,2011-10
5e6389761c6575f815a5ac91a22c4ecc48596729,2011-10-10 19:56:03,test,src/test/java/org/apache/commons/math/linear/OpenMapRealMatrixTest.java,3,org/apache/commons/math/linear,29,304,2011-10
519e4d2e7f05b10eecf6e51c92a3f8cf8c619c67,2011-10-10 22:35:54,prod,src/main/java/org/apache/commons/math/util/Precision.java,26,org/apache/commons/math/util,292,305,2011-10
519e4d2e7f05b10eecf6e51c92a3f8cf8c619c67,2011-10-10 22:35:54,test,src/test/java/org/apache/commons/math/util/PrecisionTest.java,26,org/apache/commons/math/util,257,305,2011-10
63a3a9d080e0952edff11019b0438e5f44ebb19b,2011-10-11 22:55:08,test,src/test/java/org/apache/commons/math/util/MathArraysTest.java,28,org/apache/commons/math/util,550,306,2011-10
63a3a9d080e0952edff11019b0438e5f44ebb19b,2011-10-11 22:55:08,prod,src/main/java/org/apache/commons/math/util/MathArrays.java,28,org/apache/commons/math/util,925,306,2011-10
6cb2b3c61281750ddd6581aea94020c8d6c35234,2011-10-12 06:17:23,prod,src/main/java/org/apache/commons/math/util/ArithmeticsUtils.java,4,org/apache/commons/math/util,422,307,2011-10
d8866aedf4903be791cb59953916e4f79fde8316,2011-10-12 06:21:22,test,src/test/java/org/apache/commons/math/util/ArithmeticsUtilsTest.java,2,org/apache/commons/math/util,315,308,2011-10
f258ecdf91759f05fd56bde6f8d0d809c8b2ffad,2011-10-16 00:51:42,test,src/test/java/org/apache/commons/math/analysis/function/SqrtTest.java,2,org/apache/commons/math/analysis/function,56,309,2011-10
17f788387d8ff046d55c5b0f2eb72c7a98b54ff3,2011-10-22 06:36:31,prod,src/main/java/org/apache/commons/math/linear/SymmLQ.java,2,org/apache/commons/math/linear,1223,310,2011-10
17f788387d8ff046d55c5b0f2eb72c7a98b54ff3,2011-10-22 06:36:31,test,src/test/java/org/apache/commons/math/linear/SymmLQTest.java,2,org/apache/commons/math/linear,641,310,2011-10
93604d744bc66a4313902ec79ae95d8080bb64f5,2011-11-06 07:17:50,prod,src/main/java/org/apache/commons/math/random/StableRandomGenerator.java,6,org/apache/commons/math/random,131,311,2011-11
93604d744bc66a4313902ec79ae95d8080bb64f5,2011-11-06 07:17:50,test,src/test/java/org/apache/commons/math/random/StableRandomGeneratorTest.java,6,org/apache/commons/math/random,128,311,2011-11
bb201d926ebf225439d0007e7015365a9fbc3578,2011-11-10 20:08:55,prod,src/main/java/org/apache/commons/math/optimization/direct/MultivariateRealFunctionMappingAdapter.java,7,org/apache/commons/math/optimization/direct,300,312,2011-11
bb201d926ebf225439d0007e7015365a9fbc3578,2011-11-10 20:08:55,test,src/test/java/org/apache/commons/math/optimization/direct/MultivariateRealFunctionPenaltyAdapterTest.java,7,org/apache/commons/math/optimization/direct,192,312,2011-11
bb201d926ebf225439d0007e7015365a9fbc3578,2011-11-10 20:08:55,prod,src/main/java/org/apache/commons/math/optimization/direct/MultivariateRealFunctionPenaltyAdapter.java,7,org/apache/commons/math/optimization/direct,188,312,2011-11
bb201d926ebf225439d0007e7015365a9fbc3578,2011-11-10 20:08:55,test,src/test/java/org/apache/commons/math/optimization/direct/MultivariateRealFunctionMappingAdapterTest.java,7,org/apache/commons/math/optimization/direct,190,312,2011-11
754434a4c01e9108ca5064cbaf653974ac687d63,2011-11-15 11:47:25,prod,src/main/java/org/apache/commons/math/optimization/BaseSimpleBoundsMultivariateRealOptimizer.java,9,org/apache/commons/math/optimization,64,313,2011-11
754434a4c01e9108ca5064cbaf653974ac687d63,2011-11-15 11:47:25,prod,src/main/java/org/apache/commons/math/optimization/direct/BaseAbstractSimpleBoundsScalarOptimizer.java,9,org/apache/commons/math/optimization/direct,122,313,2011-11
645d642b8fe7c723cb13788a723c298106ea8d18,2011-11-20 21:41:46,test,src/test/java/org/apache/commons/math/ode/events/ReappearingEventTest.java,19,org/apache/commons/math/ode/events,82,314,2011-11
f14fdb5447f4ed1e103db2cecc148f391294f342,2011-11-28 20:00:14,test,src/test/java/org/apache/commons/math/random/ISAACTest.java,5,org/apache/commons/math/random,391,315,2011-11
f14fdb5447f4ed1e103db2cecc148f391294f342,2011-11-28 20:00:14,prod,src/main/java/org/apache/commons/math/random/ISAACRandom.java,5,org/apache/commons/math/random,286,315,2011-11
b2e24119bcb10131f765ba062d933a574cc13c7a,2011-12-03 16:24:55,test,src/test/java/org/apache/commons/math/distribution/AbstractRealDistributionTest.java,2,org/apache/commons/math/distribution,237,316,2011-12
31bbb41c5ecd29ab9b8a8c3d79cbd8a307bcddb9,2012-01-05 04:08:18,prod,src/main/java/org/apache/commons/math/transform/TransformUtils.java,8,org/apache/commons/math/transform,62,317,2012-01
9971405cdf14e6677830d415d06a137af01e62ff,2012-01-09 07:02:08,test,src/test/java/org/apache/commons/math/distribution/UniformIntegerDistributionTest.java,6,org/apache/commons/math/distribution,99,318,2012-01
9971405cdf14e6677830d415d06a137af01e62ff,2012-01-09 07:02:08,prod,src/main/java/org/apache/commons/math/distribution/UniformRealDistribution.java,6,org/apache/commons/math/distribution,198,318,2012-01
9971405cdf14e6677830d415d06a137af01e62ff,2012-01-09 07:02:08,test,src/test/java/org/apache/commons/math/distribution/UniformRealDistributionTest.java,6,org/apache/commons/math/distribution,113,318,2012-01
9971405cdf14e6677830d415d06a137af01e62ff,2012-01-09 07:02:08,prod,src/main/java/org/apache/commons/math/distribution/UniformIntegerDistribution.java,6,org/apache/commons/math/distribution,140,318,2012-01
54755f169ed58c6a66179e62a59d68ba6d631bf8,2012-01-12 07:01:43,prod,src/main/java/org/apache/commons/math/distribution/TriangularDistribution.java,2,org/apache/commons/math/distribution,260,319,2012-01
54755f169ed58c6a66179e62a59d68ba6d631bf8,2012-01-12 07:01:43,test,src/test/java/org/apache/commons/math/distribution/TriangularDistributionTest.java,2,org/apache/commons/math/distribution,189,319,2012-01
64230d2b427c3cd75d149b87ae556fabdb8df491,2012-01-17 07:12:02,prod,src/main/java/org/apache/commons/math/distribution/LogNormalDistribution.java,4,org/apache/commons/math/distribution,295,320,2012-01
64230d2b427c3cd75d149b87ae556fabdb8df491,2012-01-17 07:12:02,test,src/test/java/org/apache/commons/math/distribution/LogNormalDistributionTest.java,4,org/apache/commons/math/distribution,245,320,2012-01
7ef57fba61a5f5e0cae07ec08029961723511dcf,2012-01-20 21:04:29,test,src/test/java/org/apache/commons/math/transform/RealTransformerAbstractTest.java,2,org/apache/commons/math/transform,465,321,2012-01
74813500be92159bc18d4d7f7ca6d881db0a497d,2012-01-30 06:30:46,prod,src/main/java/org/apache/commons/math/complex/RootsOfUnity.java,2,org/apache/commons/math/complex,196,322,2012-01
dbe211027644729f3ec41ca076c6a85011190e80,2012-02-01 01:50:56,test,src/test/java/org/apache/commons/math/complex/RootsOfUnityTest.java,3,org/apache/commons/math/complex,101,323,2012-02
53fd99ddf3a281718f2c2d9571047363b9985a1d,2012-02-01 02:22:00,prod,src/main/java/org/apache/commons/math/linear/DefaultIterativeLinearSolverEvent.java,5,org/apache/commons/math/linear,143,324,2012-02
dee1c0d70b774902bbfab9f5eb05e5d77066a8be,2012-02-10 08:46:40,prod,src/main/java/org/apache/commons/math/transform/TransformType.java,5,org/apache/commons/math/transform,31,325,2012-02
29e63593995f59f93441f08912c0fb3f67184425,2012-02-11 06:24:15,prod,src/main/java/org/apache/commons/math/transform/DftNormalization.java,5,org/apache/commons/math/transform,61,326,2012-02
dca41739a73d6fc69fba5f4def34b4d0967f7efe,2012-02-12 00:37:23,prod,src/main/java/org/apache/commons/math/optimization/PointValuePair.java,40,org/apache/commons/math/optimization,77,327,2012-02
eac9648b4f5f85a22969e007239e4c36f6503eb8,2012-02-12 15:18:15,prod,src/main/java/org/apache/commons/math/transform/DctNormalization.java,4,org/apache/commons/math/transform,70,328,2012-02
7921608decee581d0ac2081b02519ee19790b854,2012-02-12 20:00:31,prod,src/main/java/org/apache/commons/math/optimization/PointVectorValuePair.java,17,org/apache/commons/math/optimization,104,329,2012-02
274e2aa33f5e4c53f8a9e3a0ebb2caa7e3100e32,2012-02-13 16:35:46,prod,src/main/java/org/apache/commons/math/transform/DstNormalization.java,4,org/apache/commons/math/transform,61,330,2012-02
825e095cbf35c11e4fd4255c91fb238d4f847eda,2012-02-15 20:46:30,test,src/test/java/org/apache/commons/math3/exception/util/LocalizedFormatsTest.java,5,org/apache/commons/math3/exception/util,109,331,2012-02
923800c071a4003b6d56574efb34150503f7c5a4,2012-03-28 05:40:46,prod,src/main/java/org/apache/commons/math3/util/Decimal64.java,3,org/apache/commons/math3/util,304,332,2012-03
923800c071a4003b6d56574efb34150503f7c5a4,2012-03-28 05:40:46,prod,src/main/java/org/apache/commons/math3/util/Decimal64Field.java,3,org/apache/commons/math3/util,62,332,2012-03
923800c071a4003b6d56574efb34150503f7c5a4,2012-03-28 05:40:46,test,src/test/java/org/apache/commons/math3/util/Decimal64Test.java,3,org/apache/commons/math3/util,421,332,2012-03
4142992080eb8aa75dcfae34808e66c4ce39760c,2012-04-01 16:46:01,prod,src/main/java/org/apache/commons/math3/genetics/FixedElapsedTime.java,3,org/apache/commons/math3/genetics,81,333,2012-04
4142992080eb8aa75dcfae34808e66c4ce39760c,2012-04-01 16:46:01,test,src/test/java/org/apache/commons/math3/genetics/FixedElapsedTimeTest.java,3,org/apache/commons/math3/genetics,74,333,2012-04
58a204274e8010cb535b385a9cfebf0cc283aba5,2012-04-25 14:49:44,prod,src/main/java/org/apache/commons/math3/optimization/univariate/SimpleUnivariateValueChecker.java,3,org/apache/commons/math3/optimization/univariate,84,334,2012-04
6c3673c46bdd1b1c24a479b7418baeb12f509353,2012-04-30 07:41:58,test,src/test/java/org/apache/commons/math3/optimization/general/AbstractLeastSquaresOptimizerTest.java,6,org/apache/commons/math3/optimization/general,96,335,2012-04
0b8e0a285c6401016d58294ac80c636ed2e2084f,2012-04-30 11:07:42,test,src/test/java/org/apache/commons/math3/optimization/general/AbstractLeastSquaresOptimizerAbstractTest.java,3,org/apache/commons/math3/optimization/general,490,336,2012-04
5869a102fd6ae6800da9239edb45e5117ecf0e1d,2012-05-05 17:53:32,test,src/test/java/org/apache/commons/math3/linear/HessenbergTransformerTest.java,2,org/apache/commons/math3/linear,160,337,2012-05
5869a102fd6ae6800da9239edb45e5117ecf0e1d,2012-05-05 17:53:32,prod,src/main/java/org/apache/commons/math3/linear/HessenbergTransformer.java,2,org/apache/commons/math3/linear,233,337,2012-05
8dcea987fddacfdd0bd21a9d65eef19987545857,2012-05-06 14:32:42,test,src/test/java/org/apache/commons/math3/linear/SchurTransformerTest.java,2,org/apache/commons/math3/linear,134,338,2012-05
8dcea987fddacfdd0bd21a9d65eef19987545857,2012-05-06 14:32:42,prod,src/main/java/org/apache/commons/math3/linear/SchurTransformer.java,2,org/apache/commons/math3/linear,446,338,2012-05
39b3fd1877e130d5f66bd4ff014ce9e1ecab6e8b,2012-05-13 11:16:45,test,src/test/java/org/apache/commons/math3/optimization/PointVectorValuePairTest.java,5,org/apache/commons/math3/optimization,42,339,2012-05
39b3fd1877e130d5f66bd4ff014ce9e1ecab6e8b,2012-05-13 11:16:45,test,src/test/java/org/apache/commons/math3/optimization/PointValuePairTest.java,5,org/apache/commons/math3/optimization,38,339,2012-05
97a5210fd70a226f2d18b27d6beb74ebba70966b,2012-05-28 07:54:16,prod,src/main/java/org/apache/commons/math3/linear/RealVectorPreservingVisitor.java,1,org/apache/commons/math3/linear,55,340,2012-05
6b5659033e48e96c7d7bddab9a715132b6661e19,2012-05-28 08:31:13,test,src/test/java/org/apache/commons/math3/linear/RealVectorAbstractTest.java,6,org/apache/commons/math3/linear,231,341,2012-05
209f22fc1c28b3a2e7af9b06866cf020e09005df,2012-05-28 18:03:44,prod,src/main/java/org/apache/commons/math3/linear/RealVectorChangingVisitor.java,5,org/apache/commons/math3/linear,59,342,2012-05
86e1cc033533b3e12b7f7394c19fc9a0ce4f1a39,2012-05-29 22:24:24,prod,src/main/java/org/apache/commons/math3/genetics/NPointCrossover.java,2,org/apache/commons/math3/genetics,178,343,2012-05
86e1cc033533b3e12b7f7394c19fc9a0ce4f1a39,2012-05-29 22:24:24,test,src/test/java/org/apache/commons/math3/genetics/NPointCrossoverTest.java,2,org/apache/commons/math3/genetics,113,343,2012-05
bf181a9152b6f2c09928278138916a1cd8d50e8f,2012-06-14 20:37:29,prod,src/main/java/org/apache/commons/math3/genetics/UniformCrossover.java,2,org/apache/commons/math3/genetics,130,344,2012-06
bf181a9152b6f2c09928278138916a1cd8d50e8f,2012-06-14 20:37:29,test,src/test/java/org/apache/commons/math3/genetics/UniformCrossoverTest.java,2,org/apache/commons/math3/genetics,131,344,2012-06
e8a6708cfdd4b18981244383469ab75d1c09f768,2012-06-18 10:01:12,prod,src/main/java/org/apache/commons/math3/analysis/interpolation/HermiteInterpolator.java,7,org/apache/commons/math3/analysis/interpolation,254,345,2012-06
e8a6708cfdd4b18981244383469ab75d1c09f768,2012-06-18 10:01:12,test,src/test/java/org/apache/commons/math3/analysis/interpolation/HermiteInterpolatorTest.java,7,org/apache/commons/math3/analysis/interpolation,246,345,2012-06
b8d454adb4207e6886a9b6d48c5c4a0948a864ce,2012-07-12 14:43:18,prod,src/main/java/org/apache/commons/math3/analysis/integration/gauss/LegendreRuleFactory.java,10,org/apache/commons/math3/analysis/integration/gauss,139,346,2012-07
b8d454adb4207e6886a9b6d48c5c4a0948a864ce,2012-07-12 14:43:18,test,src/test/java/org/apache/commons/math3/analysis/integration/gauss/LegendreTest.java,10,org/apache/commons/math3/analysis/integration/gauss,43,346,2012-07
b8d454adb4207e6886a9b6d48c5c4a0948a864ce,2012-07-12 14:43:18,test,src/test/java/org/apache/commons/math3/analysis/integration/gauss/LegendreParametricTest.java,10,org/apache/commons/math3/analysis/integration/gauss,69,346,2012-07
b8d454adb4207e6886a9b6d48c5c4a0948a864ce,2012-07-12 14:43:18,test,src/test/java/org/apache/commons/math3/analysis/integration/gauss/LegendreHighPrecisionTest.java,10,org/apache/commons/math3/analysis/integration/gauss,43,346,2012-07
b8d454adb4207e6886a9b6d48c5c4a0948a864ce,2012-07-12 14:43:18,test,src/test/java/org/apache/commons/math3/analysis/integration/gauss/LegendreHighPrecisionParametricTest.java,10,org/apache/commons/math3/analysis/integration/gauss,69,346,2012-07
b8d454adb4207e6886a9b6d48c5c4a0948a864ce,2012-07-12 14:43:18,prod,src/main/java/org/apache/commons/math3/analysis/integration/gauss/LegendreHighPrecisionRuleFactory.java,10,org/apache/commons/math3/analysis/integration/gauss,210,346,2012-07
b8d454adb4207e6886a9b6d48c5c4a0948a864ce,2012-07-12 14:43:18,prod,src/main/java/org/apache/commons/math3/analysis/integration/gauss/GaussIntegratorFactory.java,10,org/apache/commons/math3/analysis/integration/gauss,134,346,2012-07
b8d454adb4207e6886a9b6d48c5c4a0948a864ce,2012-07-12 14:43:18,prod,src/main/java/org/apache/commons/math3/analysis/integration/gauss/GaussIntegrator.java,10,org/apache/commons/math3/analysis/integration/gauss,106,346,2012-07
b8d454adb4207e6886a9b6d48c5c4a0948a864ce,2012-07-12 14:43:18,prod,src/main/java/org/apache/commons/math3/analysis/integration/gauss/BaseRuleFactory.java,10,org/apache/commons/math3/analysis/integration/gauss,113,346,2012-07
b8d454adb4207e6886a9b6d48c5c4a0948a864ce,2012-07-12 14:43:18,test,src/test/java/org/apache/commons/math3/analysis/integration/gauss/GaussianQuadratureAbstractTest.java,10,org/apache/commons/math3/analysis/integration/gauss,100,346,2012-07
a201eaf582c1eef82851ebf6083647f8b6641490,2012-07-15 23:42:38,prod,src/main/java/org/apache/commons/math3/analysis/integration/gauss/package-info.java,9,org/apache/commons/math3/analysis/integration/gauss,22,347,2012-07
8287659b3d51c72d152f78c640410c58b6e44ebd,2012-07-21 12:47:04,test,src/test/java/org/apache/commons/math3/analysis/integration/gauss/BaseRuleFactoryTest.java,1,org/apache/commons/math3/analysis/integration/gauss,100,348,2012-07
b19f70ba00cd9d81745127ffa17ce0753c0236ee,2012-07-22 19:38:36,test,src/test/java/org/apache/commons/math3/linear/RealMatrixFormatAbstractTest.java,3,org/apache/commons/math3/linear,361,349,2012-07
b19f70ba00cd9d81745127ffa17ce0753c0236ee,2012-07-22 19:38:36,prod,src/main/java/org/apache/commons/math3/linear/RealMatrixFormat.java,3,org/apache/commons/math3/linear,351,349,2012-07
b19f70ba00cd9d81745127ffa17ce0753c0236ee,2012-07-22 19:38:36,test,src/test/java/org/apache/commons/math3/linear/RealMatrixFormatTest.java,3,org/apache/commons/math3/linear,34,349,2012-07
28a66efb7637d26152c3e42e5f851be679dc5719,2012-07-22 21:56:20,prod,src/main/java/org/apache/commons/math3/analysis/integration/IterativeLegendreGaussIntegrator.java,2,org/apache/commons/math3/analysis/integration,165,350,2012-07
28a66efb7637d26152c3e42e5f851be679dc5719,2012-07-22 21:56:20,test,src/test/java/org/apache/commons/math3/analysis/integration/IterativeLegendreGaussIntegratorTest.java,2,org/apache/commons/math3/analysis/integration,151,350,2012-07
bd0008e809e1b735100f3ef8003d0acffcb9b7cf,2012-08-05 18:46:54,test,src/test/java/org/apache/commons/math3/genetics/CycleCrossoverTest.java,2,org/apache/commons/math3/genetics,133,351,2012-08
bd0008e809e1b735100f3ef8003d0acffcb9b7cf,2012-08-05 18:46:54,prod,src/main/java/org/apache/commons/math3/genetics/CycleCrossover.java,2,org/apache/commons/math3/genetics,160,351,2012-08
def7c9911aeaaf9eacba0c1560b38fdca33e3083,2012-08-05 20:03:28,prod,src/main/java/org/apache/commons/math3/genetics/OrderedCrossover.java,2,org/apache/commons/math3/genetics,128,352,2012-08
def7c9911aeaaf9eacba0c1560b38fdca33e3083,2012-08-05 20:03:28,test,src/test/java/org/apache/commons/math3/genetics/OrderedCrossoverTest.java,2,org/apache/commons/math3/genetics,86,352,2012-08
13f4032d6c103bfaaabe89f2cd36dffaff5a10b6,2012-08-08 14:18:16,prod,src/main/java/org/apache/commons/math3/distribution/AbstractMultivariateRealDistribution.java,3,org/apache/commons/math3/distribution,104,353,2012-08
13f4032d6c103bfaaabe89f2cd36dffaff5a10b6,2012-08-08 14:18:16,prod,src/main/java/org/apache/commons/math3/distribution/MultivariateNormalDistribution.java,3,org/apache/commons/math3/distribution,211,353,2012-08
13f4032d6c103bfaaabe89f2cd36dffaff5a10b6,2012-08-08 14:18:16,prod,src/main/java/org/apache/commons/math3/distribution/MultivariateRealDistribution.java,3,org/apache/commons/math3/distribution,130,353,2012-08
87b597c622e5e83beb5e45cdc4bd06266a3f9020,2012-08-08 20:33:43,prod,src/main/java/org/apache/commons/math3/analysis/differentiation/DSCompiler.java,9,org/apache/commons/math3/analysis/differentiation,1246,354,2012-08
87b597c622e5e83beb5e45cdc4bd06266a3f9020,2012-08-08 20:33:43,prod,src/main/java/org/apache/commons/math3/analysis/differentiation/DerivativeStructure.java,9,org/apache/commons/math3/analysis/differentiation,576,354,2012-08
87b597c622e5e83beb5e45cdc4bd06266a3f9020,2012-08-08 20:33:43,prod,src/main/java/org/apache/commons/math3/analysis/differentiation/UnivariateDifferential.java,9,org/apache/commons/math3/analysis/differentiation,61,354,2012-08
87b597c622e5e83beb5e45cdc4bd06266a3f9020,2012-08-08 20:33:43,prod,src/main/java/org/apache/commons/math3/analysis/differentiation/UnivariateDifferentiator.java,9,org/apache/commons/math3/analysis/differentiation,34,354,2012-08
87b597c622e5e83beb5e45cdc4bd06266a3f9020,2012-08-08 20:33:43,prod,src/main/java/org/apache/commons/math3/analysis/differentiation/package-info.java,9,org/apache/commons/math3/analysis/differentiation,35,354,2012-08
87b597c622e5e83beb5e45cdc4bd06266a3f9020,2012-08-08 20:33:43,test,src/test/java/org/apache/commons/math3/analysis/differentiation/DSCompilerTest.java,9,org/apache/commons/math3/analysis/differentiation,466,354,2012-08
87b597c622e5e83beb5e45cdc4bd06266a3f9020,2012-08-08 20:33:43,test,src/test/java/org/apache/commons/math3/analysis/differentiation/DerivativeStructureTest.java,9,org/apache/commons/math3/analysis/differentiation,539,354,2012-08
f040e261bfdd835d6b1908d17b03503b85dd9ced,2012-08-08 21:52:22,test,src/test/java/org/apache/commons/math3/distribution/MultivariateNormalDistributionTest.java,2,org/apache/commons/math3/distribution,134,355,2012-08
2c8cfb1aa7db1e7fbbfdfcc809a892b06240f63f,2012-08-20 19:53:57,prod,src/main/java/org/apache/commons/math3/random/RandomDataGenerator.java,4,org/apache/commons/math3/random,770,356,2012-08
c768e7288a469215335c48decfb6f4010fb0ff0b,2012-08-25 10:06:00,test,src/test/java/org/apache/commons/math3/analysis/solvers/NewtonRaphsonSolverTest.java,12,org/apache/commons/math3/analysis/solvers,91,357,2012-08
c768e7288a469215335c48decfb6f4010fb0ff0b,2012-08-25 10:06:00,prod,src/main/java/org/apache/commons/math3/analysis/solvers/AbstractUnivariateDifferentiableSolver.java,12,org/apache/commons/math3/analysis/solvers,81,357,2012-08
c768e7288a469215335c48decfb6f4010fb0ff0b,2012-08-25 10:06:00,prod,src/main/java/org/apache/commons/math3/analysis/solvers/NewtonRaphsonSolver.java,12,org/apache/commons/math3/analysis/solvers,90,357,2012-08
c768e7288a469215335c48decfb6f4010fb0ff0b,2012-08-25 10:06:00,prod,src/main/java/org/apache/commons/math3/analysis/solvers/UnivariateDifferentiableSolver.java,12,org/apache/commons/math3/analysis/solvers,30,357,2012-08
b883dcbc08044687bc037ed2170f18416893f7d0,2012-09-10 14:47:45,prod,src/main/java/org/apache/commons/math3/exception/NotANumberException.java,8,org/apache/commons/math3/exception,38,358,2012-09
76e8646b953dd23a4cea2a64edbd744c09db619c,2012-09-11 15:33:10,prod,src/main/java/org/apache/commons/math3/analysis/differentiation/MultivariateDifferentiableFunction.java,5,org/apache/commons/math3/analysis/differentiation,49,359,2012-09
76e8646b953dd23a4cea2a64edbd744c09db619c,2012-09-11 15:33:10,prod,src/main/java/org/apache/commons/math3/analysis/differentiation/MultivariateDifferentiableVectorFunction.java,5,org/apache/commons/math3/analysis/differentiation,42,359,2012-09
76e8646b953dd23a4cea2a64edbd744c09db619c,2012-09-11 15:33:10,prod,src/main/java/org/apache/commons/math3/analysis/differentiation/UnivariateDiferentiableMatrixFunction.java,5,org/apache/commons/math3/analysis/differentiation,37,359,2012-09
76e8646b953dd23a4cea2a64edbd744c09db619c,2012-09-11 15:33:10,prod,src/main/java/org/apache/commons/math3/analysis/differentiation/UnivariateDifferentiableVectorFunction.java,5,org/apache/commons/math3/analysis/differentiation,37,359,2012-09
88678b58a45894e86c3c8cc3c66d46fb6b5aeb2b,2012-09-12 11:22:56,prod,src/main/java/org/apache/commons/math3/analysis/differentiation/GradientFunction.java,2,org/apache/commons/math3/analysis/differentiation,67,360,2012-09
88678b58a45894e86c3c8cc3c66d46fb6b5aeb2b,2012-09-12 11:22:56,test,src/test/java/org/apache/commons/math3/analysis/differentiation/GradientFunctionTest.java,2,org/apache/commons/math3/analysis/differentiation,88,360,2012-09
84f92e19288d132c18d5a5945ee7f6dbde43ab45,2012-09-12 11:23:23,prod,src/main/java/org/apache/commons/math3/analysis/differentiation/JacobianFunction.java,2,org/apache/commons/math3/analysis/differentiation,71,361,2012-09
84f92e19288d132c18d5a5945ee7f6dbde43ab45,2012-09-12 11:23:23,test,src/test/java/org/apache/commons/math3/analysis/differentiation/JacobianFunctionTest.java,2,org/apache/commons/math3/analysis/differentiation,96,361,2012-09
621bbb8fc7ef562d86e18bbc28c5d4f25a68b442,2012-09-13 15:13:03,test,src/test/java/org/apache/commons/math3/linear/RectangularCholeskyDecompositionTest.java,4,org/apache/commons/math3/linear,112,362,2012-09
c8b8e612430cdc2f54d0bbb3f25f1c956963d99b,2012-09-14 20:17:00,prod,src/main/java/org/apache/commons/math3/optimization/MultivariateDifferentiableMultiStartOptimizer.java,36,org/apache/commons/math3/optimization,51,363,2012-09
c8b8e612430cdc2f54d0bbb3f25f1c956963d99b,2012-09-14 20:17:00,prod,src/main/java/org/apache/commons/math3/optimization/MultivariateDifferentiableOptimizer.java,36,org/apache/commons/math3/optimization,36,363,2012-09
c8b8e612430cdc2f54d0bbb3f25f1c956963d99b,2012-09-14 20:17:00,prod,src/main/java/org/apache/commons/math3/optimization/MultivariateDifferentiableVectorMultiStartOptimizer.java,36,org/apache/commons/math3/optimization,52,363,2012-09
c8b8e612430cdc2f54d0bbb3f25f1c956963d99b,2012-09-14 20:17:00,prod,src/main/java/org/apache/commons/math3/optimization/MultivariateDifferentiableVectorOptimizer.java,36,org/apache/commons/math3/optimization,31,363,2012-09
c8b8e612430cdc2f54d0bbb3f25f1c956963d99b,2012-09-14 20:17:00,prod,src/main/java/org/apache/commons/math3/optimization/general/AbstractDifferentiableOptimizer.java,36,org/apache/commons/math3/optimization/general,76,363,2012-09
c8b8e612430cdc2f54d0bbb3f25f1c956963d99b,2012-09-14 20:17:00,test,src/test/java/org/apache/commons/math3/optimization/MultivariateDifferentiableMultiStartOptimizerTest.java,36,org/apache/commons/math3/optimization,93,363,2012-09
be26e43b989d340ec9221cd76591172e39180428,2012-09-17 17:41:54,prod,src/main/java/org/apache/commons/math3/analysis/differentiation/UnivariateMatrixFunctionDifferentiator.java,6,org/apache/commons/math3/analysis/differentiation,34,364,2012-09
be26e43b989d340ec9221cd76591172e39180428,2012-09-17 17:41:54,prod,src/main/java/org/apache/commons/math3/analysis/differentiation/UnivariateVectorFunctionDifferentiator.java,6,org/apache/commons/math3/analysis/differentiation,34,364,2012-09
830cd9eecafaa56e450150dc4a019bb49d30d408,2012-09-17 17:42:47,prod,src/main/java/org/apache/commons/math3/analysis/differentiation/FiniteDifferencesDifferentiator.java,2,org/apache/commons/math3/analysis/differentiation,306,365,2012-09
830cd9eecafaa56e450150dc4a019bb49d30d408,2012-09-17 17:42:47,test,src/test/java/org/apache/commons/math3/analysis/differentiation/FiniteDifferencesDifferentiatorTest.java,2,org/apache/commons/math3/analysis/differentiation,264,365,2012-09
7a74137904984aaa59284626810493d1ed060571,2012-09-20 16:21:46,prod,src/main/java/org/apache/commons/math3/complex/Quaternion.java,6,org/apache/commons/math3/complex,465,366,2012-09
7a74137904984aaa59284626810493d1ed060571,2012-09-20 16:21:46,test,src/test/java/org/apache/commons/math3/complex/QuaternionTest.java,6,org/apache/commons/math3/complex,405,366,2012-09
dadeacc23e03567cd6d58383e4e9e2191f3c5331,2012-09-26 09:39:19,prod,src/main/java/org/apache/commons/math3/exception/MathRuntimeException.java,1,org/apache/commons/math3/exception,66,367,2012-09
df92c3b6f11dc85ee3b7e30586ea42b35225d35a,2012-09-30 13:22:28,test,src/test/java/org/apache/commons/math3/geometry/euclidean/twod/SegmentTest.java,6,org/apache/commons/math3/geometry/euclidean/twod,45,368,2012-09
8bc689a30cf1e5efee259e84d9578e4c7cd2375a,2012-10-13 01:09:02,prod,src/main/java/org/apache/commons/math3/optimization/InitialGuess.java,3,org/apache/commons/math3/optimization,47,369,2012-10
8bc689a30cf1e5efee259e84d9578e4c7cd2375a,2012-10-13 01:09:02,prod,src/main/java/org/apache/commons/math3/optimization/OptimizationData.java,3,org/apache/commons/math3/optimization,29,369,2012-10
652c6220cbec049eb7e867eb23ad4ba6a01b832b,2012-10-15 12:16:53,prod,src/main/java/org/apache/commons/math3/optimization/SimpleBounds.java,5,org/apache/commons/math3/optimization,62,370,2012-10
ea138c2da2c7dfd4b7e947fbad8c10d1fda745c2,2012-10-19 11:00:53,prod,src/main/java/org/apache/commons/math3/distribution/MixtureMultivariateRealDistribution.java,2,org/apache/commons/math3/distribution,163,371,2012-10
ea138c2da2c7dfd4b7e947fbad8c10d1fda745c2,2012-10-19 11:00:53,test,src/test/java/org/apache/commons/math3/distribution/MultivariateNormalMixtureModelDistributionTest.java,2,org/apache/commons/math3/distribution,300,371,2012-10
4fe86d82eb16f68d31907bfd5a0f685a016d476c,2012-10-26 18:27:34,prod,src/main/java/org/apache/commons/math3/optimization/Target.java,2,org/apache/commons/math3/optimization,49,372,2012-10
4fe86d82eb16f68d31907bfd5a0f685a016d476c,2012-10-26 18:27:34,prod,src/main/java/org/apache/commons/math3/optimization/Weight.java,2,org/apache/commons/math3/optimization,71,372,2012-10
0987ae5a20d51ce2eff67150f524511494926d3f,2012-11-04 19:32:35,test,src/test/java/org/apache/commons/math3/stat/inference/GTestTest.java,4,org/apache/commons/math3/stat/inference,290,373,2012-11
2a41e40c151d35c30e314717fb7d594f2745962a,2012-11-05 08:00:19,test,src/test/java/org/apache/commons/math3/geometry/euclidean/oned/IntervalTest.java,3,org/apache/commons/math3/geometry/euclidean/oned,74,374,2012-11
2a75c2afdc110137d98cc07407beacb31550a4dc,2012-11-18 12:49:49,prod,src/main/java/org/apache/commons/math3/stat/clustering/DBSCANClusterer.java,4,org/apache/commons/math3/stat/clustering,224,375,2012-11
2a75c2afdc110137d98cc07407beacb31550a4dc,2012-11-18 12:49:49,prod,src/main/java/org/apache/commons/math3/stat/clustering/EuclideanDoublePoint.java,4,org/apache/commons/math3/stat/clustering,103,375,2012-11
2a75c2afdc110137d98cc07407beacb31550a4dc,2012-11-18 12:49:49,test,src/test/java/org/apache/commons/math3/stat/clustering/DBSCANClustererTest.java,4,org/apache/commons/math3/stat/clustering,190,375,2012-11
2a75c2afdc110137d98cc07407beacb31550a4dc,2012-11-18 12:49:49,test,src/test/java/org/apache/commons/math3/stat/clustering/EuclideanDoublePointTest.java,4,org/apache/commons/math3/stat/clustering,62,375,2012-11
cca05f0c714ed0984826433567f52bf31e90062d,2012-11-18 21:00:34,prod,src/main/java/org/apache/commons/math3/random/SynchronizedRandomGenerator.java,2,org/apache/commons/math3/random,122,376,2012-11
ce126bdbc6d3dbc8a3e83e1884999afadee76866,2012-11-18 22:48:05,test,src/test/java/org/apache/commons/math3/random/SynchronizedRandomGeneratorTest.java,2,org/apache/commons/math3/random,120,377,2012-11
04c63b16302b3efdc6dcf799d2c7047a5611ff14,2012-11-22 23:17:49,test,src/test/java/org/apache/commons/math3/optimization/SimpleVectorValueCheckerTest.java,6,org/apache/commons/math3/optimization,54,378,2012-11
04c63b16302b3efdc6dcf799d2c7047a5611ff14,2012-11-22 23:17:49,test,src/test/java/org/apache/commons/math3/optimization/SimplePointCheckerTest.java,6,org/apache/commons/math3/optimization,54,378,2012-11
04c63b16302b3efdc6dcf799d2c7047a5611ff14,2012-11-22 23:17:49,test,src/test/java/org/apache/commons/math3/optimization/SimpleValueCheckerTest.java,6,org/apache/commons/math3/optimization,52,378,2012-11
ec46f40b0be95ff28b07204a5304de8e5262aef1,2012-11-24 11:11:10,test,src/test/java/org/apache/commons/math3/optimization/univariate/SimpleUnivariateValueCheckerTest.java,2,org/apache/commons/math3/optimization/univariate,52,379,2012-11
250cf6e3669ee3c0cfda5d20761fb1324f594df0,2012-12-28 20:16:38,prod,src/main/java/org/apache/commons/math3/optim/nonlinear/vector/NonCorrelatedWeight.java,18,org/apache/commons/math3/optim/nonlinear/vector,53,380,2012-12
ace42058d67a52fb362543c5cf5aca64cf8de3e8,2012-12-29 13:11:51,prod,src/main/java/org/apache/commons/math3/linear/DiagonalMatrix.java,1,org/apache/commons/math3/linear,376,381,2012-12
7096b9b24ee63ce6e9a5d34b1b87ea7768c85fb2,2013-01-09 13:17:59,test,src/test/java/org/apache/commons/math3/linear/DiagonalMatrixTest.java,1,org/apache/commons/math3/linear,222,382,2013-01
82048096768b4c6890c680cd57e2c4dee8ea28c6,2013-01-30 23:27:41,test,src/test/java/org/apache/commons/math3/random/UnitSphereRandomVectorGeneratorTest.java,3,org/apache/commons/math3/random,68,383,2013-01
23083ae26ea55a368a4b11c096b5b763b52533de,2013-02-06 20:08:33,prod,src/main/java/org/apache/commons/math3/geometry/euclidean/threed/SphericalCoordinates.java,3,org/apache/commons/math3/geometry/euclidean/threed,396,384,2013-02
23083ae26ea55a368a4b11c096b5b763b52533de,2013-02-06 20:08:33,test,src/test/java/org/apache/commons/math3/geometry/euclidean/threed/SphericalCoordinatesTest.java,3,org/apache/commons/math3/geometry/euclidean/threed,186,384,2013-02
b1a4e8f2f962a51d075e341b3305553b1a2cf6bc,2013-02-18 13:58:21,test,src/test/java/org/apache/commons/math3/geometry/euclidean/threed/Vector3DDSTest.java,5,org/apache/commons/math3/geometry/euclidean/threed,733,385,2013-02
b1a4e8f2f962a51d075e341b3305553b1a2cf6bc,2013-02-18 13:58:21,test,src/test/java/org/apache/commons/math3/geometry/euclidean/threed/RotationDSTest.java,5,org/apache/commons/math3/geometry/euclidean/threed,841,385,2013-02
b1a4e8f2f962a51d075e341b3305553b1a2cf6bc,2013-02-18 13:58:21,prod,src/main/java/org/apache/commons/math3/geometry/euclidean/threed/RotationDS.java,5,org/apache/commons/math3/geometry/euclidean/threed,1211,385,2013-02
b1a4e8f2f962a51d075e341b3305553b1a2cf6bc,2013-02-18 13:58:21,prod,src/main/java/org/apache/commons/math3/geometry/euclidean/threed/Vector3DDS.java,5,org/apache/commons/math3/geometry/euclidean/threed,1087,385,2013-02
49d94ad78ccfcea4e4c6aada466b2077895310a5,2013-02-24 19:13:17,prod,src/main/java/org/apache/commons/math3/ExtendedFieldElement.java,18,org/apache/commons/math3,490,386,2013-02
49d94ad78ccfcea4e4c6aada466b2077895310a5,2013-02-24 19:13:17,prod,src/main/java/org/apache/commons/math3/geometry/euclidean/threed/FieldVector3D.java,18,org/apache/commons/math3/geometry/euclidean/threed,891,386,2013-02
49d94ad78ccfcea4e4c6aada466b2077895310a5,2013-02-24 19:13:17,test,src/test/java/org/apache/commons/math3/geometry/euclidean/threed/FieldRotationDfpTest.java,18,org/apache/commons/math3/geometry/euclidean/threed,716,386,2013-02
684a87be709b44bbeaad59c4f313f69769c401da,2013-02-25 10:59:10,prod,src/main/java/org/apache/commons/math3/analysis/interpolation/FieldHermiteInterpolator.java,3,org/apache/commons/math3/analysis/interpolation,152,387,2013-02
684a87be709b44bbeaad59c4f313f69769c401da,2013-02-25 10:59:10,test,src/test/java/org/apache/commons/math3/analysis/interpolation/FieldHermiteInterpolatorTest.java,3,org/apache/commons/math3/analysis/interpolation,245,387,2013-02
2925baa963da45b0db184a99cc30180dd251815f,2013-02-25 14:34:37,test,src/test/java/org/apache/commons/math3/AbstractExtendedFieldElementTest.java,4,org/apache/commons/math3,538,388,2013-02
91ebbb6294771e5a270810dba16ec6dd49f8f9bb,2013-03-08 15:59:29,prod,src/main/java/org/apache/commons/math3/distribution/DiscreteDistribution.java,7,org/apache/commons/math3/distribution,197,389,2013-03
91ebbb6294771e5a270810dba16ec6dd49f8f9bb,2013-03-08 15:59:29,prod,src/main/java/org/apache/commons/math3/distribution/DiscreteIntegerDistribution.java,7,org/apache/commons/math3/distribution,209,389,2013-03
91ebbb6294771e5a270810dba16ec6dd49f8f9bb,2013-03-08 15:59:29,prod,src/main/java/org/apache/commons/math3/distribution/DiscreteRealDistribution.java,7,org/apache/commons/math3/distribution,245,389,2013-03
91ebbb6294771e5a270810dba16ec6dd49f8f9bb,2013-03-08 15:59:29,test,src/test/java/org/apache/commons/math3/distribution/DiscreteIntegerDistributionTest.java,7,org/apache/commons/math3/distribution,171,389,2013-03
91ebbb6294771e5a270810dba16ec6dd49f8f9bb,2013-03-08 15:59:29,test,src/test/java/org/apache/commons/math3/distribution/DiscreteRealDistributionTest.java,7,org/apache/commons/math3/distribution,202,389,2013-03
c99413d2e925c6a8fa8132116c7ba985b54f67e4,2013-03-10 21:05:20,prod,src/main/java/org/apache/commons/math3/primes/PollardRho.java,7,org/apache/commons/math3/primes,163,390,2013-03
c99413d2e925c6a8fa8132116c7ba985b54f67e4,2013-03-10 21:05:20,test,src/test/java/org/apache/commons/math3/primes/PrimesTest.java,7,org/apache/commons/math3/primes,172,390,2013-03
c99413d2e925c6a8fa8132116c7ba985b54f67e4,2013-03-10 21:05:20,prod,src/main/java/org/apache/commons/math3/primes/package-info.java,7,org/apache/commons/math3/primes,20,390,2013-03
c99413d2e925c6a8fa8132116c7ba985b54f67e4,2013-03-10 21:05:20,prod,src/main/java/org/apache/commons/math3/primes/SmallPrimes.java,7,org/apache/commons/math3/primes,186,390,2013-03
c99413d2e925c6a8fa8132116c7ba985b54f67e4,2013-03-10 21:05:20,prod,src/main/java/org/apache/commons/math3/primes/Primes.java,7,org/apache/commons/math3/primes,127,390,2013-03
e1f1860894c540ec9e972e250a8975f212fcf77a,2013-03-12 17:08:52,test,src/test/java/org/apache/commons/math3/linear/RRQRDecompositionTest.java,6,org/apache/commons/math3/linear,233,391,2013-03
e1f1860894c540ec9e972e250a8975f212fcf77a,2013-03-12 17:08:52,test,src/test/java/org/apache/commons/math3/linear/RRQRSolverTest.java,6,org/apache/commons/math3/linear,202,391,2013-03
e1f1860894c540ec9e972e250a8975f212fcf77a,2013-03-12 17:08:52,prod,src/main/java/org/apache/commons/math3/linear/RRQRDecomposition.java,6,org/apache/commons/math3/linear,230,391,2013-03
53039d5d04fb5fbf2298e5b090bda97f602e2bda,2013-03-15 11:39:14,test,src/test/java/org/apache/commons/math3/distribution/LevyDistributionTest.java,6,org/apache/commons/math3/distribution,51,392,2013-03
53039d5d04fb5fbf2298e5b090bda97f602e2bda,2013-03-15 11:39:14,prod,src/main/java/org/apache/commons/math3/distribution/LevyDistribution.java,6,org/apache/commons/math3/distribution,143,392,2013-03
4e4e8fad43b1b105395d56d9bae98297d3fefdb1,2013-03-19 14:09:58,test,src/test/java/org/apache/commons/math3/ode/events/EventFilterTest.java,5,org/apache/commons/math3/ode/events,279,393,2013-03
4e4e8fad43b1b105395d56d9bae98297d3fefdb1,2013-03-19 14:09:58,prod,src/main/java/org/apache/commons/math3/ode/events/Transformer.java,5,org/apache/commons/math3/ode/events,103,393,2013-03
4e4e8fad43b1b105395d56d9bae98297d3fefdb1,2013-03-19 14:09:58,prod,src/main/java/org/apache/commons/math3/ode/events/FilterType.java,5,org/apache/commons/math3/ode/events,399,393,2013-03
4e4e8fad43b1b105395d56d9bae98297d3fefdb1,2013-03-19 14:09:58,prod,src/main/java/org/apache/commons/math3/ode/events/EventFilter.java,5,org/apache/commons/math3/ode/events,207,393,2013-03
9c90639c10fea427d701632ed780e26ab539efef,2013-03-21 16:22:02,test,src/test/java/org/apache/commons/math3/distribution/fitting/MultivariateNormalMixtureExpectationMaximizationTest.java,3,org/apache/commons/math3/distribution/fitting,324,394,2013-03
9c90639c10fea427d701632ed780e26ab539efef,2013-03-21 16:22:02,prod,src/main/java/org/apache/commons/math3/distribution/MixtureMultivariateNormalDistribution.java,3,org/apache/commons/math3/distribution,91,394,2013-03
9c90639c10fea427d701632ed780e26ab539efef,2013-03-21 16:22:02,prod,src/main/java/org/apache/commons/math3/distribution/fitting/MultivariateNormalMixtureExpectationMaximization.java,3,org/apache/commons/math3/distribution/fitting,440,394,2013-03
9f1bc5ba423b876a46c100b8fe8a80ad6e626b8b,2013-03-22 16:05:14,prod,src/main/java/org/apache/commons/math3/distribution/fitting/package-info.java,1,org/apache/commons/math3/distribution/fitting,20,395,2013-03
363e116e34ea657ae0664bde3beb02dda773d9ca,2013-03-27 21:48:10,prod,src/main/java/org/apache/commons/math3/ml/clustering/CentroidCluster.java,19,org/apache/commons/math3/ml/clustering,38,396,2013-03
363e116e34ea657ae0664bde3beb02dda773d9ca,2013-03-27 21:48:10,prod,src/main/java/org/apache/commons/math3/ml/clustering/Cluster.java,19,org/apache/commons/math3/ml/clustering,61,396,2013-03
363e116e34ea657ae0664bde3beb02dda773d9ca,2013-03-27 21:48:10,prod,src/main/java/org/apache/commons/math3/ml/distance/ChebyshevDistance.java,19,org/apache/commons/math3/ml/distance,21,396,2013-03
363e116e34ea657ae0664bde3beb02dda773d9ca,2013-03-27 21:48:10,prod,src/main/java/org/apache/commons/math3/ml/clustering/DoublePoint.java,19,org/apache/commons/math3/ml/clustering,87,396,2013-03
363e116e34ea657ae0664bde3beb02dda773d9ca,2013-03-27 21:48:10,prod,src/main/java/org/apache/commons/math3/ml/clustering/KMeansPlusPlusClusterer.java,19,org/apache/commons/math3/ml/clustering,561,396,2013-03
363e116e34ea657ae0664bde3beb02dda773d9ca,2013-03-27 21:48:10,prod,src/main/java/org/apache/commons/math3/ml/clustering/MultiKMeansPlusPlusClusterer.java,19,org/apache/commons/math3/ml/clustering,121,396,2013-03
363e116e34ea657ae0664bde3beb02dda773d9ca,2013-03-27 21:48:10,prod,src/main/java/org/apache/commons/math3/ml/clustering/package-info.java,19,org/apache/commons/math3/ml/clustering,20,396,2013-03
363e116e34ea657ae0664bde3beb02dda773d9ca,2013-03-27 21:48:10,prod,src/main/java/org/apache/commons/math3/ml/distance/CanberraDistance.java,19,org/apache/commons/math3/ml/distance,27,396,2013-03
363e116e34ea657ae0664bde3beb02dda773d9ca,2013-03-27 21:48:10,prod,src/main/java/org/apache/commons/math3/ml/clustering/Clusterable.java,19,org/apache/commons/math3/ml/clustering,33,396,2013-03
363e116e34ea657ae0664bde3beb02dda773d9ca,2013-03-27 21:48:10,prod,src/main/java/org/apache/commons/math3/ml/distance/DistanceMeasure.java,19,org/apache/commons/math3/ml/distance,23,396,2013-03
363e116e34ea657ae0664bde3beb02dda773d9ca,2013-03-27 21:48:10,prod,src/main/java/org/apache/commons/math3/ml/distance/EuclideanDistance.java,19,org/apache/commons/math3/ml/distance,21,396,2013-03
363e116e34ea657ae0664bde3beb02dda773d9ca,2013-03-27 21:48:10,prod,src/main/java/org/apache/commons/math3/ml/distance/ManhattanDistance.java,19,org/apache/commons/math3/ml/distance,21,396,2013-03
363e116e34ea657ae0664bde3beb02dda773d9ca,2013-03-27 21:48:10,prod,src/main/java/org/apache/commons/math3/ml/distance/package-info.java,19,org/apache/commons/math3/ml/distance,20,396,2013-03
363e116e34ea657ae0664bde3beb02dda773d9ca,2013-03-27 21:48:10,prod,src/main/java/org/apache/commons/math3/ml/package-info.java,19,org/apache/commons/math3/ml,20,396,2013-03
363e116e34ea657ae0664bde3beb02dda773d9ca,2013-03-27 21:48:10,test,src/test/java/org/apache/commons/math3/ml/clustering/DBSCANClustererTest.java,19,org/apache/commons/math3/ml/clustering,190,396,2013-03
363e116e34ea657ae0664bde3beb02dda773d9ca,2013-03-27 21:48:10,test,src/test/java/org/apache/commons/math3/ml/clustering/KMeansPlusPlusClustererTest.java,19,org/apache/commons/math3/ml/clustering,191,396,2013-03
363e116e34ea657ae0664bde3beb02dda773d9ca,2013-03-27 21:48:10,test,src/test/java/org/apache/commons/math3/ml/clustering/MultiKMeansPlusPlusClustererTest.java,19,org/apache/commons/math3/ml/clustering,98,396,2013-03
363e116e34ea657ae0664bde3beb02dda773d9ca,2013-03-27 21:48:10,prod,src/main/java/org/apache/commons/math3/ml/clustering/DBSCANClusterer.java,19,org/apache/commons/math3/ml/clustering,231,396,2013-03
363e116e34ea657ae0664bde3beb02dda773d9ca,2013-03-27 21:48:10,prod,src/main/java/org/apache/commons/math3/ml/clustering/Clusterer.java,19,org/apache/commons/math3/ml/clustering,65,396,2013-03
eea1b0114ab719abff5249f5ec1e1f9b4895aaf1,2013-04-02 13:38:26,test,src/test/java/org/apache/commons/math3/ml/distance/EuclideanDistanceTest.java,4,org/apache/commons/math3/ml/distance,43,397,2013-04
eea1b0114ab719abff5249f5ec1e1f9b4895aaf1,2013-04-02 13:38:26,test,src/test/java/org/apache/commons/math3/ml/distance/ChebyshevDistanceTest.java,4,org/apache/commons/math3/ml/distance,43,397,2013-04
eea1b0114ab719abff5249f5ec1e1f9b4895aaf1,2013-04-02 13:38:26,test,src/test/java/org/apache/commons/math3/ml/distance/ManhattanDistanceTest.java,4,org/apache/commons/math3/ml/distance,42,397,2013-04
eea1b0114ab719abff5249f5ec1e1f9b4895aaf1,2013-04-02 13:38:26,test,src/test/java/org/apache/commons/math3/ml/distance/CanberraDistanceTest.java,4,org/apache/commons/math3/ml/distance,48,397,2013-04
4b8647bf6ce2b478e6bc90d0158ce81939a14378,2013-04-09 21:28:36,prod,src/main/java/org/apache/commons/math3/ml/clustering/FuzzyKMeansClusterer.java,1,org/apache/commons/math3/ml/clustering,382,398,2013-04
9a2f69613afe980054e4869a6bbe0698de436d6e,2013-04-10 20:12:54,test,src/test/java/org/apache/commons/math3/ml/clustering/FuzzyKMeansClustererTest.java,1,org/apache/commons/math3/ml/clustering,83,399,2013-04
9622889fae438e3b75ccf544a9719445e38061c9,2013-05-07 20:09:52,prod,src/main/java/org/apache/commons/math3/distribution/ParetoDistribution.java,4,org/apache/commons/math3/distribution,280,400,2013-05
9622889fae438e3b75ccf544a9719445e38061c9,2013-05-07 20:09:52,test,src/test/java/org/apache/commons/math3/distribution/ParetoDistributionTest.java,4,org/apache/commons/math3/distribution,206,400,2013-05
6a86777677aa0ca67cef2a21382fcb144aacc091,2013-05-07 20:38:08,prod,src/main/java/org/apache/commons/math3/distribution/GeometricDistribution.java,3,org/apache/commons/math3/distribution,154,401,2013-05
6a86777677aa0ca67cef2a21382fcb144aacc091,2013-05-07 20:38:08,test,src/test/java/org/apache/commons/math3/distribution/GeometricDistributionTest.java,3,org/apache/commons/math3/distribution,143,401,2013-05
7d5a5cb8afedbdf2cbd55da3d0f0022c0f62bf56,2013-05-12 14:00:06,prod,src/main/java/org/apache/commons/math3/random/SobolSequenceGenerator.java,4,org/apache/commons/math3/random,310,402,2013-05
7d5a5cb8afedbdf2cbd55da3d0f0022c0f62bf56,2013-05-12 14:00:06,test,src/test/java/org/apache/commons/math3/random/SobolSequenceGeneratorTest.java,4,org/apache/commons/math3/random,107,402,2013-05
f4b634bff3463e5dc99bc6063996406c2fd7eb1c,2013-05-22 19:12:21,prod,src/main/java/org/apache/commons/math3/random/HaltonSequenceGenerator.java,1,org/apache/commons/math3/random,184,403,2013-05
9e56afb7c4738074b10895a11a131543c7f13825,2013-05-26 15:59:03,test,src/test/java/org/apache/commons/math3/random/HaltonSequenceGeneratorTest.java,2,org/apache/commons/math3/random,135,404,2013-05
9e621906063e88f2f172598b9321d08ec22b4d01,2013-06-03 09:04:40,prod,src/main/java/org/apache/commons/math3/analysis/integration/MidPointIntegrator.java,4,org/apache/commons/math3/analysis/integration,165,405,2013-06
9e621906063e88f2f172598b9321d08ec22b4d01,2013-06-03 09:04:40,test,src/test/java/org/apache/commons/math3/analysis/integration/MidPointIntegratorTest.java,4,org/apache/commons/math3/analysis/integration,132,405,2013-06
7fb87df29458631ece4bc2e284b21ff336c5647e,2013-07-05 14:20:19,prod,src/main/java/org/apache/commons/math3/analysis/integration/gauss/SymmetricGaussIntegrator.java,8,org/apache/commons/math3/analysis/integration/gauss,106,406,2013-07
7fb87df29458631ece4bc2e284b21ff336c5647e,2013-07-05 14:20:19,test,src/test/java/org/apache/commons/math3/analysis/integration/gauss/GaussIntegratorTest.java,8,org/apache/commons/math3/analysis/integration/gauss,75,406,2013-07
7fb87df29458631ece4bc2e284b21ff336c5647e,2013-07-05 14:20:19,test,src/test/java/org/apache/commons/math3/analysis/integration/gauss/HermiteParametricTest.java,8,org/apache/commons/math3/analysis/integration/gauss,96,406,2013-07
7fb87df29458631ece4bc2e284b21ff336c5647e,2013-07-05 14:20:19,test,src/test/java/org/apache/commons/math3/analysis/integration/gauss/HermiteTest.java,8,org/apache/commons/math3/analysis/integration/gauss,120,406,2013-07
7fb87df29458631ece4bc2e284b21ff336c5647e,2013-07-05 14:20:19,prod,src/main/java/org/apache/commons/math3/analysis/integration/gauss/HermiteRuleFactory.java,8,org/apache/commons/math3/analysis/integration/gauss,179,406,2013-07
bafa4f8bf8f7825c169e9ea102a099086b83071a,2013-08-01 13:12:06,prod,src/main/java/org/apache/commons/math3/random/RandomGeneratorFactory.java,2,org/apache/commons/math3/random,121,407,2013-08
bafa4f8bf8f7825c169e9ea102a099086b83071a,2013-08-01 13:12:06,test,src/test/java/org/apache/commons/math3/random/RandomGeneratorFactoryTest.java,2,org/apache/commons/math3/random,34,407,2013-08
63030b2b0ad2735a45522b73adc414746eb3dd38,2013-08-09 23:21:14,prod,src/main/java/org/apache/commons/math3/optim/AbstractOptimizer.java,8,org/apache/commons/math3/optim,226,408,2013-08
0155238a3c86691ebb6b5d5a067088c2d0c9273c,2013-08-21 02:03:30,test,src/test/java/org/apache/commons/math3/fitting/WeightedObservedPointsTest.java,2,org/apache/commons/math3/fitting,126,409,2013-08
0155238a3c86691ebb6b5d5a067088c2d0c9273c,2013-08-21 02:03:30,prod,src/main/java/org/apache/commons/math3/fitting/WeightedObservedPoints.java,2,org/apache/commons/math3/fitting,113,409,2013-08
667feb7b73fe960c91e3ae5e3fa288b98caf4f2a,2013-08-23 14:12:06,prod,src/main/java/org/apache/commons/math3/fitting/AbstractCurveFitter.java,1,org/apache/commons/math3/fitting,136,410,2013-08
eb1a3f00a265fb23e839e2b99096f12833105424,2013-08-23 15:39:55,test,src/test/java/org/apache/commons/math3/fitting/GaussianCurveFitterTest.java,2,org/apache/commons/math3/fitting,397,411,2013-08
eb1a3f00a265fb23e839e2b99096f12833105424,2013-08-23 15:39:55,prod,src/main/java/org/apache/commons/math3/fitting/GaussianCurveFitter.java,2,org/apache/commons/math3/fitting,424,411,2013-08
ad35857d0fab949b00dafc22b20b8e93bcb603d2,2013-08-24 21:55:35,prod,src/main/java/org/apache/commons/math3/util/CombinatoricsUtils.java,16,org/apache/commons/math3/util,637,412,2013-08
ad35857d0fab949b00dafc22b20b8e93bcb603d2,2013-08-24 21:55:35,test,src/test/java/org/apache/commons/math3/util/CombinatoricsUtilsTest.java,16,org/apache/commons/math3/util,443,412,2013-08
46c14e741114bb5e20405c7eaf3e92018aee2c0e,2013-08-31 15:32:49,prod,src/main/java/org/apache/commons/math3/ml/distance/EarthMoversDistance.java,3,org/apache/commons/math3/ml/distance,45,413,2013-08
46c14e741114bb5e20405c7eaf3e92018aee2c0e,2013-08-31 15:32:49,test,src/test/java/org/apache/commons/math3/ml/distance/EarthMoversDistanceTest.java,3,org/apache/commons/math3/ml/distance,50,413,2013-08
77ba0961e519b851f6fe329a3c4cfd0b180a760a,2013-09-04 07:28:48,prod,src/main/java/org/apache/commons/math3/util/Combinations.java,4,org/apache/commons/math3/util,281,414,2013-09
77ba0961e519b851f6fe329a3c4cfd0b180a760a,2013-09-04 07:28:48,test,src/test/java/org/apache/commons/math3/util/CombinationsTest.java,4,org/apache/commons/math3/util,127,414,2013-09
f2b1cf5e5dc5e432bdafdeba25f532f7636caec9,2013-09-07 20:37:49,prod,src/main/java/org/apache/commons/math3/fitting/HarmonicCurveFitter.java,3,org/apache/commons/math3/fitting,439,415,2013-09
f2b1cf5e5dc5e432bdafdeba25f532f7636caec9,2013-09-07 20:37:49,test,src/test/java/org/apache/commons/math3/fitting/HarmonicCurveFitterTest.java,3,org/apache/commons/math3/fitting,183,415,2013-09
22cad3d1a903a894b82f83b7bd6894ce2c05ca62,2013-09-30 20:54:28,prod,src/main/java/org/apache/commons/math3/stat/inference/AlternativeHypothesis.java,4,org/apache/commons/math3/stat/inference,41,416,2013-09
22cad3d1a903a894b82f83b7bd6894ce2c05ca62,2013-09-30 20:54:28,test,src/test/java/org/apache/commons/math3/stat/inference/BinomialTestTest.java,4,org/apache/commons/math3/stat/inference,84,416,2013-09
52e85a5f6f594cc430e9eccc771fedf4e10eb906,2013-10-19 20:37:13,prod,src/main/java/org/apache/commons/math3/stat/inference/ConfidenceInterval.java,6,org/apache/commons/math3/stat/inference,110,417,2013-10
52e85a5f6f594cc430e9eccc771fedf4e10eb906,2013-10-19 20:37:13,prod,src/main/java/org/apache/commons/math3/stat/inference/BinomialConfidenceInterval.java,6,org/apache/commons/math3/stat/inference,202,417,2013-10
52e85a5f6f594cc430e9eccc771fedf4e10eb906,2013-10-19 20:37:13,test,src/test/java/org/apache/commons/math3/stat/inference/BinomialConfidenceIntervalTest.java,6,org/apache/commons/math3/stat/inference,94,417,2013-10
c528afa780aaff21003e3500baa0d11dd5321117,2013-10-27 09:52:44,prod,src/main/java/org/apache/commons/math3/analysis/differentiation/SparseGradient.java,3,org/apache/commons/math3/analysis/differentiation,926,418,2013-10
c528afa780aaff21003e3500baa0d11dd5321117,2013-10-27 09:52:44,test,src/test/java/org/apache/commons/math3/analysis/differentiation/SparseGradientTest.java,3,org/apache/commons/math3/analysis/differentiation,1128,418,2013-10
3631295c437c5b8915afc7b2b259496eb2d5d782,2013-10-31 21:16:08,prod,src/main/java/org/apache/commons/math3/stat/correlation/KendallsCorrelation.java,4,org/apache/commons/math3/stat/correlation,261,419,2013-10
3631295c437c5b8915afc7b2b259496eb2d5d782,2013-10-31 21:16:08,test,src/test/java/org/apache/commons/math3/stat/correlation/KendallsCorrelationTest.java,4,org/apache/commons/math3/stat/correlation,235,419,2013-10
fdd505d9850350592d758a28048d3f0f78e5b6e5,2013-11-10 17:45:38,prod,src/main/java/org/apache/commons/math3/exception/InsufficientDataException.java,5,org/apache/commons/math3/exception,50,420,2013-11
3a45bc5b6d9b884be25f98982c9cabcaecdba96c,2013-11-16 18:48:48,prod,src/main/java/org/apache/commons/math3/ml/clustering/evaluation/SumOfClusterVariances.java,6,org/apache/commons/math3/ml/clustering/evaluation,69,421,2013-11
3a45bc5b6d9b884be25f98982c9cabcaecdba96c,2013-11-16 18:48:48,prod,src/main/java/org/apache/commons/math3/ml/clustering/evaluation/ClusterEvaluator.java,6,org/apache/commons/math3/ml/clustering/evaluation,123,421,2013-11
3a45bc5b6d9b884be25f98982c9cabcaecdba96c,2013-11-16 18:48:48,test,src/test/java/org/apache/commons/math3/ml/clustering/evaluation/SumOfClusterVariancesTest.java,6,org/apache/commons/math3/ml/clustering/evaluation,80,421,2013-11
3a45bc5b6d9b884be25f98982c9cabcaecdba96c,2013-11-16 18:48:48,prod,src/main/java/org/apache/commons/math3/ml/clustering/evaluation/package-info.java,6,org/apache/commons/math3/ml/clustering/evaluation,20,421,2013-11
54a7796ff234a9cbd2c66f8b1e5621f0898402f1,2013-11-18 21:24:32,prod,src/main/java/org/apache/commons/math3/optim/linear/SolutionCallback.java,4,org/apache/commons/math3/optim/linear,55,422,2013-11
c1ba07bb65f41afed35c12c12b40b4e8d03a408a,2013-11-20 18:57:53,test,src/test/java/org/apache/commons/math3/fitting/PolynomialCurveFitterTest.java,4,org/apache/commons/math3/fitting,166,423,2013-11
c1ba07bb65f41afed35c12c12b40b4e8d03a408a,2013-11-20 18:57:53,prod,src/main/java/org/apache/commons/math3/fitting/PolynomialCurveFitter.java,4,org/apache/commons/math3/fitting,125,423,2013-11
f3a785108f853e327001dcd435e92525d7fba96c,2013-12-14 21:50:33,prod,src/main/java/org/apache/commons/math3/optim/linear/PivotSelectionRule.java,4,org/apache/commons/math3/optim/linear,39,424,2013-12
6c4f5135420abf982605f2fef8e8e31e9b3b41ff,2014-01-01 17:22:53,prod,src/main/java/org/apache/commons/math3/geometry/Point.java,15,org/apache/commons/math3/geometry,41,425,2014-01
13188390f33649b1881dbd4d9f2440894a36463a,2014-01-01 17:24:37,prod,src/main/java/org/apache/commons/math3/geometry/spherical/twod/SubCircle.java,12,org/apache/commons/math3/geometry/spherical/twod,111,426,2014-01
13188390f33649b1881dbd4d9f2440894a36463a,2014-01-01 17:24:37,prod,src/main/java/org/apache/commons/math3/geometry/spherical/twod/package-info.java,12,org/apache/commons/math3/geometry/spherical/twod,30,426,2014-01
13188390f33649b1881dbd4d9f2440894a36463a,2014-01-01 17:24:37,prod,src/main/java/org/apache/commons/math3/geometry/spherical/twod/S2Point.java,12,org/apache/commons/math3/geometry/spherical/twod,226,426,2014-01
13188390f33649b1881dbd4d9f2440894a36463a,2014-01-01 17:24:37,prod,src/main/java/org/apache/commons/math3/geometry/spherical/twod/Circle.java,12,org/apache/commons/math3/geometry/spherical/twod,341,426,2014-01
13188390f33649b1881dbd4d9f2440894a36463a,2014-01-01 17:24:37,prod,src/main/java/org/apache/commons/math3/geometry/spherical/oned/package-info.java,12,org/apache/commons/math3/geometry/spherical/oned,30,426,2014-01
13188390f33649b1881dbd4d9f2440894a36463a,2014-01-01 17:24:37,prod,src/main/java/org/apache/commons/math3/geometry/spherical/oned/SubChord.java,12,org/apache/commons/math3/geometry/spherical/oned,111,426,2014-01
13188390f33649b1881dbd4d9f2440894a36463a,2014-01-01 17:24:37,prod,src/main/java/org/apache/commons/math3/geometry/spherical/twod/Sphere2D.java,12,org/apache/commons/math3/geometry/spherical/twod,81,426,2014-01
13188390f33649b1881dbd4d9f2440894a36463a,2014-01-01 17:24:37,prod,src/main/java/org/apache/commons/math3/geometry/spherical/oned/S1Point.java,12,org/apache/commons/math3/geometry/spherical/oned,152,426,2014-01
13188390f33649b1881dbd4d9f2440894a36463a,2014-01-01 17:24:37,prod,src/main/java/org/apache/commons/math3/geometry/spherical/oned/Chord.java,12,org/apache/commons/math3/geometry/spherical/oned,111,426,2014-01
13188390f33649b1881dbd4d9f2440894a36463a,2014-01-01 17:24:37,prod,src/main/java/org/apache/commons/math3/geometry/spherical/oned/ArcsSet.java,12,org/apache/commons/math3/geometry/spherical/oned,204,426,2014-01
13188390f33649b1881dbd4d9f2440894a36463a,2014-01-01 17:24:37,prod,src/main/java/org/apache/commons/math3/geometry/spherical/oned/Arc.java,12,org/apache/commons/math3/geometry/spherical/oned,110,426,2014-01
13188390f33649b1881dbd4d9f2440894a36463a,2014-01-01 17:24:37,prod,src/main/java/org/apache/commons/math3/geometry/spherical/oned/Sphere1D.java,12,org/apache/commons/math3/geometry/spherical/oned,90,426,2014-01
a3e4cbe0bb26acab07f53a7d4ced1f24045e08e0,2014-01-01 17:26:54,prod,src/main/java/org/apache/commons/math3/geometry/spherical/twod/SphericalPolygonsSet.java,8,org/apache/commons/math3/geometry/spherical/twod,836,427,2014-01
83444ebe71a3a6b76bc813ea8be48c12e07fbda6,2014-01-01 17:28:51,test,src/test/java/org/apache/commons/math3/geometry/spherical/oned/ArcTest.java,7,org/apache/commons/math3/geometry/spherical/oned,76,428,2014-01
83444ebe71a3a6b76bc813ea8be48c12e07fbda6,2014-01-01 17:28:51,test,src/test/java/org/apache/commons/math3/geometry/spherical/oned/ArcsSetTest.java,7,org/apache/commons/math3/geometry/spherical/oned,185,428,2014-01
83444ebe71a3a6b76bc813ea8be48c12e07fbda6,2014-01-01 17:28:51,test,src/test/java/org/apache/commons/math3/geometry/spherical/oned/ChordTest.java,7,org/apache/commons/math3/geometry/spherical/oned,92,428,2014-01
83444ebe71a3a6b76bc813ea8be48c12e07fbda6,2014-01-01 17:28:51,test,src/test/java/org/apache/commons/math3/geometry/spherical/oned/SubChordTest.java,7,org/apache/commons/math3/geometry/spherical/oned,279,428,2014-01
d83cdb913332b02fd310f5cdf3df045162c4cc54,2014-01-01 17:30:06,prod,src/main/java/org/apache/commons/math3/geometry/spherical/oned/SubLimitAngle.java,12,org/apache/commons/math3/geometry/spherical/oned,74,429,2014-01
4345758ddcc52224322e15b3a8cf353c365b3d6a,2014-01-02 20:40:42,test,src/test/java/org/apache/commons/math3/geometry/spherical/twod/CircleTest.java,1,org/apache/commons/math3/geometry/spherical/twod,185,430,2014-01
bb014c3ebfe20bf7a7fce5e7a8124121de695350,2014-01-03 13:47:35,test,src/test/java/org/apache/commons/math3/geometry/spherical/twod/SubCircleTest.java,2,org/apache/commons/math3/geometry/spherical/twod,121,431,2014-01
2a671338058e46b26a951ba01246b33a67d0eff4,2014-01-03 18:06:20,test,src/test/java/org/apache/commons/math3/geometry/spherical/twod/SphericalPolygonsSetTest.java,27,org/apache/commons/math3/geometry/spherical/twod,60,432,2014-01
ac7733fd6994a61ed8917894c476164fd8724565,2014-01-13 13:55:53,test,src/test/java/org/apache/commons/math3/geometry/spherical/oned/LimitAngleTest.java,3,org/apache/commons/math3/geometry/spherical/oned,38,433,2014-01
ac7733fd6994a61ed8917894c476164fd8724565,2014-01-13 13:55:53,test,src/test/java/org/apache/commons/math3/geometry/spherical/twod/S2PointTest.java,3,org/apache/commons/math3/geometry/spherical/twod,88,433,2014-01
ac7733fd6994a61ed8917894c476164fd8724565,2014-01-13 13:55:53,test,src/test/java/org/apache/commons/math3/geometry/spherical/oned/S1PointTest.java,3,org/apache/commons/math3/geometry/spherical/oned,75,433,2014-01
43ef84b729332ccdfe95ffae4067a415c2b37a85,2014-01-21 17:49:13,prod,src/main/java/org/apache/commons/math3/geometry/partitioning/BoundaryProjector.java,17,org/apache/commons/math3/geometry/partitioning,201,434,2014-01
43ef84b729332ccdfe95ffae4067a415c2b37a85,2014-01-21 17:49:13,prod,src/main/java/org/apache/commons/math3/geometry/partitioning/BoundaryProjection.java,17,org/apache/commons/math3/geometry/partitioning,84,434,2014-01
842351710e2897c032b788a8e61fdbf36e18bb2f,2014-01-22 22:00:37,prod,src/main/java/org/apache/commons/math3/stat/interval/BinomialConfidenceInterval.java,16,org/apache/commons/math3/stat/interval,63,435,2014-01
842351710e2897c032b788a8e61fdbf36e18bb2f,2014-01-22 22:00:37,prod,src/main/java/org/apache/commons/math3/stat/interval/ClopperPearsonInterval.java,16,org/apache/commons/math3/stat/interval,44,435,2014-01
842351710e2897c032b788a8e61fdbf36e18bb2f,2014-01-22 22:00:37,prod,src/main/java/org/apache/commons/math3/stat/interval/NormalApproximationInterval.java,16,org/apache/commons/math3/stat/interval,30,435,2014-01
842351710e2897c032b788a8e61fdbf36e18bb2f,2014-01-22 22:00:37,prod,src/main/java/org/apache/commons/math3/stat/interval/WilsonScoreInterval.java,16,org/apache/commons/math3/stat/interval,38,435,2014-01
842351710e2897c032b788a8e61fdbf36e18bb2f,2014-01-22 22:00:37,prod,src/main/java/org/apache/commons/math3/stat/interval/package-info.java,16,org/apache/commons/math3/stat/interval,22,435,2014-01
842351710e2897c032b788a8e61fdbf36e18bb2f,2014-01-22 22:00:37,test,src/test/java/org/apache/commons/math3/stat/interval/BinomialConfidenceIntervalAbstractTest.java,16,org/apache/commons/math3/stat/interval,83,435,2014-01
842351710e2897c032b788a8e61fdbf36e18bb2f,2014-01-22 22:00:37,test,src/test/java/org/apache/commons/math3/stat/interval/ClopperPearsonIntervalTest.java,16,org/apache/commons/math3/stat/interval,28,435,2014-01
842351710e2897c032b788a8e61fdbf36e18bb2f,2014-01-22 22:00:37,test,src/test/java/org/apache/commons/math3/stat/interval/IntervalUtilsTest.java,16,org/apache/commons/math3/stat/interval,49,435,2014-01
842351710e2897c032b788a8e61fdbf36e18bb2f,2014-01-22 22:00:37,test,src/test/java/org/apache/commons/math3/stat/interval/NormalApproximationIntervalTest.java,16,org/apache/commons/math3/stat/interval,28,435,2014-01
842351710e2897c032b788a8e61fdbf36e18bb2f,2014-01-22 22:00:37,test,src/test/java/org/apache/commons/math3/stat/interval/WilsonScoreIntervalTest.java,16,org/apache/commons/math3/stat/interval,28,435,2014-01
842351710e2897c032b788a8e61fdbf36e18bb2f,2014-01-22 22:00:37,test,src/test/java/org/apache/commons/math3/stat/interval/AgrestiCoullIntervalTest.java,16,org/apache/commons/math3/stat/interval,28,435,2014-01
842351710e2897c032b788a8e61fdbf36e18bb2f,2014-01-22 22:00:37,prod,src/main/java/org/apache/commons/math3/stat/interval/AgrestiCoullInterval.java,16,org/apache/commons/math3/stat/interval,34,435,2014-01
6a6c06acdf555e13b22bce6c5d017e5d8bae0654,2014-01-26 15:31:18,prod,src/main/java/org/apache/commons/math3/geometry/spherical/twod/Edge.java,6,org/apache/commons/math3/geometry/spherical/twod,223,436,2014-01
6a6c06acdf555e13b22bce6c5d017e5d8bae0654,2014-01-26 15:31:18,prod,src/main/java/org/apache/commons/math3/geometry/spherical/twod/EdgesBuilder.java,6,org/apache/commons/math3/geometry/spherical/twod,170,436,2014-01
6a6c06acdf555e13b22bce6c5d017e5d8bae0654,2014-01-26 15:31:18,prod,src/main/java/org/apache/commons/math3/geometry/spherical/twod/Vertex.java,6,org/apache/commons/math3/geometry/spherical/twod,125,436,2014-01
6a6c06acdf555e13b22bce6c5d017e5d8bae0654,2014-01-26 15:31:18,prod,src/main/java/org/apache/commons/math3/geometry/spherical/twod/PropertiesComputer.java,6,org/apache/commons/math3/geometry/spherical/twod,162,436,2014-01
672b58548c867ca6e5e341057d4af8797d7478e8,2014-01-28 20:29:27,test,src/test/java/org/apache/commons/math3/geometry/euclidean/twod/BallGeneratorTest.java,9,org/apache/commons/math3/geometry/euclidean/twod,96,437,2014-01
672b58548c867ca6e5e341057d4af8797d7478e8,2014-01-28 20:29:27,prod,src/main/java/org/apache/commons/math3/geometry/enclosing/Encloser.java,9,org/apache/commons/math3/geometry/enclosing,39,437,2014-01
672b58548c867ca6e5e341057d4af8797d7478e8,2014-01-28 20:29:27,test,src/test/java/org/apache/commons/math3/geometry/enclosing/WelzlEncloserTest.java,9,org/apache/commons/math3/geometry/enclosing,158,437,2014-01
672b58548c867ca6e5e341057d4af8797d7478e8,2014-01-28 20:29:27,prod,src/main/java/org/apache/commons/math3/geometry/euclidean/twod/BallGenerator.java,9,org/apache/commons/math3/geometry/euclidean/twod,69,437,2014-01
672b58548c867ca6e5e341057d4af8797d7478e8,2014-01-28 20:29:27,prod,src/main/java/org/apache/commons/math3/geometry/enclosing/package-info.java,9,org/apache/commons/math3/geometry/enclosing,24,437,2014-01
672b58548c867ca6e5e341057d4af8797d7478e8,2014-01-28 20:29:27,prod,src/main/java/org/apache/commons/math3/geometry/enclosing/WelzlEncloser.java,9,org/apache/commons/math3/geometry/enclosing,177,437,2014-01
672b58548c867ca6e5e341057d4af8797d7478e8,2014-01-28 20:29:27,prod,src/main/java/org/apache/commons/math3/geometry/enclosing/SupportBallGenerator.java,9,org/apache/commons/math3/geometry/enclosing,43,437,2014-01
672b58548c867ca6e5e341057d4af8797d7478e8,2014-01-28 20:29:27,prod,src/main/java/org/apache/commons/math3/geometry/enclosing/EnclosingBall.java,9,org/apache/commons/math3/geometry/enclosing,104,437,2014-01
7ce5950963068f4a797da805f895842adad38a3e,2014-01-29 20:18:32,test,src/test/java/org/apache/commons/math3/geometry/euclidean/twod/DiskGeneratorTest.java,6,org/apache/commons/math3/geometry/euclidean/twod,118,438,2014-01
7ce5950963068f4a797da805f895842adad38a3e,2014-01-29 20:18:32,test,src/test/java/org/apache/commons/math3/geometry/euclidean/threed/SphereGeneratorTest.java,6,org/apache/commons/math3/geometry/euclidean/threed,153,438,2014-01
7ce5950963068f4a797da805f895842adad38a3e,2014-01-29 20:18:32,prod,src/main/java/org/apache/commons/math3/geometry/euclidean/twod/DiskGenerator.java,6,org/apache/commons/math3/geometry/euclidean/twod,107,438,2014-01
7ce5950963068f4a797da805f895842adad38a3e,2014-01-29 20:18:32,prod,src/main/java/org/apache/commons/math3/geometry/euclidean/threed/SphereGenerator.java,6,org/apache/commons/math3/geometry/euclidean/threed,154,438,2014-01
2a3b56daa03253a8abccf5d895a310831ef0275a,2014-01-29 20:19:20,test,src/test/java/org/apache/commons/math3/geometry/enclosing/WelzlEncloser3DTest.java,3,org/apache/commons/math3/geometry/enclosing,192,439,2014-01
1e6915db879b63e6bd5caf8b6022696af3044184,2014-01-29 22:57:04,prod,src/main/java/org/apache/commons/math3/geometry/euclidean/twod/hull/GrahamScan2D.java,9,org/apache/commons/math3/geometry/euclidean/twod/hull,202,440,2014-01
1e6915db879b63e6bd5caf8b6022696af3044184,2014-01-29 22:57:04,test,src/test/java/org/apache/commons/math3/geometry/euclidean/twod/hull/GrahamScan2DTest.java,9,org/apache/commons/math3/geometry/euclidean/twod/hull,83,440,2014-01
1e6915db879b63e6bd5caf8b6022696af3044184,2014-01-29 22:57:04,prod,src/main/java/org/apache/commons/math3/geometry/euclidean/twod/hull/ConvexHull2D.java,9,org/apache/commons/math3/geometry/euclidean/twod/hull,103,440,2014-01
1e6915db879b63e6bd5caf8b6022696af3044184,2014-01-29 22:57:04,prod,src/main/java/org/apache/commons/math3/geometry/euclidean/twod/hull/ConvexHullGenerator2D.java,9,org/apache/commons/math3/geometry/euclidean/twod/hull,37,440,2014-01
1e6915db879b63e6bd5caf8b6022696af3044184,2014-01-29 22:57:04,prod,src/main/java/org/apache/commons/math3/geometry/euclidean/twod/hull/package-info.java,9,org/apache/commons/math3/geometry/euclidean/twod/hull,25,440,2014-01
1e6915db879b63e6bd5caf8b6022696af3044184,2014-01-29 22:57:04,prod,src/main/java/org/apache/commons/math3/geometry/hull/ConvexHull.java,9,org/apache/commons/math3/geometry/hull,49,440,2014-01
1e6915db879b63e6bd5caf8b6022696af3044184,2014-01-29 22:57:04,test,src/test/java/org/apache/commons/math3/geometry/euclidean/twod/hull/ConvexHullGenerator2DAbstractTest.java,9,org/apache/commons/math3/geometry/euclidean/twod/hull,142,440,2014-01
1e6915db879b63e6bd5caf8b6022696af3044184,2014-01-29 22:57:04,prod,src/main/java/org/apache/commons/math3/geometry/hull/package-info.java,9,org/apache/commons/math3/geometry/hull,24,440,2014-01
1e6915db879b63e6bd5caf8b6022696af3044184,2014-01-29 22:57:04,prod,src/main/java/org/apache/commons/math3/geometry/hull/ConvexHullGenerator.java,9,org/apache/commons/math3/geometry/hull,47,440,2014-01
ea030e732e3556a2a4fa51bcaabc080927ddfa48,2014-01-30 22:16:59,test,src/test/java/org/apache/commons/math3/geometry/euclidean/twod/hull/AklToussaintHeuristicTest.java,3,org/apache/commons/math3/geometry/euclidean/twod/hull,38,441,2014-01
ea030e732e3556a2a4fa51bcaabc080927ddfa48,2014-01-30 22:16:59,prod,src/main/java/org/apache/commons/math3/geometry/euclidean/twod/hull/AklToussaintHeuristic.java,3,org/apache/commons/math3/geometry/euclidean/twod/hull,173,441,2014-01
8f7c59ce888a687a6c9089caf0c5469984a073b4,2014-01-31 22:06:31,test,src/test/java/org/apache/commons/math3/geometry/euclidean/twod/hull/MonotoneChainTest.java,2,org/apache/commons/math3/geometry/euclidean/twod/hull,31,442,2014-01
8f7c59ce888a687a6c9089caf0c5469984a073b4,2014-01-31 22:06:31,prod,src/main/java/org/apache/commons/math3/geometry/euclidean/twod/hull/MonotoneChain.java,2,org/apache/commons/math3/geometry/euclidean/twod/hull,158,442,2014-01
0fa8bcc008b6a011d6fe41e64ea4379d0b57f20b,2014-02-02 17:51:06,test,src/test/java/org/apache/commons/math3/geometry/euclidean/twod/Vector2DTest.java,2,org/apache/commons/math3/geometry/euclidean/twod,40,443,2014-02
739708f1af316d9b31a83b9e5d0cc7303155853d,2014-02-05 20:42:58,prod,src/main/java/org/apache/commons/math3/geometry/spherical/twod/SphericalCapGenerator.java,6,org/apache/commons/math3/geometry/spherical/twod,167,444,2014-02
739708f1af316d9b31a83b9e5d0cc7303155853d,2014-02-05 20:42:58,test,src/test/java/org/apache/commons/math3/geometry/spherical/twod/SphericalCapGeneratorTest.java,6,org/apache/commons/math3/geometry/spherical/twod,176,444,2014-02
e5dc3ad337f2e6650b7422dd7584a072974b1270,2014-02-05 21:21:31,prod,src/main/java/org/apache/commons/math3/geometry/euclidean/twod/hull/AbstractConvexHullGenerator2D.java,7,org/apache/commons/math3/geometry/euclidean/twod/hull,129,445,2014-02
b353d07bcca9fb62ac387d69d3e99004e27f14c0,2014-02-05 21:54:10,test,src/test/java/org/apache/commons/math3/geometry/euclidean/twod/hull/GiftWrapTest.java,2,org/apache/commons/math3/geometry/euclidean/twod/hull,32,446,2014-02
b353d07bcca9fb62ac387d69d3e99004e27f14c0,2014-02-05 21:54:10,prod,src/main/java/org/apache/commons/math3/geometry/euclidean/twod/hull/GiftWrap.java,2,org/apache/commons/math3/geometry/euclidean/twod/hull,138,446,2014-02
7460c082a39251193108da52ce05e63f3e3796d1,2014-02-18 14:31:34,prod,src/main/java/org/apache/commons/math3/fitting/leastsquares/LeastSquaresProblem.java,22,org/apache/commons/math3/fitting/leastsquares,149,447,2014-02
7460c082a39251193108da52ce05e63f3e3796d1,2014-02-18 14:31:34,prod,src/main/java/org/apache/commons/math3/fitting/leastsquares/LeastSquaresFactory.java,22,org/apache/commons/math3/fitting/leastsquares,102,447,2014-02
7460c082a39251193108da52ce05e63f3e3796d1,2014-02-18 14:31:34,prod,src/main/java/org/apache/commons/math3/fitting/leastsquares/LeastSquaresOptimizer.java,22,org/apache/commons/math3/fitting/leastsquares,48,447,2014-02
7460c082a39251193108da52ce05e63f3e3796d1,2014-02-18 14:31:34,prod,src/main/java/org/apache/commons/math3/fitting/leastsquares/LeastSquaresBuilder.java,22,org/apache/commons/math3/fitting/leastsquares,66,447,2014-02
7460c082a39251193108da52ce05e63f3e3796d1,2014-02-18 14:31:34,prod,src/main/java/org/apache/commons/math3/optim/AbstractOptimizationProblem.java,22,org/apache/commons/math3/optim,96,447,2014-02
7460c082a39251193108da52ce05e63f3e3796d1,2014-02-18 14:31:34,prod,src/main/java/org/apache/commons/math3/fitting/leastsquares/OptimumImpl.java,22,org/apache/commons/math3/fitting/leastsquares,90,447,2014-02
7460c082a39251193108da52ce05e63f3e3796d1,2014-02-18 14:31:34,prod,src/main/java/org/apache/commons/math3/fitting/leastsquares/OptimizationProblem.java,22,org/apache/commons/math3/fitting/leastsquares,30,447,2014-02
7460c082a39251193108da52ce05e63f3e3796d1,2014-02-18 14:31:34,prod,src/main/java/org/apache/commons/math3/fitting/leastsquares/LeastSquaresProblemImpl.java,22,org/apache/commons/math3/fitting/leastsquares,257,447,2014-02
06d490a4bd763fb634596f2755b436f7f8fbbad8,2014-02-18 14:31:53,prod,src/main/java/org/apache/commons/math3/fitting/leastsquares/DenseWeightedEvaluation.java,9,org/apache/commons/math3/fitting/leastsquares,55,448,2014-02
06d490a4bd763fb634596f2755b436f7f8fbbad8,2014-02-18 14:31:53,prod,src/main/java/org/apache/commons/math3/fitting/leastsquares/LeastSquaresAdapter.java,9,org/apache/commons/math3/fitting/leastsquares,60,448,2014-02
06d490a4bd763fb634596f2755b436f7f8fbbad8,2014-02-18 14:31:53,prod,src/main/java/org/apache/commons/math3/fitting/leastsquares/AbstractEvaluation.java,9,org/apache/commons/math3/fitting/leastsquares,70,448,2014-02
fc9cb0ce163e54e4bba232d2bbf2f79dc495585d,2014-02-18 14:32:06,prod,src/main/java/org/apache/commons/math3/fitting/leastsquares/MultivariateJacobianFunction.java,3,org/apache/commons/math3/fitting/leastsquares,23,449,2014-02
57096ad696cc088ff94f6b7e81dac1e068df2c3c,2014-02-18 14:33:28,test,src/test/java/org/apache/commons/math3/fitting/leastsquares/GaussNewtonOptimizerWithQRTest.java,4,org/apache/commons/math3/fitting/leastsquares,134,450,2014-02
3c1bf79202f0b95e9b01baa988b797c0f9a88571,2014-02-19 20:32:20,test,src/test/java/org/apache/commons/math3/fitting/leastsquares/GaussNewtonOptimizerWithCholeskyTest.java,3,org/apache/commons/math3/fitting/leastsquares,134,451,2014-02
ed7ac7cf743ca4a303dacd2bfc0c3fd834500103,2014-02-21 11:26:09,prod,src/main/java/org/apache/commons/math3/linear/FieldVectorPreservingVisitor.java,7,org/apache/commons/math3/linear,56,452,2014-02
ed7ac7cf743ca4a303dacd2bfc0c3fd834500103,2014-02-21 11:26:09,prod,src/main/java/org/apache/commons/math3/linear/FieldVectorChangingVisitor.java,7,org/apache/commons/math3/linear,57,452,2014-02
eb66fe4a1f5357be07c356fbd28b6d013d88e87d,2014-02-25 16:42:07,test,src/test/java/org/apache/commons/math3/geometry/euclidean/threed/Euclidean3DTest.java,14,org/apache/commons/math3/geometry/euclidean/threed,44,453,2014-02
eb66fe4a1f5357be07c356fbd28b6d013d88e87d,2014-02-25 16:42:07,test,src/test/java/org/apache/commons/math3/geometry/euclidean/twod/Euclidean2DTest.java,14,org/apache/commons/math3/geometry/euclidean/twod,45,453,2014-02
eb66fe4a1f5357be07c356fbd28b6d013d88e87d,2014-02-25 16:42:07,test,src/test/java/org/apache/commons/math3/geometry/euclidean/oned/FrenchVector1DFormatTest.java,14,org/apache/commons/math3/geometry/euclidean/oned,34,453,2014-02
eb66fe4a1f5357be07c356fbd28b6d013d88e87d,2014-02-25 16:42:07,test,src/test/java/org/apache/commons/math3/geometry/euclidean/oned/Vector1DFormatAbstractTest.java,14,org/apache/commons/math3/geometry/euclidean/oned,273,453,2014-02
eb66fe4a1f5357be07c356fbd28b6d013d88e87d,2014-02-25 16:42:07,test,src/test/java/org/apache/commons/math3/geometry/euclidean/oned/Euclidean1DTest.java,14,org/apache/commons/math3/geometry/euclidean/oned,43,453,2014-02
eb66fe4a1f5357be07c356fbd28b6d013d88e87d,2014-02-25 16:42:07,test,src/test/java/org/apache/commons/math3/geometry/euclidean/oned/Vector1DFormatTest.java,14,org/apache/commons/math3/geometry/euclidean/oned,34,453,2014-02
eb66fe4a1f5357be07c356fbd28b6d013d88e87d,2014-02-25 16:42:07,test,src/test/java/org/apache/commons/math3/geometry/euclidean/oned/Vector1DTest.java,14,org/apache/commons/math3/geometry/euclidean/oned,219,453,2014-02
eb66fe4a1f5357be07c356fbd28b6d013d88e87d,2014-02-25 16:42:07,test,src/test/java/org/apache/commons/math3/geometry/euclidean/twod/FrenchVector2DFormatTest.java,14,org/apache/commons/math3/geometry/euclidean/twod,34,453,2014-02
eb66fe4a1f5357be07c356fbd28b6d013d88e87d,2014-02-25 16:42:07,test,src/test/java/org/apache/commons/math3/geometry/euclidean/twod/Vector2DFormatAbstractTest.java,14,org/apache/commons/math3/geometry/euclidean/twod,314,453,2014-02
eb66fe4a1f5357be07c356fbd28b6d013d88e87d,2014-02-25 16:42:07,test,src/test/java/org/apache/commons/math3/geometry/euclidean/twod/Vector2DFormatTest.java,14,org/apache/commons/math3/geometry/euclidean/twod,34,453,2014-02
eb66fe4a1f5357be07c356fbd28b6d013d88e87d,2014-02-25 16:42:07,test,src/test/java/org/apache/commons/math3/geometry/spherical/oned/Sphere1Test.java,14,org/apache/commons/math3/geometry/spherical/oned,43,453,2014-02
99189ff527554aa345f63fc038fc8eacf28cbb39,2014-02-26 23:14:08,test,src/test/java/org/apache/commons/math3/stat/inference/KolmogorovSmirnovTestTest.java,6,org/apache/commons/math3/stat/inference,382,454,2014-02
f0ae42aa934c10686c613277bd7a0837f6a1602d,2014-02-28 16:23:26,prod,src/main/java/org/apache/commons/math3/optim/nonlinear/scalar/LineSearch.java,6,org/apache/commons/math3/optim/nonlinear/scalar,123,455,2014-02
007a701755f318562b0cbf2005d84299733d9b45,2014-03-02 19:54:43,test,src/test/java/org/apache/commons/math3/fitting/leastsquares/GaussNewtonOptimizerWithSVDTest.java,3,org/apache/commons/math3/fitting/leastsquares,149,456,2014-03
7f162008a2eea123a43f241e5e214dadf6b9e88e,2014-04-20 13:25:11,prod,src/main/java/org/apache/commons/math3/ode/nonstiff/LutherIntegrator.java,7,org/apache/commons/math3/ode/nonstiff,90,457,2014-04
7f162008a2eea123a43f241e5e214dadf6b9e88e,2014-04-20 13:25:11,prod,src/main/java/org/apache/commons/math3/ode/nonstiff/LutherStepInterpolator.java,7,org/apache/commons/math3/ode/nonstiff,180,457,2014-04
7f162008a2eea123a43f241e5e214dadf6b9e88e,2014-04-20 13:25:11,test,src/test/java/org/apache/commons/math3/ode/nonstiff/LutherIntegratorTest.java,7,org/apache/commons/math3/ode/nonstiff,309,457,2014-04
7f162008a2eea123a43f241e5e214dadf6b9e88e,2014-04-20 13:25:11,test,src/test/java/org/apache/commons/math3/ode/nonstiff/LutherStepInterpolatorTest.java,7,org/apache/commons/math3/ode/nonstiff,98,457,2014-04
326beb22c6aa872cbc0ad3706cfbe706bf9eab41,2014-06-02 21:19:09,prod,src/main/java/org/apache/commons/math3/fitting/leastsquares/EvaluationRmsChecker.java,2,org/apache/commons/math3/fitting/leastsquares,76,458,2014-06
326beb22c6aa872cbc0ad3706cfbe706bf9eab41,2014-06-02 21:19:09,test,src/test/java/org/apache/commons/math3/fitting/leastsquares/EvaluationRmsCheckerTest.java,2,org/apache/commons/math3/fitting/leastsquares,86,458,2014-06
7b3e0d4297a5a8257a8e33b28ad7f2d3a23edb05,2014-06-21 18:14:14,prod,src/main/java/org/apache/commons/math3/stat/descriptive/rank/PSquarePercentile.java,4,org/apache/commons/math3/stat/descriptive/rank,997,459,2014-06
7b3e0d4297a5a8257a8e33b28ad7f2d3a23edb05,2014-06-21 18:14:14,test,src/test/java/org/apache/commons/math3/stat/descriptive/rank/PSquarePercentileTest.java,4,org/apache/commons/math3/stat/descriptive/rank,760,459,2014-06
71fd124ddb1f311a8cb64b608f385c87b67cef14,2014-06-22 18:53:27,prod,src/main/java/org/apache/commons/math3/distribution/ConstantRealDistribution.java,5,org/apache/commons/math3/distribution,122,460,2014-06
71fd124ddb1f311a8cb64b608f385c87b67cef14,2014-06-22 18:53:27,test,src/test/java/org/apache/commons/math3/distribution/ConstantRealDistributionTest.java,5,org/apache/commons/math3/distribution,91,460,2014-06
1744e2803f1600761afb2ea8a91a7fd12f7fbc94,2014-07-13 08:52:29,prod,src/main/java/org/apache/commons/math3/util/MedianOf3PivotingStrategy.java,8,org/apache/commons/math3/util,64,461,2014-07
1744e2803f1600761afb2ea8a91a7fd12f7fbc94,2014-07-13 08:52:29,prod,src/main/java/org/apache/commons/math3/util/PivotingStrategyInterface.java,8,org/apache/commons/math3/util,45,461,2014-07
1744e2803f1600761afb2ea8a91a7fd12f7fbc94,2014-07-13 08:52:29,prod,src/main/java/org/apache/commons/math3/util/CentralPivotingStrategy.java,8,org/apache/commons/math3/util,47,461,2014-07
1744e2803f1600761afb2ea8a91a7fd12f7fbc94,2014-07-13 08:52:29,prod,src/main/java/org/apache/commons/math3/util/RandomPivotingStrategy.java,8,org/apache/commons/math3/util,58,461,2014-07
1744e2803f1600761afb2ea8a91a7fd12f7fbc94,2014-07-13 08:52:29,prod,src/main/java/org/apache/commons/math3/util/KthSelector.java,8,org/apache/commons/math3/util,158,461,2014-07
e9464c0a6db34576fa390d041e702b1f03c74b37,2014-09-18 13:15:12,prod,src/main/java/org/apache/commons/math3/fitting/leastsquares/ValueAndJacobianFunction.java,7,org/apache/commons/math3/fitting/leastsquares,45,462,2014-09
58d613bd8d20a77f4da8c1ee49cf4028c011a2a7,2014-10-03 21:12:09,test,src/test/java/org/apache/commons/math3/distribution/NakagamiDistributionTest.java,15,org/apache/commons/math3/distribution,72,463,2014-10
58d613bd8d20a77f4da8c1ee49cf4028c011a2a7,2014-10-03 21:12:09,prod,src/main/java/org/apache/commons/math3/distribution/GumbelDistribution.java,15,org/apache/commons/math3/distribution,158,463,2014-10
58d613bd8d20a77f4da8c1ee49cf4028c011a2a7,2014-10-03 21:12:09,prod,src/main/java/org/apache/commons/math3/distribution/LaplaceDistribution.java,15,org/apache/commons/math3/distribution,153,463,2014-10
58d613bd8d20a77f4da8c1ee49cf4028c011a2a7,2014-10-03 21:12:09,prod,src/main/java/org/apache/commons/math3/distribution/LogisticDistribution.java,15,org/apache/commons/math3/distribution,152,463,2014-10
58d613bd8d20a77f4da8c1ee49cf4028c011a2a7,2014-10-03 21:12:09,prod,src/main/java/org/apache/commons/math3/distribution/NakagamiDistribution.java,15,org/apache/commons/math3/distribution,172,463,2014-10
58d613bd8d20a77f4da8c1ee49cf4028c011a2a7,2014-10-03 21:12:09,test,src/test/java/org/apache/commons/math3/distribution/GumbelDistributionTest.java,15,org/apache/commons/math3/distribution,71,463,2014-10
58d613bd8d20a77f4da8c1ee49cf4028c011a2a7,2014-10-03 21:12:09,test,src/test/java/org/apache/commons/math3/distribution/LaplaceDistributionTest.java,15,org/apache/commons/math3/distribution,72,463,2014-10
58d613bd8d20a77f4da8c1ee49cf4028c011a2a7,2014-10-03 21:12:09,test,src/test/java/org/apache/commons/math3/distribution/LogisticsDistributionTest.java,15,org/apache/commons/math3/distribution,72,463,2014-10
f820d06fc0d1204b0cb386214ffeb42ccec669ec,2014-10-13 17:39:27,prod,src/main/java/org/apache/commons/math3/fitting/leastsquares/ParameterValidator.java,1,org/apache/commons/math3/fitting/leastsquares,34,464,2014-10
d8bfc8c8f8864f9c22e0409780d5dd3fb30497ff,2014-10-15 14:15:14,test,src/test/java/org/apache/commons/math3/analysis/interpolation/AkimaSplineInterpolatorTest.java,10,org/apache/commons/math3/analysis/interpolation,227,465,2014-10
d8bfc8c8f8864f9c22e0409780d5dd3fb30497ff,2014-10-15 14:15:14,prod,src/main/java/org/apache/commons/math3/analysis/interpolation/AkimaSplineInterpolator.java,10,org/apache/commons/math3/analysis/interpolation,225,465,2014-10
31fae6431438e26d6b47b988164847048ceab314,2014-10-21 07:49:21,test,src/test/java/org/apache/commons/math3/analysis/interpolation/PiecewiseBicubicSplineInterpolatorTest.java,11,org/apache/commons/math3/analysis/interpolation,277,466,2014-10
31fae6431438e26d6b47b988164847048ceab314,2014-10-21 07:49:21,test,src/test/java/org/apache/commons/math3/analysis/interpolation/PiecewiseBicubicSplineInterpolatingFunctionTest.java,11,org/apache/commons/math3/analysis/interpolation,280,466,2014-10
31fae6431438e26d6b47b988164847048ceab314,2014-10-21 07:49:21,prod,src/main/java/org/apache/commons/math3/analysis/interpolation/PiecewiseBicubicSplineInterpolator.java,11,org/apache/commons/math3/analysis/interpolation,64,466,2014-10
31fae6431438e26d6b47b988164847048ceab314,2014-10-21 07:49:21,prod,src/main/java/org/apache/commons/math3/analysis/interpolation/PiecewiseBicubicSplineInterpolatingFunction.java,11,org/apache/commons/math3/analysis/interpolation,195,466,2014-10
136bf34297a9ac8049e451800df819ebf092cdf2,2014-11-28 14:16:51,prod,src/main/java/org/apache/commons/math3/analysis/interpolation/BicubicInterpolator.java,4,org/apache/commons/math3/analysis/interpolation,112,467,2014-11
136bf34297a9ac8049e451800df819ebf092cdf2,2014-11-28 14:16:51,prod,src/main/java/org/apache/commons/math3/analysis/interpolation/BicubicInterpolatingFunction.java,4,org/apache/commons/math3/analysis/interpolation,325,467,2014-11
136bf34297a9ac8049e451800df819ebf092cdf2,2014-11-28 14:16:51,test,src/test/java/org/apache/commons/math3/analysis/interpolation/BicubicInterpolatingFunctionTest.java,4,org/apache/commons/math3/analysis/interpolation,383,467,2014-11
136bf34297a9ac8049e451800df819ebf092cdf2,2014-11-28 14:16:51,test,src/test/java/org/apache/commons/math3/analysis/interpolation/BicubicInterpolatorTest.java,4,org/apache/commons/math3/analysis/interpolation,175,467,2014-11
26ee48193928f525fe0885cba6b28fdc8eff6af9,2014-12-02 14:24:31,prod,src/main/java/org/apache/commons/math3/geometry/partitioning/BoundaryBuilder.java,6,org/apache/commons/math3/geometry/partitioning,84,468,2014-12
26ee48193928f525fe0885cba6b28fdc8eff6af9,2014-12-02 14:24:31,prod,src/main/java/org/apache/commons/math3/geometry/partitioning/Characterization.java,6,org/apache/commons/math3/geometry/partitioning,147,468,2014-12
26ee48193928f525fe0885cba6b28fdc8eff6af9,2014-12-02 14:24:31,prod,src/main/java/org/apache/commons/math3/geometry/partitioning/InsideFinder.java,6,org/apache/commons/math3/geometry/partitioning,150,468,2014-12
6525cc4035fe8df3308c03f0ca9f450728e122ac,2014-12-02 14:24:31,prod,src/main/java/org/apache/commons/math3/geometry/partitioning/NodesSet.java,8,org/apache/commons/math3/geometry/partitioning,72,469,2014-12
fd7a4362caf2cd69368a38f2f71ffe19706e341c,2014-12-03 11:25:09,prod,src/main/java/org/apache/commons/math3/analysis/interpolation/TricubicInterpolatingFunction.java,2,org/apache/commons/math3/analysis/interpolation,510,470,2014-12
fd7a4362caf2cd69368a38f2f71ffe19706e341c,2014-12-03 11:25:09,test,src/test/java/org/apache/commons/math3/analysis/interpolation/TricubicInterpolatingFunctionTest.java,2,org/apache/commons/math3/analysis/interpolation,631,470,2014-12
753f278d10fc0c92e912965379401ac182644101,2014-12-14 17:25:08,prod,src/main/java/org/apache/commons/math3/analysis/interpolation/TricubicInterpolator.java,3,org/apache/commons/math3/analysis/interpolation,142,471,2014-12
753f278d10fc0c92e912965379401ac182644101,2014-12-14 17:25:08,test,src/test/java/org/apache/commons/math3/analysis/interpolation/TricubicInterpolatorTest.java,3,org/apache/commons/math3/analysis/interpolation,225,471,2014-12
491786ce4182daa57ea61deaf701f756f57f6f1e,2014-12-14 17:48:01,test,src/test/java/org/apache/commons/math3/fitting/SimpleCurveFitterTest.java,3,org/apache/commons/math3/fitting,60,472,2014-12
491786ce4182daa57ea61deaf701f756f57f6f1e,2014-12-14 17:48:01,prod,src/main/java/org/apache/commons/math3/fitting/SimpleCurveFitter.java,3,org/apache/commons/math3/fitting,126,472,2014-12
f80f577748c0dbde45d24654247a82a7121d456c,2014-12-15 20:48:07,prod,src/main/java/org/apache/commons/math3/special/BesselJ.java,4,org/apache/commons/math3/special,649,473,2014-12
f80f577748c0dbde45d24654247a82a7121d456c,2014-12-15 20:48:07,test,src/test/java/org/apache/commons/math3/special/BesselJTest.java,4,org/apache/commons/math3/special,777,473,2014-12
5f9dda6b900ced96f21c4c0cee9bf14ea58451b2,2015-07-06 11:52:02,test,src/test/java/org/apache/commons/math4/analysis/interpolation/MicrosphereProjectionInterpolatorTest.java,5,org/apache/commons/math4/analysis/interpolation,149,474,2015-07
5f9dda6b900ced96f21c4c0cee9bf14ea58451b2,2015-07-06 11:52:02,prod,src/main/java/org/apache/commons/math4/analysis/interpolation/InterpolatingMicrosphere2D.java,5,org/apache/commons/math4/analysis/interpolation,87,474,2015-07
5f9dda6b900ced96f21c4c0cee9bf14ea58451b2,2015-07-06 11:52:02,prod,src/main/java/org/apache/commons/math4/analysis/interpolation/MicrosphereProjectionInterpolator.java,5,org/apache/commons/math4/analysis/interpolation,166,474,2015-07
5f9dda6b900ced96f21c4c0cee9bf14ea58451b2,2015-07-06 11:52:02,prod,src/main/java/org/apache/commons/math4/analysis/interpolation/InterpolatingMicrosphere.java,5,org/apache/commons/math4/analysis/interpolation,386,474,2015-07
93cf7f1cb10f468ab072da267996ad5597b4c5c4,2015-08-14 14:23:47,prod,src/main/java/org/apache/commons/math3/analysis/interpolation/MicrosphereProjectionInterpolator.java,7,org/apache/commons/math3/analysis/interpolation,166,475,2015-08
93cf7f1cb10f468ab072da267996ad5597b4c5c4,2015-08-14 14:23:47,test,src/test/java/org/apache/commons/math3/analysis/interpolation/MicrosphereProjectionInterpolatorTest.java,7,org/apache/commons/math3/analysis/interpolation,149,475,2015-08
93cf7f1cb10f468ab072da267996ad5597b4c5c4,2015-08-14 14:23:47,prod,src/main/java/org/apache/commons/math3/analysis/interpolation/InterpolatingMicrosphere2D.java,7,org/apache/commons/math3/analysis/interpolation,87,475,2015-08
93cf7f1cb10f468ab072da267996ad5597b4c5c4,2015-08-14 14:23:47,prod,src/main/java/org/apache/commons/math3/analysis/interpolation/InterpolatingMicrosphere.java,7,org/apache/commons/math3/analysis/interpolation,386,475,2015-08
818533e92bfb1c142ae4ce5be18ab92d1ae17025,2015-08-30 14:23:23,prod,src/main/java/org/apache/commons/math4/util/IntegerSequence.java,3,org/apache/commons/math4/util,324,476,2015-08
818533e92bfb1c142ae4ce5be18ab92d1ae17025,2015-08-30 14:23:23,test,src/test/java/org/apache/commons/math4/util/IntegerSequenceTest.java,3,org/apache/commons/math4/util,248,476,2015-08
b54dbfb6efa65e75bfd5f7c1a1322795eb94cd0f,2015-08-30 16:38:25,test,src/test/java/org/apache/commons/math3/util/IntegerSequenceTest.java,4,org/apache/commons/math3/util,248,477,2015-08
b54dbfb6efa65e75bfd5f7c1a1322795eb94cd0f,2015-08-30 16:38:25,prod,src/main/java/org/apache/commons/math3/util/IntegerSequence.java,4,org/apache/commons/math3/util,324,477,2015-08
a382b33abb45200ad67cb505e1023d1a55f2b314,2015-09-08 12:26:42,test,src/test/java/org/apache/commons/math3/ml/neuralnet/twod/util/LocationFinderTest.java,2,org/apache/commons/math3/ml/neuralnet/twod/util,70,478,2015-09
a382b33abb45200ad67cb505e1023d1a55f2b314,2015-09-08 12:26:42,prod,src/main/java/org/apache/commons/math3/ml/neuralnet/twod/util/LocationFinder.java,2,org/apache/commons/math3/ml/neuralnet/twod/util,104,478,2015-09
cba459c0b51d6e33743a2039ffd4481ebc763cd7,2015-09-08 12:30:39,prod,src/main/java/org/apache/commons/math3/ml/neuralnet/twod/util/MapVisualization.java,2,org/apache/commons/math3/ml/neuralnet/twod/util,33,479,2015-09
cba459c0b51d6e33743a2039ffd4481ebc763cd7,2015-09-08 12:30:39,prod,src/main/java/org/apache/commons/math3/ml/neuralnet/twod/util/MapDataVisualization.java,2,org/apache/commons/math3/ml/neuralnet/twod/util,37,479,2015-09
4ac5a9dec01b83fa4873f2e86c0d482f6354cccf,2015-09-08 12:35:14,prod,src/main/java/org/apache/commons/math3/ml/neuralnet/twod/util/package-info.java,1,org/apache/commons/math3/ml/neuralnet/twod/util,22,480,2015-09
5e28d11b17c3e1aae2d344cef70aee18ef05a43b,2015-09-10 22:49:55,prod,src/main/java/org/apache/commons/math3/ml/neuralnet/twod/util/UnifiedDistanceMatrix.java,1,org/apache/commons/math3/ml/neuralnet/twod/util,202,481,2015-09
afac1f05cd57907160ea60dddc6502770577f542,2015-09-10 22:53:50,prod,src/main/java/org/apache/commons/math3/ml/neuralnet/twod/util/HitHistogram.java,1,org/apache/commons/math3/ml/neuralnet/twod/util,85,482,2015-09
d7f6c8da9512af55c04a86984f56ab6f9e2da126,2015-09-10 22:54:36,prod,src/main/java/org/apache/commons/math3/ml/neuralnet/twod/util/TopographicErrorHistogram.java,1,org/apache/commons/math3/ml/neuralnet/twod/util,90,483,2015-09
012c15ce4d83817217430adb0b3750c92f07ab3e,2015-09-10 22:55:00,prod,src/main/java/org/apache/commons/math3/ml/neuralnet/twod/util/SmoothedDataHistogram.java,1,org/apache/commons/math3/ml/neuralnet/twod/util,96,484,2015-09
f348d34fb1ef3c968e2981283618aa85db203901,2015-09-14 00:06:43,test,src/test/java/org/apache/commons/math4/ml/neuralnet/twod/util/LocationFinderTest.java,2,org/apache/commons/math4/ml/neuralnet/twod/util,70,485,2015-09
f348d34fb1ef3c968e2981283618aa85db203901,2015-09-14 00:06:43,prod,src/main/java/org/apache/commons/math4/ml/neuralnet/twod/util/LocationFinder.java,2,org/apache/commons/math4/ml/neuralnet/twod/util,104,485,2015-09
999761ba1bc5da820a1d2527c4aae29d95a7013a,2015-09-14 00:07:36,prod,src/main/java/org/apache/commons/math4/ml/neuralnet/twod/util/package-info.java,3,org/apache/commons/math4/ml/neuralnet/twod/util,22,486,2015-09
999761ba1bc5da820a1d2527c4aae29d95a7013a,2015-09-14 00:07:36,prod,src/main/java/org/apache/commons/math4/ml/neuralnet/twod/util/MapVisualization.java,3,org/apache/commons/math4/ml/neuralnet/twod/util,33,486,2015-09
999761ba1bc5da820a1d2527c4aae29d95a7013a,2015-09-14 00:07:36,prod,src/main/java/org/apache/commons/math4/ml/neuralnet/twod/util/MapDataVisualization.java,3,org/apache/commons/math4/ml/neuralnet/twod/util,37,486,2015-09
ce131449a4ca0b06c6bb27ee5d8d6d89b1467bbd,2015-09-14 00:08:30,prod,src/main/java/org/apache/commons/math4/ml/neuralnet/twod/util/SmoothedDataHistogram.java,4,org/apache/commons/math4/ml/neuralnet/twod/util,97,487,2015-09
ce131449a4ca0b06c6bb27ee5d8d6d89b1467bbd,2015-09-14 00:08:30,prod,src/main/java/org/apache/commons/math4/ml/neuralnet/twod/util/TopographicErrorHistogram.java,4,org/apache/commons/math4/ml/neuralnet/twod/util,91,487,2015-09
ce131449a4ca0b06c6bb27ee5d8d6d89b1467bbd,2015-09-14 00:08:30,prod,src/main/java/org/apache/commons/math4/ml/neuralnet/twod/util/HitHistogram.java,4,org/apache/commons/math4/ml/neuralnet/twod/util,85,487,2015-09
ce131449a4ca0b06c6bb27ee5d8d6d89b1467bbd,2015-09-14 00:08:30,prod,src/main/java/org/apache/commons/math4/ml/neuralnet/twod/util/UnifiedDistanceMatrix.java,4,org/apache/commons/math4/ml/neuralnet/twod/util,203,487,2015-09
7929e10a8f8bbb43672b4a695b68a1e1fd8ad40e,2015-09-17 22:07:18,prod,src/main/java/org/apache/commons/math3/ml/neuralnet/twod/util/QuantizationError.java,2,org/apache/commons/math3/ml/neuralnet/twod/util,76,488,2015-09
924e1e9064f90d958b4f57e9c9c0c543bd19dcfb,2015-09-17 22:14:39,prod,src/main/java/org/apache/commons/math4/ml/neuralnet/twod/util/QuantizationError.java,2,org/apache/commons/math4/ml/neuralnet/twod/util,76,489,2015-09
85a20b502327f2279e243dee98c86144026e560b,2015-11-04 11:35:11,prod,src/main/java/org/apache/commons/math4/analysis/FieldUnivariateFunction.java,5,org/apache/commons/math4/analysis,86,490,2015-11
97b2e8dffec6af7779f2a97473de1396268c5c08,2015-11-04 11:50:16,prod,src/main/java/org/apache/commons/math3/analysis/solvers/FieldBracketingNthOrderBrentSolver.java,7,org/apache/commons/math3/analysis/solvers,446,491,2015-11
97b2e8dffec6af7779f2a97473de1396268c5c08,2015-11-04 11:50:16,prod,src/main/java/org/apache/commons/math3/analysis/FieldUnivariateFunction.java,7,org/apache/commons/math3/analysis,86,491,2015-11
97b2e8dffec6af7779f2a97473de1396268c5c08,2015-11-04 11:50:16,test,src/test/java/org/apache/commons/math3/analysis/solvers/FieldBracketingNthOrderBrentSolverTest.java,7,org/apache/commons/math3/analysis/solvers,174,491,2015-11
4685d0376a23a8c364fedbc8d63fd334796f17a1,2015-11-11 20:17:13,prod,src/main/java/org/apache/commons/math3/ode/FieldFirstOrderDifferentialEquations.java,4,org/apache/commons/math3/ode,61,492,2015-11
4685d0376a23a8c364fedbc8d63fd334796f17a1,2015-11-11 20:17:13,prod,src/main/java/org/apache/commons/math3/ode/FieldODEState.java,4,org/apache/commons/math3/ode,114,492,2015-11
4685d0376a23a8c364fedbc8d63fd334796f17a1,2015-11-11 20:17:13,prod,src/main/java/org/apache/commons/math3/ode/FieldSecondaryEquations.java,4,org/apache/commons/math3/ode,62,492,2015-11
4685d0376a23a8c364fedbc8d63fd334796f17a1,2015-11-11 20:17:13,prod,src/main/java/org/apache/commons/math3/ode/FieldODEStateAndDerivative.java,4,org/apache/commons/math3/ode,81,492,2015-11
5c647c12e6910b27bd8815b07978f9dc51638795,2015-11-11 20:23:35,prod,src/main/java/org/apache/commons/math3/ode/sampling/FieldStepNormalizer.java,6,org/apache/commons/math3/ode/sampling,272,493,2015-11
5c647c12e6910b27bd8815b07978f9dc51638795,2015-11-11 20:23:35,prod,src/main/java/org/apache/commons/math3/ode/sampling/FieldFixedStepHandler.java,6,org/apache/commons/math3/ode/sampling,69,493,2015-11
5c647c12e6910b27bd8815b07978f9dc51638795,2015-11-11 20:23:35,prod,src/main/java/org/apache/commons/math3/ode/sampling/FieldStepHandler.java,6,org/apache/commons/math3/ode/sampling,75,493,2015-11
5c647c12e6910b27bd8815b07978f9dc51638795,2015-11-11 20:23:35,prod,src/main/java/org/apache/commons/math3/ode/sampling/FieldStepInterpolator.java,6,org/apache/commons/math3/ode/sampling,78,493,2015-11
b5fd9b58db8d9760f8e6c59ec34ec3fcee931f54,2015-11-11 20:28:02,prod,src/main/java/org/apache/commons/math3/ode/events/Action.java,2,org/apache/commons/math3/ode/events,56,494,2015-11
b5fd9b58db8d9760f8e6c59ec34ec3fcee931f54,2015-11-11 20:28:02,prod,src/main/java/org/apache/commons/math3/ode/events/FieldEventHandler.java,2,org/apache/commons/math3/ode/events,180,494,2015-11
89e621968901b94c97102a330a0e29f25d5d83a7,2015-11-11 20:30:48,prod,src/main/java/org/apache/commons/math3/ode/FieldEquationsMapper.java,2,org/apache/commons/math3/ode,89,495,2015-11
89e621968901b94c97102a330a0e29f25d5d83a7,2015-11-11 20:30:48,prod,src/main/java/org/apache/commons/math3/ode/FieldExpandableODE.java,2,org/apache/commons/math3/ode,241,495,2015-11
62ef50bc7599afb2929a233ef22afa00754b9bd2,2015-11-11 20:35:01,prod,src/main/java/org/apache/commons/math3/ode/FieldFirstOrderIntegrator.java,1,org/apache/commons/math3/ode,168,496,2015-11
ea4bea1d893317912528fb84946d8530b1ba4269,2015-11-13 20:10:16,prod,src/main/java/org/apache/commons/math3/ode/sampling/AbstractFieldStepInterpolator.java,8,org/apache/commons/math3/ode/sampling,355,497,2015-11
ea4bea1d893317912528fb84946d8530b1ba4269,2015-11-13 20:10:16,prod,src/main/java/org/apache/commons/math3/ode/AbstractFieldIntegrator.java,8,org/apache/commons/math3/ode,390,497,2015-11
ea4bea1d893317912528fb84946d8530b1ba4269,2015-11-13 20:10:16,prod,src/main/java/org/apache/commons/math3/ode/events/FieldEventState.java,8,org/apache/commons/math3/ode/events,372,497,2015-11
7ec2a6342bb9c78680d58e6f35c579e52f730a2c,2015-11-15 09:37:04,prod,src/main/java/org/apache/commons/math3/ode/nonstiff/RungeKuttaFieldStepInterpolator.java,2,org/apache/commons/math3/ode/nonstiff,144,498,2015-11
7ec2a6342bb9c78680d58e6f35c579e52f730a2c,2015-11-15 09:37:04,prod,src/main/java/org/apache/commons/math3/ode/nonstiff/RungeKuttaFieldIntegrator.java,2,org/apache/commons/math3/ode/nonstiff,271,498,2015-11
ea0dabfd1b7a0670cdada2a670eb49b2d80cca5d,2015-11-15 09:39:26,prod,src/main/java/org/apache/commons/math3/ode/nonstiff/EulerFieldIntegrator.java,2,org/apache/commons/math3/ode/nonstiff,76,499,2015-11
ea0dabfd1b7a0670cdada2a670eb49b2d80cca5d,2015-11-15 09:39:26,prod,src/main/java/org/apache/commons/math3/ode/nonstiff/EulerFieldStepInterpolator.java,2,org/apache/commons/math3/ode/nonstiff,103,499,2015-11
d509c4a2a09a4630d8462b6785ea2e5b2be3a2ea,2015-11-15 09:58:30,prod,src/main/java/org/apache/commons/math3/ode/nonstiff/MidpointFieldIntegrator.java,2,org/apache/commons/math3/ode/nonstiff,73,500,2015-11
d509c4a2a09a4630d8462b6785ea2e5b2be3a2ea,2015-11-15 09:58:30,prod,src/main/java/org/apache/commons/math3/ode/nonstiff/MidpointFieldStepInterpolator.java,2,org/apache/commons/math3/ode/nonstiff,119,500,2015-11
f4286ec2625474e3f8af1ffbc720320c929a707b,2015-11-15 10:17:05,prod,src/main/java/org/apache/commons/math3/ode/nonstiff/ClassicalRungeKuttaFieldIntegrator.java,2,org/apache/commons/math3/ode/nonstiff,79,501,2015-11
f4286ec2625474e3f8af1ffbc720320c929a707b,2015-11-15 10:17:05,prod,src/main/java/org/apache/commons/math3/ode/nonstiff/ClassicalRungeKuttaFieldStepInterpolator.java,2,org/apache/commons/math3/ode/nonstiff,141,501,2015-11
e0c0398cad6e9598556c3a1f8a22ca45698ee086,2015-11-15 10:36:58,prod,src/main/java/org/apache/commons/math3/ode/nonstiff/GillFieldIntegrator.java,2,org/apache/commons/math3/ode/nonstiff,79,502,2015-11
e0c0398cad6e9598556c3a1f8a22ca45698ee086,2015-11-15 10:36:58,prod,src/main/java/org/apache/commons/math3/ode/nonstiff/GillFieldStepInterpolator.java,2,org/apache/commons/math3/ode/nonstiff,157,502,2015-11
b41ef1abd1c868a3754e5ea6b44b22860d51cbe2,2015-11-15 10:54:32,prod,src/main/java/org/apache/commons/math3/ode/nonstiff/ThreeEighthesFieldIntegrator.java,2,org/apache/commons/math3/ode/nonstiff,77,503,2015-11
b41ef1abd1c868a3754e5ea6b44b22860d51cbe2,2015-11-15 10:54:32,prod,src/main/java/org/apache/commons/math3/ode/nonstiff/ThreeEighthesFieldStepInterpolator.java,2,org/apache/commons/math3/ode/nonstiff,152,503,2015-11
23f3ca423ff7d79a814086b1d37b04d994e95cab,2015-11-15 13:03:03,prod,src/main/java/org/apache/commons/math3/ode/nonstiff/LutherFieldStepInterpolator.java,2,org/apache/commons/math3/ode/nonstiff,208,504,2015-11
23f3ca423ff7d79a814086b1d37b04d994e95cab,2015-11-15 13:03:03,prod,src/main/java/org/apache/commons/math3/ode/nonstiff/LutherFieldIntegrator.java,2,org/apache/commons/math3/ode/nonstiff,94,504,2015-11
d3fb47063e63a316b76f1665be3300eb7c4362c8,2015-11-15 14:56:52,prod,src/main/java/org/apache/commons/math3/ode/nonstiff/EmbeddedRungeKuttaFieldIntegrator.java,2,org/apache/commons/math3/ode/nonstiff,379,505,2015-11
d3fb47063e63a316b76f1665be3300eb7c4362c8,2015-11-15 14:56:52,prod,src/main/java/org/apache/commons/math3/ode/nonstiff/AdaptiveStepsizeFieldIntegrator.java,2,org/apache/commons/math3/ode/nonstiff,366,505,2015-11
e3827069cf57b2aa1e69e227880710bf96f68e26,2015-11-15 20:27:32,prod,src/main/java/org/apache/commons/math3/ode/ContinuousOutputFieldModel.java,3,org/apache/commons/math3/ode,346,506,2015-11
779e52410e365f7223bfc5d6e5ad63092a93547f,2015-11-15 20:58:17,prod,src/main/java/org/apache/commons/math3/ode/nonstiff/DormandPrince853FieldIntegrator.java,2,org/apache/commons/math3/ode/nonstiff,301,507,2015-11
779e52410e365f7223bfc5d6e5ad63092a93547f,2015-11-15 20:58:17,prod,src/main/java/org/apache/commons/math3/ode/nonstiff/DormandPrince853FieldStepInterpolator.java,2,org/apache/commons/math3/ode/nonstiff,476,507,2015-11
b990f6f2adc41b00490ef19f8abcf29214074970,2015-11-17 17:25:02,prod,src/main/java/org/apache/commons/math3/ode/nonstiff/HighamHall54FieldIntegrator.java,2,org/apache/commons/math3/ode/nonstiff,143,508,2015-11
b990f6f2adc41b00490ef19f8abcf29214074970,2015-11-17 17:25:02,prod,src/main/java/org/apache/commons/math3/ode/nonstiff/HighamHall54FieldStepInterpolator.java,2,org/apache/commons/math3/ode/nonstiff,139,508,2015-11
5bdce0892ae4bc516ca92cc2190fb77b84405bdc,2015-11-17 19:54:13,prod,src/main/java/org/apache/commons/math3/ode/nonstiff/DormandPrince54FieldIntegrator.java,2,org/apache/commons/math3/ode/nonstiff,172,509,2015-11
5bdce0892ae4bc516ca92cc2190fb77b84405bdc,2015-11-17 19:54:13,prod,src/main/java/org/apache/commons/math3/ode/nonstiff/DormandPrince54FieldStepInterpolator.java,2,org/apache/commons/math3/ode/nonstiff,245,509,2015-11
d75f5090e33c87e1c5207a3f8fac4630a05d5c2f,2015-11-22 15:24:15,prod,src/main/java/org/apache/commons/math3/analysis/solvers/BracketedRealFieldUnivariateSolver.java,5,org/apache/commons/math3/analysis/solvers,142,510,2015-11
87664da98fb8586058973f4f9a50a5d231944f14,2015-12-01 11:23:20,test,src/test/java/org/apache/commons/math3/ode/nonstiff/EulerFieldIntegratorTest.java,1,org/apache/commons/math3/ode/nonstiff,247,511,2015-12
e7a0dae448cf0268afdb663b643decce65170af8,2015-12-01 15:45:12,test,src/test/java/org/apache/commons/math3/ode/nonstiff/ClassicalRungeKuttaFieldIntegratorTest.java,1,org/apache/commons/math3/ode/nonstiff,428,512,2015-12
20330c13c6da57f108dc022732491da5d13599e0,2015-12-01 16:54:53,test,src/test/java/org/apache/commons/math3/ode/nonstiff/GillFieldIntegratorTest.java,4,org/apache/commons/math3/ode/nonstiff,313,513,2015-12
f3ed53f772659f4bf5d7485efbd1bfdf55a4b19b,2015-12-03 13:20:22,test,src/test/java/org/apache/commons/math3/ode/nonstiff/AbstractRungeKuttaFieldIntegratorTest.java,4,org/apache/commons/math3/ode/nonstiff,510,514,2015-12
90960027a4deebb9f264e6022164a91d9efede47,2015-12-03 17:11:23,test,src/test/java/org/apache/commons/math3/ode/nonstiff/EulerFieldStepInterpolatorTest.java,3,org/apache/commons/math3/ode/nonstiff,44,515,2015-12
90960027a4deebb9f264e6022164a91d9efede47,2015-12-03 17:11:23,test,src/test/java/org/apache/commons/math3/ode/nonstiff/AbstractRungeKuttaFieldStepInterpolatorTest.java,3,org/apache/commons/math3/ode/nonstiff,190,515,2015-12
52de31868be3d3b5cf43754c5880a78cf0ef1a81,2015-12-03 17:13:10,test,src/test/java/org/apache/commons/math3/ode/nonstiff/MidpointFieldIntegratorTest.java,1,org/apache/commons/math3/ode/nonstiff,99,516,2015-12
8e60a5fd13c5fbcfd7685987af746039c9a4f0ba,2015-12-03 17:13:33,test,src/test/java/org/apache/commons/math3/ode/nonstiff/ThreeEighthesFieldIntegratorTest.java,1,org/apache/commons/math3/ode/nonstiff,99,517,2015-12
dfdaea27957139243c6499ad8af93a969f23fcfb,2015-12-03 17:16:04,test,src/test/java/org/apache/commons/math3/ode/nonstiff/LutherFieldIntegratorTest.java,1,org/apache/commons/math3/ode/nonstiff,118,518,2015-12
723442dd6132849e3a57bebb1d9e8a23dce126b9,2015-12-04 10:32:32,test,src/test/java/org/apache/commons/math3/ode/nonstiff/ClassicalRungKuttaFieldStepInterpolatorTest.java,1,org/apache/commons/math3/ode/nonstiff,44,519,2015-12
050474ebd79c11eebb161d7377bbe82bb7104c33,2015-12-04 10:32:52,test,src/test/java/org/apache/commons/math3/ode/nonstiff/ThreeEighthesFieldStepInterpolatorTest.java,1,org/apache/commons/math3/ode/nonstiff,44,520,2015-12
631ce3146998c219726954f66f3885f3bc47c164,2015-12-04 10:33:10,test,src/test/java/org/apache/commons/math3/ode/nonstiff/GillFieldStepInterpolatorTest.java,1,org/apache/commons/math3/ode/nonstiff,44,521,2015-12
2c905d720995541be2bcaa6ef4b33230d3dede36,2015-12-04 10:33:33,test,src/test/java/org/apache/commons/math3/ode/nonstiff/MidpointFieldStepInterpolatorTest.java,1,org/apache/commons/math3/ode/nonstiff,44,522,2015-12
0e4ed176fe7507d537b8d411473fdfff3e3efb07,2015-12-04 10:34:35,test,src/test/java/org/apache/commons/math3/ode/nonstiff/LutherFieldStepInterpolatorTest.java,1,org/apache/commons/math3/ode/nonstiff,44,523,2015-12
a39a8527ddc71711357cc9f1ff84771fe24d0109,2015-12-08 17:09:41,test,src/test/java/org/apache/commons/math3/ode/nonstiff/AbstractEmbeddedRungeKuttaFieldIntegratorTest.java,1,org/apache/commons/math3/ode/nonstiff,445,524,2015-12
b9e3ac55df3a51b1a4de65300ff3a9da38f961fe,2015-12-08 18:14:20,prod,src/main/java/org/apache/commons/math3/ode/nonstiff/FieldButcherArrayProvider.java,14,org/apache/commons/math3/ode/nonstiff,46,525,2015-12
8f1c2d6a5c236e908c4d7ac490847c84113a6427,2015-12-08 19:26:54,test,src/test/java/org/apache/commons/math3/ode/nonstiff/HighamHall54FieldStepInterpolatorTest.java,2,org/apache/commons/math3/ode/nonstiff,49,526,2015-12
8f1c2d6a5c236e908c4d7ac490847c84113a6427,2015-12-08 19:26:54,test,src/test/java/org/apache/commons/math3/ode/nonstiff/HighamHall54FieldIntegratorTest.java,2,org/apache/commons/math3/ode/nonstiff,93,526,2015-12
d587d2c410dcdbf050973bdd3d7e644592f4c21b,2015-12-08 19:28:04,test,src/test/java/org/apache/commons/math3/ode/nonstiff/DormandPrince54FieldStepInterpolatorTest.java,2,org/apache/commons/math3/ode/nonstiff,49,527,2015-12
d587d2c410dcdbf050973bdd3d7e644592f4c21b,2015-12-08 19:28:04,test,src/test/java/org/apache/commons/math3/ode/nonstiff/DormandPrince54FieldIntegratorTest.java,2,org/apache/commons/math3/ode/nonstiff,93,527,2015-12
b713e4ca049989913850bb712cf0cdc344fcab35,2015-12-08 19:28:26,test,src/test/java/org/apache/commons/math3/ode/nonstiff/DormandPrince853FieldStepInterpolatorTest.java,2,org/apache/commons/math3/ode/nonstiff,49,528,2015-12
b713e4ca049989913850bb712cf0cdc344fcab35,2015-12-08 19:28:26,test,src/test/java/org/apache/commons/math3/ode/nonstiff/DormandPrince853FieldIntegratorTest.java,2,org/apache/commons/math3/ode/nonstiff,93,528,2015-12
56eb5b584f9c61ba38cde8ad3e97ff031f7f5820,2015-12-10 13:34:19,test,src/test/java/org/apache/commons/math3/ode/ContinuousOutputFieldModelTest.java,37,org/apache/commons/math3/ode,219,529,2015-12
7f56cc8556f04afd90c3b31b9207e6e0a85eff45,2015-12-10 18:42:36,test,src/test/java/org/apache/commons/math3/ode/nonstiff/FieldExpandableODETest.java,5,org/apache/commons/math3/ode/nonstiff,344,530,2015-12
00439211981af7b5baed495f526ef8ad76ee7c5b,2015-12-19 17:34:49,test,src/test/java/org/apache/commons/math4/util/FactorialLogTest.java,3,org/apache/commons/math4/util,111,531,2015-12
2ab17f529d07c1f618ea08d968b2fdf3a382a792,2015-12-24 13:45:30,test,src/test/java/org/apache/commons/math4/random/JDKRandomGeneratorTest.java,1,org/apache/commons/math4/random,26,532,2015-12
6a01c7b2df5b8e61d491b7ff2ce8b0bdb9409cb2,2015-12-24 22:05:21,test,src/test/java/org/apache/commons/math3/ode/nonstiff/AdamsNordsieckTransformerTest.java,21,org/apache/commons/math3/ode/nonstiff,120,533,2015-12
bf803b119be94bfd71902ea5db06075aada82672,2015-12-24 22:20:01,test,src/test/java/org/apache/commons/math4/ode/nonstiff/AdamsNordsieckTransformerTest.java,21,org/apache/commons/math4/ode/nonstiff,120,534,2015-12
971a778650f2cfcb78edef7f43d24f9453f2fbec,2015-12-26 20:21:44,prod,src/main/java/org/apache/commons/math3/geometry/euclidean/threed/RotationConvention.java,13,org/apache/commons/math3/geometry/euclidean/threed,79,535,2015-12
a7294ccd794d2d3f55b67b75b9798de151451fb8,2015-12-26 20:25:16,prod,src/main/java/org/apache/commons/math4/geometry/euclidean/threed/RotationConvention.java,13,org/apache/commons/math4/geometry/euclidean/threed,79,536,2015-12
4cbb388ba9099be121f81d75000acc3af93bf993,2015-12-28 15:42:55,prod,src/main/java/org/apache/commons/math4/random/BaseRandomGenerator.java,2,org/apache/commons/math4/random,270,537,2015-12
4cbb388ba9099be121f81d75000acc3af93bf993,2015-12-28 15:42:55,test,src/test/java/org/apache/commons/math4/random/BaseRandomGeneratorTest.java,2,org/apache/commons/math4/random,129,537,2015-12
ba6bd8cbe193b86d9fa44b1c68c417ab88953e29,2015-12-28 21:13:48,prod,src/main/java/org/apache/commons/math3/ode/nonstiff/AdamsNordsieckFieldTransformer.java,5,org/apache/commons/math3/ode/nonstiff,362,538,2015-12
ba6bd8cbe193b86d9fa44b1c68c417ab88953e29,2015-12-28 21:13:48,test,src/test/java/org/apache/commons/math3/ode/nonstiff/AbstractAdamsFieldIntegratorTest.java,5,org/apache/commons/math3/ode/nonstiff,261,538,2015-12
ba6bd8cbe193b86d9fa44b1c68c417ab88953e29,2015-12-28 21:13:48,prod,src/main/java/org/apache/commons/math3/ode/nonstiff/AdamsFieldIntegrator.java,5,org/apache/commons/math3/ode/nonstiff,146,538,2015-12
ba6bd8cbe193b86d9fa44b1c68c417ab88953e29,2015-12-28 21:13:48,prod,src/main/java/org/apache/commons/math3/ode/MultistepFieldIntegrator.java,5,org/apache/commons/math3/ode,427,538,2015-12
ba6bd8cbe193b86d9fa44b1c68c417ab88953e29,2015-12-28 21:13:48,prod,src/main/java/org/apache/commons/math3/ode/nonstiff/AdamsFieldStepInterpolator.java,5,org/apache/commons/math3/ode/nonstiff,193,538,2015-12
84fd5fe3e6cf451c704c455541d8a79489ab70b6,2015-12-28 21:14:14,prod,src/main/java/org/apache/commons/math3/ode/nonstiff/AdamsBashforthFieldIntegrator.java,2,org/apache/commons/math3/ode/nonstiff,374,539,2015-12
84fd5fe3e6cf451c704c455541d8a79489ab70b6,2015-12-28 21:14:14,test,src/test/java/org/apache/commons/math3/ode/nonstiff/AdamsBashforthFieldIntegratorTest.java,2,org/apache/commons/math3/ode/nonstiff,78,539,2015-12
df1ce13f978983b55935985887030082fb5f7a51,2015-12-29 16:30:40,prod,src/main/java/org/apache/commons/math3/ode/nonstiff/AdamsMoultonFieldIntegrator.java,8,org/apache/commons/math3/ode/nonstiff,416,540,2015-12
df1ce13f978983b55935985887030082fb5f7a51,2015-12-29 16:30:40,test,src/test/java/org/apache/commons/math3/ode/nonstiff/AdamsMoultonFieldIntegratorTest.java,8,org/apache/commons/math3/ode/nonstiff,78,540,2015-12
43800e34600d5045e7770af325fc18b84e8a9f37,2016-01-06 11:18:50,prod,src/main/java/org/apache/commons/math4/ode/FieldSecondaryEquations.java,4,org/apache/commons/math4/ode,62,541,2016-01
43800e34600d5045e7770af325fc18b84e8a9f37,2016-01-06 11:18:50,prod,src/main/java/org/apache/commons/math4/ode/FieldFirstOrderDifferentialEquations.java,4,org/apache/commons/math4/ode,61,541,2016-01
43800e34600d5045e7770af325fc18b84e8a9f37,2016-01-06 11:18:50,prod,src/main/java/org/apache/commons/math4/ode/FieldODEState.java,4,org/apache/commons/math4/ode,114,541,2016-01
43800e34600d5045e7770af325fc18b84e8a9f37,2016-01-06 11:18:50,prod,src/main/java/org/apache/commons/math4/ode/FieldODEStateAndDerivative.java,4,org/apache/commons/math4/ode,81,541,2016-01
d7f0ca1011603d0ed70ee167e3ad9861bcbf756f,2016-01-06 11:19:37,prod,src/main/java/org/apache/commons/math4/ode/sampling/FieldFixedStepHandler.java,6,org/apache/commons/math4/ode/sampling,69,542,2016-01
d7f0ca1011603d0ed70ee167e3ad9861bcbf756f,2016-01-06 11:19:37,prod,src/main/java/org/apache/commons/math4/ode/sampling/FieldStepHandler.java,6,org/apache/commons/math4/ode/sampling,75,542,2016-01
d7f0ca1011603d0ed70ee167e3ad9861bcbf756f,2016-01-06 11:19:37,prod,src/main/java/org/apache/commons/math4/ode/sampling/FieldStepInterpolator.java,6,org/apache/commons/math4/ode/sampling,78,542,2016-01
d7f0ca1011603d0ed70ee167e3ad9861bcbf756f,2016-01-06 11:19:37,prod,src/main/java/org/apache/commons/math4/ode/sampling/FieldStepNormalizer.java,6,org/apache/commons/math4/ode/sampling,272,542,2016-01
7398af480396894c5f246f233b98fa3a3efa0b74,2016-01-06 11:19:50,prod,src/main/java/org/apache/commons/math4/ode/events/Action.java,2,org/apache/commons/math4/ode/events,56,543,2016-01
7398af480396894c5f246f233b98fa3a3efa0b74,2016-01-06 11:19:50,prod,src/main/java/org/apache/commons/math4/ode/events/FieldEventHandler.java,2,org/apache/commons/math4/ode/events,180,543,2016-01
67566fe60b2f98dd586a6512889f9973d4ef380f,2016-01-06 11:20:05,prod,src/main/java/org/apache/commons/math4/ode/FieldEquationsMapper.java,2,org/apache/commons/math4/ode,89,544,2016-01
67566fe60b2f98dd586a6512889f9973d4ef380f,2016-01-06 11:20:05,prod,src/main/java/org/apache/commons/math4/ode/FieldExpandableODE.java,2,org/apache/commons/math4/ode,241,544,2016-01
7bf9d3dbc5998608e85f165b6c93bb7fc98e66fc,2016-01-06 11:23:05,prod,src/main/java/org/apache/commons/math4/ode/FieldFirstOrderIntegrator.java,1,org/apache/commons/math4/ode,168,545,2016-01
6da8a0eba0d0bc19764a9cd8f0b0c3bb4170b8d1,2016-01-06 11:23:19,prod,src/main/java/org/apache/commons/math4/ode/sampling/AbstractFieldStepInterpolator.java,8,org/apache/commons/math4/ode/sampling,355,546,2016-01
6da8a0eba0d0bc19764a9cd8f0b0c3bb4170b8d1,2016-01-06 11:23:19,prod,src/main/java/org/apache/commons/math4/ode/events/FieldEventState.java,8,org/apache/commons/math4/ode/events,372,546,2016-01
6da8a0eba0d0bc19764a9cd8f0b0c3bb4170b8d1,2016-01-06 11:23:19,prod,src/main/java/org/apache/commons/math4/ode/AbstractFieldIntegrator.java,8,org/apache/commons/math4/ode,390,546,2016-01
f8fa8259db335fc3221f011dea926bc716918efb,2016-01-06 11:23:59,prod,src/main/java/org/apache/commons/math4/ode/nonstiff/RungeKuttaFieldStepInterpolator.java,2,org/apache/commons/math4/ode/nonstiff,144,547,2016-01
f8fa8259db335fc3221f011dea926bc716918efb,2016-01-06 11:23:59,prod,src/main/java/org/apache/commons/math4/ode/nonstiff/RungeKuttaFieldIntegrator.java,2,org/apache/commons/math4/ode/nonstiff,271,547,2016-01
738e361a363243bdfcdec56c07937e922f722760,2016-01-06 11:24:01,prod,src/main/java/org/apache/commons/math4/ode/nonstiff/EulerFieldStepInterpolator.java,2,org/apache/commons/math4/ode/nonstiff,103,548,2016-01
738e361a363243bdfcdec56c07937e922f722760,2016-01-06 11:24:01,prod,src/main/java/org/apache/commons/math4/ode/nonstiff/EulerFieldIntegrator.java,2,org/apache/commons/math4/ode/nonstiff,76,548,2016-01
defa2be2ea4a2ec95899e2c91ba0689af73a9348,2016-01-06 11:24:14,prod,src/main/java/org/apache/commons/math4/ode/nonstiff/MidpointFieldIntegrator.java,2,org/apache/commons/math4/ode/nonstiff,73,549,2016-01
defa2be2ea4a2ec95899e2c91ba0689af73a9348,2016-01-06 11:24:14,prod,src/main/java/org/apache/commons/math4/ode/nonstiff/MidpointFieldStepInterpolator.java,2,org/apache/commons/math4/ode/nonstiff,119,549,2016-01
d67f7e2af93a1f715ce14ee373b07bfae9389370,2016-01-06 11:24:16,prod,src/main/java/org/apache/commons/math4/ode/nonstiff/ClassicalRungeKuttaFieldStepInterpolator.java,2,org/apache/commons/math4/ode/nonstiff,141,550,2016-01
d67f7e2af93a1f715ce14ee373b07bfae9389370,2016-01-06 11:24:16,prod,src/main/java/org/apache/commons/math4/ode/nonstiff/ClassicalRungeKuttaFieldIntegrator.java,2,org/apache/commons/math4/ode/nonstiff,79,550,2016-01
58e713233db41a67dc20c6fa60fc6bafc3d3d36c,2016-01-06 11:24:18,prod,src/main/java/org/apache/commons/math4/ode/nonstiff/GillFieldStepInterpolator.java,2,org/apache/commons/math4/ode/nonstiff,157,551,2016-01
58e713233db41a67dc20c6fa60fc6bafc3d3d36c,2016-01-06 11:24:18,prod,src/main/java/org/apache/commons/math4/ode/nonstiff/GillFieldIntegrator.java,2,org/apache/commons/math4/ode/nonstiff,79,551,2016-01
c9aa8f334a5c7fc51cf93f300600e2124170a43e,2016-01-06 11:24:19,prod,src/main/java/org/apache/commons/math4/ode/nonstiff/ThreeEighthesFieldStepInterpolator.java,2,org/apache/commons/math4/ode/nonstiff,152,552,2016-01
c9aa8f334a5c7fc51cf93f300600e2124170a43e,2016-01-06 11:24:19,prod,src/main/java/org/apache/commons/math4/ode/nonstiff/ThreeEighthesFieldIntegrator.java,2,org/apache/commons/math4/ode/nonstiff,77,552,2016-01
dbb04c1ccb17222ad83294ffdd2f500078568873,2016-01-06 11:24:20,prod,src/main/java/org/apache/commons/math4/ode/nonstiff/LutherFieldStepInterpolator.java,2,org/apache/commons/math4/ode/nonstiff,208,553,2016-01
dbb04c1ccb17222ad83294ffdd2f500078568873,2016-01-06 11:24:20,prod,src/main/java/org/apache/commons/math4/ode/nonstiff/LutherFieldIntegrator.java,2,org/apache/commons/math4/ode/nonstiff,94,553,2016-01
1a26866d771d8c3795e89712e530bd4976b506b1,2016-01-06 11:24:29,prod,src/main/java/org/apache/commons/math4/ode/nonstiff/EmbeddedRungeKuttaFieldIntegrator.java,2,org/apache/commons/math4/ode/nonstiff,379,554,2016-01
1a26866d771d8c3795e89712e530bd4976b506b1,2016-01-06 11:24:29,prod,src/main/java/org/apache/commons/math4/ode/nonstiff/AdaptiveStepsizeFieldIntegrator.java,2,org/apache/commons/math4/ode/nonstiff,366,554,2016-01
213cb76f59b6366378d13fb174b84e1c31170f7e,2016-01-06 11:24:39,prod,src/main/java/org/apache/commons/math4/ode/ContinuousOutputFieldModel.java,3,org/apache/commons/math4/ode,346,555,2016-01
b3c16860932f7eda0cc58c41d61f0b2545e6d4dc,2016-01-06 11:24:41,prod,src/main/java/org/apache/commons/math4/ode/nonstiff/DormandPrince853FieldStepInterpolator.java,2,org/apache/commons/math4/ode/nonstiff,476,556,2016-01
b3c16860932f7eda0cc58c41d61f0b2545e6d4dc,2016-01-06 11:24:41,prod,src/main/java/org/apache/commons/math4/ode/nonstiff/DormandPrince853FieldIntegrator.java,2,org/apache/commons/math4/ode/nonstiff,301,556,2016-01
301b0a811092b9c5a3b22b0028a126a63576d1da,2016-01-06 11:24:43,prod,src/main/java/org/apache/commons/math4/ode/nonstiff/HighamHall54FieldStepInterpolator.java,2,org/apache/commons/math4/ode/nonstiff,139,557,2016-01
301b0a811092b9c5a3b22b0028a126a63576d1da,2016-01-06 11:24:43,prod,src/main/java/org/apache/commons/math4/ode/nonstiff/HighamHall54FieldIntegrator.java,2,org/apache/commons/math4/ode/nonstiff,143,557,2016-01
e7a46ac6ca11c6a51a924e96114a9e02312376e4,2016-01-06 11:24:44,prod,src/main/java/org/apache/commons/math4/ode/nonstiff/DormandPrince54FieldStepInterpolator.java,2,org/apache/commons/math4/ode/nonstiff,245,558,2016-01
e7a46ac6ca11c6a51a924e96114a9e02312376e4,2016-01-06 11:24:44,prod,src/main/java/org/apache/commons/math4/ode/nonstiff/DormandPrince54FieldIntegrator.java,2,org/apache/commons/math4/ode/nonstiff,172,558,2016-01
79c47193962b00cf82c79788b81f1107e18ad752,2016-01-06 11:38:03,prod,src/main/java/org/apache/commons/math4/analysis/solvers/BracketedRealFieldUnivariateSolver.java,5,org/apache/commons/math4/analysis/solvers,142,559,2016-01
41bbbd468a214ff51d18e1571965de68d983e26c,2016-01-06 11:40:37,test,src/test/java/org/apache/commons/math4/ode/nonstiff/EulerFieldIntegratorTest.java,1,org/apache/commons/math4/ode/nonstiff,247,560,2016-01
c4a093c1f2d4048cce2c24466108a078b4a9c6d6,2016-01-06 11:40:49,test,src/test/java/org/apache/commons/math4/ode/nonstiff/ClassicalRungeKuttaFieldIntegratorTest.java,1,org/apache/commons/math4/ode/nonstiff,428,561,2016-01
1f14ff6ce8909f28fa7d5f0af3299e9a2cdb0d79,2016-01-06 11:40:54,test,src/test/java/org/apache/commons/math4/ode/nonstiff/GillFieldIntegratorTest.java,4,org/apache/commons/math4/ode/nonstiff,313,562,2016-01
85b941ea1f3922fa5ee6adbe049407e8a8b15596,2016-01-06 11:40:58,test,src/test/java/org/apache/commons/math4/ode/nonstiff/AbstractRungeKuttaFieldIntegratorTest.java,4,org/apache/commons/math4/ode/nonstiff,510,563,2016-01
a961a2ec9c2b0b0370a560cc522b9af114cbab90,2016-01-06 11:41:04,test,src/test/java/org/apache/commons/math4/ode/nonstiff/EulerFieldStepInterpolatorTest.java,3,org/apache/commons/math4/ode/nonstiff,44,564,2016-01
a961a2ec9c2b0b0370a560cc522b9af114cbab90,2016-01-06 11:41:04,test,src/test/java/org/apache/commons/math4/ode/nonstiff/AbstractRungeKuttaFieldStepInterpolatorTest.java,3,org/apache/commons/math4/ode/nonstiff,190,564,2016-01
34f1f6a485cf3dbe9270cbf0232cab986ba13cd2,2016-01-06 11:41:07,test,src/test/java/org/apache/commons/math4/ode/nonstiff/MidpointFieldIntegratorTest.java,1,org/apache/commons/math4/ode/nonstiff,99,565,2016-01
eef2ed3144d873a56cf5f62cd81dddea87d37544,2016-01-06 11:41:09,test,src/test/java/org/apache/commons/math4/ode/nonstiff/ThreeEighthesFieldIntegratorTest.java,1,org/apache/commons/math4/ode/nonstiff,99,566,2016-01
548dfd8bead389790d1c438d54afaa1f060f0eba,2016-01-06 11:41:10,test,src/test/java/org/apache/commons/math4/ode/nonstiff/LutherFieldIntegratorTest.java,1,org/apache/commons/math4/ode/nonstiff,118,567,2016-01
7139af330bcc4cab7c19de4ff75b4d29f1618a56,2016-01-06 11:41:15,test,src/test/java/org/apache/commons/math4/ode/nonstiff/ClassicalRungKuttaFieldStepInterpolatorTest.java,1,org/apache/commons/math4/ode/nonstiff,44,568,2016-01
756ba33a2059b2ecaa00b921648391b3daf8742c,2016-01-06 11:41:16,test,src/test/java/org/apache/commons/math4/ode/nonstiff/ThreeEighthesFieldStepInterpolatorTest.java,1,org/apache/commons/math4/ode/nonstiff,44,569,2016-01
ba6f4a44799a1ed0f7aea6762b658f7d5ef05f1b,2016-01-06 11:41:17,test,src/test/java/org/apache/commons/math4/ode/nonstiff/GillFieldStepInterpolatorTest.java,1,org/apache/commons/math4/ode/nonstiff,44,570,2016-01
2f8b15ad07b438413f9b8513ed50fd5cf14ceadb,2016-01-06 11:41:18,test,src/test/java/org/apache/commons/math4/ode/nonstiff/MidpointFieldStepInterpolatorTest.java,1,org/apache/commons/math4/ode/nonstiff,44,571,2016-01
b5c1893a7069b3771855a58c6feb8a32cc2d3cd8,2016-01-06 11:41:19,test,src/test/java/org/apache/commons/math4/ode/nonstiff/LutherFieldStepInterpolatorTest.java,1,org/apache/commons/math4/ode/nonstiff,44,572,2016-01
87edfd2751ba8bf84f15aa1df288722c36ffcbf0,2016-01-06 11:41:26,test,src/test/java/org/apache/commons/math4/ode/nonstiff/AbstractEmbeddedRungeKuttaFieldIntegratorTest.java,1,org/apache/commons/math4/ode/nonstiff,445,573,2016-01
a2718fc3a9bc54d5932214b07514446a2fe4c5bf,2016-01-06 11:41:27,prod,src/main/java/org/apache/commons/math4/ode/nonstiff/FieldButcherArrayProvider.java,14,org/apache/commons/math4/ode/nonstiff,46,574,2016-01
7fc003df8e22a4dcd2f16f5634fb9d8263ff5d04,2016-01-06 11:41:32,test,src/test/java/org/apache/commons/math4/ode/nonstiff/HighamHall54FieldStepInterpolatorTest.java,2,org/apache/commons/math4/ode/nonstiff,49,575,2016-01
7fc003df8e22a4dcd2f16f5634fb9d8263ff5d04,2016-01-06 11:41:32,test,src/test/java/org/apache/commons/math4/ode/nonstiff/HighamHall54FieldIntegratorTest.java,2,org/apache/commons/math4/ode/nonstiff,93,575,2016-01
2e4b80f86606e8ee3e363ad4860afdd50503374c,2016-01-06 11:41:33,test,src/test/java/org/apache/commons/math4/ode/nonstiff/DormandPrince54FieldStepInterpolatorTest.java,2,org/apache/commons/math4/ode/nonstiff,49,576,2016-01
2e4b80f86606e8ee3e363ad4860afdd50503374c,2016-01-06 11:41:33,test,src/test/java/org/apache/commons/math4/ode/nonstiff/DormandPrince54FieldIntegratorTest.java,2,org/apache/commons/math4/ode/nonstiff,93,576,2016-01
f3cdf561fd06b177a0b602b3ae6d6e845788c6bd,2016-01-06 11:41:34,test,src/test/java/org/apache/commons/math4/ode/nonstiff/DormandPrince853FieldIntegratorTest.java,2,org/apache/commons/math4/ode/nonstiff,93,577,2016-01
f3cdf561fd06b177a0b602b3ae6d6e845788c6bd,2016-01-06 11:41:34,test,src/test/java/org/apache/commons/math4/ode/nonstiff/DormandPrince853FieldStepInterpolatorTest.java,2,org/apache/commons/math4/ode/nonstiff,49,577,2016-01
771eb6a606491375a61fee1aa537025edafacc34,2016-01-06 12:22:39,test,src/test/java/org/apache/commons/math4/ode/ContinuousOutputFieldModelTest.java,37,org/apache/commons/math4/ode,219,578,2016-01
49747dc1d34a48e966ceb424f40f0b7994d1cea7,2016-01-06 12:29:52,test,src/test/java/org/apache/commons/math4/ode/nonstiff/FieldExpandableODETest.java,5,org/apache/commons/math4/ode/nonstiff,344,579,2016-01
dd9dc9457722787992347ae54d9a8fe8d4b91d2e,2016-01-06 13:18:26,prod,src/main/java/org/apache/commons/math4/ode/MultistepFieldIntegrator.java,5,org/apache/commons/math4/ode,427,580,2016-01
dd9dc9457722787992347ae54d9a8fe8d4b91d2e,2016-01-06 13:18:26,test,src/test/java/org/apache/commons/math4/ode/nonstiff/AbstractAdamsFieldIntegratorTest.java,5,org/apache/commons/math4/ode/nonstiff,261,580,2016-01
dd9dc9457722787992347ae54d9a8fe8d4b91d2e,2016-01-06 13:18:26,prod,src/main/java/org/apache/commons/math4/ode/nonstiff/AdamsFieldIntegrator.java,5,org/apache/commons/math4/ode/nonstiff,146,580,2016-01
dd9dc9457722787992347ae54d9a8fe8d4b91d2e,2016-01-06 13:18:26,prod,src/main/java/org/apache/commons/math4/ode/nonstiff/AdamsFieldStepInterpolator.java,5,org/apache/commons/math4/ode/nonstiff,193,580,2016-01
dd9dc9457722787992347ae54d9a8fe8d4b91d2e,2016-01-06 13:18:26,prod,src/main/java/org/apache/commons/math4/ode/nonstiff/AdamsNordsieckFieldTransformer.java,5,org/apache/commons/math4/ode/nonstiff,362,580,2016-01
305934dfbd2b37deb50cf93732e442c51bb1603b,2016-01-06 13:18:39,prod,src/main/java/org/apache/commons/math4/ode/nonstiff/AdamsBashforthFieldIntegrator.java,2,org/apache/commons/math4/ode/nonstiff,374,581,2016-01
305934dfbd2b37deb50cf93732e442c51bb1603b,2016-01-06 13:18:39,test,src/test/java/org/apache/commons/math4/ode/nonstiff/AdamsBashforthFieldIntegratorTest.java,2,org/apache/commons/math4/ode/nonstiff,78,581,2016-01
82cf2774a215ae46477e4b35decf77321e20ab34,2016-01-06 13:19:07,prod,src/main/java/org/apache/commons/math4/ode/nonstiff/AdamsMoultonFieldIntegrator.java,8,org/apache/commons/math4/ode/nonstiff,416,582,2016-01
82cf2774a215ae46477e4b35decf77321e20ab34,2016-01-06 13:19:07,test,src/test/java/org/apache/commons/math4/ode/nonstiff/AdamsMoultonFieldIntegratorTest.java,8,org/apache/commons/math4/ode/nonstiff,78,582,2016-01
9d47e0f911981bee44146aa40ade3571f64e2d3f,2016-01-06 13:27:52,test,src/test/java/org/apache/commons/math4/ode/nonstiff/RungeKuttaFieldIntegratorAbstractTest.java,24,org/apache/commons/math4/ode/nonstiff,662,583,2016-01
9d47e0f911981bee44146aa40ade3571f64e2d3f,2016-01-06 13:27:52,test,src/test/java/org/apache/commons/math4/ode/nonstiff/EmbeddedRungeKuttaFieldIntegratorAbstractTest.java,24,org/apache/commons/math4/ode/nonstiff,600,583,2016-01
56888aa666b4997a4eeab7d1044f5358c213a178,2016-01-17 10:40:27,test,src/test/java/org/apache/commons/math4/random/BitsStreamGeneratorTest.java,2,org/apache/commons/math4/random,86,584,2016-01
56888aa666b4997a4eeab7d1044f5358c213a178,2016-01-17 10:40:27,prod,src/main/java/org/apache/commons/math4/random/BitsStreamGenerator.java,2,org/apache/commons/math4/random,218,584,2016-01
e0a8ac4fb5891e6760f7238027dcbb3e23e23054,2016-01-17 10:40:27,test,src/test/java/org/apache/commons/math4/random/AbstractRandomGeneratorTest.java,3,org/apache/commons/math4/random,39,585,2016-01
e0a8ac4fb5891e6760f7238027dcbb3e23e23054,2016-01-17 10:40:27,prod,src/main/java/org/apache/commons/math4/random/AbstractRandomGenerator.java,3,org/apache/commons/math4/random,294,585,2016-01
5238b008798997de8581c11bb17e9ae23008bb03,2016-03-16 15:49:37,test,src/test/java/org/apache/commons/math3/ode/events/CloseEventsTest.java,2,org/apache/commons/math3/ode/events,127,586,2016-03
7a8dc00b8be18a9271e2d9c2444ba91077ffafa5,2016-03-16 15:57:30,test,src/test/java/org/apache/commons/math4/ode/events/CloseEventsTest.java,2,org/apache/commons/math4/ode/events,127,587,2016-03
34515698878ff0a4641e72486f0ae8a7e30df0d5,2016-03-20 23:20:50,prod,src/main/java/org/apache/commons/math4/random/RngAdaptor.java,1,org/apache/commons/math4/random,229,588,2016-03
3411f29e2377788cdaa5a4eeaddc53355f085a78,2016-03-28 01:25:05,prod,src/main/java/org/apache/commons/math4/random/JDKRandomAdaptor.java,2,org/apache/commons/math4/random,148,589,2016-03
3411f29e2377788cdaa5a4eeaddc53355f085a78,2016-03-28 01:25:05,test,src/test/java/org/apache/commons/math4/random/JDKRandomAdaptorTest.java,2,org/apache/commons/math4/random,113,589,2016-03
37c4939a8a027eefb3673b49301814d086f2eef1,2016-04-23 12:29:35,test,src/test/java/org/apache/commons/math4/analysis/function/UnivariateFunctionTest.java,6,org/apache/commons/math4/analysis/function,124,590,2016-04
37c4939a8a027eefb3673b49301814d086f2eef1,2016-04-23 12:29:35,test,src/test/java/org/apache/commons/math4/analysis/function/UnivariateDifferentiableFunctionTest.java,6,org/apache/commons/math4/analysis/function,229,590,2016-04
37c4939a8a027eefb3673b49301814d086f2eef1,2016-04-23 12:29:35,test,src/test/java/org/apache/commons/math4/analysis/function/BivariateFunctionTest.java,6,org/apache/commons/math4/analysis/function,44,590,2016-04
37c4939a8a027eefb3673b49301814d086f2eef1,2016-04-23 12:29:35,test,src/test/java/org/apache/commons/math4/geometry/euclidean/twod/NestedLoopsTest.java,6,org/apache/commons/math4/geometry/euclidean/twod,67,590,2016-04
93d35c8f291b8953f8460c0eb02a51cc6d6cac22,2016-05-06 23:25:42,test,src/test/java/org/apache/commons/math4/analysis/integration/gauss/LaguerreTest.java,3,org/apache/commons/math4/analysis/integration/gauss,50,591,2016-05
93d35c8f291b8953f8460c0eb02a51cc6d6cac22,2016-05-06 23:25:42,prod,src/main/java/org/apache/commons/math4/analysis/integration/gauss/LaguerreRuleFactory.java,3,org/apache/commons/math4/analysis/integration/gauss,84,591,2016-05
b77184a2189c8f91100d148354d1fdf38e83d13f,2016-05-10 21:47:36,test,src/test/java/org/apache/commons/math4/analysis/integration/gauss/LaguerreTest.java,3,org/apache/commons/math4/analysis/integration/gauss,50,592,2016-05
b77184a2189c8f91100d148354d1fdf38e83d13f,2016-05-10 21:47:36,prod,src/main/java/org/apache/commons/math4/analysis/integration/gauss/LaguerreRuleFactory.java,3,org/apache/commons/math4/analysis/integration/gauss,84,592,2016-05
363be2fea66f861d7ec4f893a05901fa0c7ecf92,2016-05-13 13:40:26,prod,src/main/java/org/apache/commons/math4/random/RandomUtils.java,1,org/apache/commons/math4/random,492,593,2016-05
412a8a0ba61c84d71c0cc740ba7e50c10f3bf9ae,2016-05-13 13:45:34,test,src/test/java/org/apache/commons/math4/random/RandomUtilsDataGeneratorAbstractTest.java,3,org/apache/commons/math4/random,453,594,2016-05
412a8a0ba61c84d71c0cc740ba7e50c10f3bf9ae,2016-05-13 13:45:34,test,src/test/java/org/apache/commons/math4/random/RandomUtilsDataGeneratorJDKRandomTest.java,3,org/apache/commons/math4/random,31,594,2016-05
412a8a0ba61c84d71c0cc740ba7e50c10f3bf9ae,2016-05-13 13:45:34,test,src/test/java/org/apache/commons/math4/random/RandomUtilsDataGeneratorJDKSecureRandomTest.java,3,org/apache/commons/math4/random,31,594,2016-05
0cc22651bbd5db9fefac5f3114bb881aadca0d0c,2016-05-31 09:01:08,test,src/test/java/org/apache/commons/math4/distribution/EnumeratedDistributionTest.java,2,org/apache/commons/math4/distribution,61,595,2016-05
819318486d9cfb430749ee33d3c5c4ec4417babc,2016-08-05 15:03:09,test,src/test/java/org/apache/commons/math4/util/KthSelectorTest.java,2,org/apache/commons/math4/util,56,596,2016-08
9be91f380c209f895da36d13c40b99687bb4c8c1,2017-05-06 14:45:00,prod,src/main/java/org/apache/commons/math4/geometry/euclidean/oned/Vector1D.java,4,org/apache/commons/math4/geometry/euclidean/oned,33,597,2017-05
09c55eb8120da36aef1807628f87bde83749428b,2017-05-06 14:51:16,prod,src/main/java/org/apache/commons/math4/geometry/euclidean/twod/Vector2D.java,4,org/apache/commons/math4/geometry/euclidean/twod,38,598,2017-05
05edf06360cc8a1a61fbd1ce5f9abf5d83f9d3f9,2017-05-06 14:59:17,prod,src/main/java/org/apache/commons/math4/geometry/euclidean/threed/Vector3D.java,4,org/apache/commons/math4/geometry/euclidean/threed,46,599,2017-05
3b7deb943877b0c2d8627531959948c5d1e4d3ef,2017-12-23 18:52:24,test,src/test/java/org/apache/commons/math4/geometry/euclidean/oned/SubOrientedPointTest.java,2,org/apache/commons/math4/geometry/euclidean/oned,168,600,2017-12
fd86d06ec5d3b009f3882dda7903e9913858ee14,2018-01-21 13:11:31,test,src/test/java/org/apache/commons/math4/geometry/partitioning/CharacterizationTest.java,3,org/apache/commons/math4/geometry/partitioning,420,601,2018-01
24d3dd8ba7032bc4590b82a99ff37713fb3cc5bb,2018-01-26 03:41:43,test,src/test/java/org/apache/commons/math4/geometry/euclidean/oned/OrientedPointTest.java,9,org/apache/commons/math4/geometry/euclidean/oned,188,602,2018-01
6dc6cf5b2fba50eb602283101de4910787ad5579,2018-05-16 14:15:29,prod,src/main/java/org/apache/commons/math4/fitting/leastsquares/DifferentiatorVectorMultivariateJacobianFunction.java,5,org/apache/commons/math4/fitting/leastsquares,106,603,2018-05
6dc6cf5b2fba50eb602283101de4910787ad5579,2018-05-16 14:15:29,prod,src/main/java/org/apache/commons/math4/fitting/leastsquares/DifferentiatorMultivariateJacobianFunction.java,5,org/apache/commons/math4/fitting/leastsquares,103,603,2018-05
6dc6cf5b2fba50eb602283101de4910787ad5579,2018-05-16 14:15:29,test,src/test/java/org/apache/commons/math4/fitting/leastsquares/DifferentiatorVectorMultivariateJacobianFunctionTest.java,5,org/apache/commons/math4/fitting/leastsquares,154,603,2018-05
128523112bdbad85b6b5c925004c0e975be5d553,2019-10-27 13:59:19,prod,src/main/java/org/apache/commons/math4/field/linalg/FieldDenseMatrix.java,4,org/apache/commons/math4/field/linalg,343,604,2019-10
128523112bdbad85b6b5c925004c0e975be5d553,2019-10-27 13:59:19,prod,src/main/java/org/apache/commons/math4/field/linalg/package-info.java,4,org/apache/commons/math4/field/linalg,21,604,2019-10
128523112bdbad85b6b5c925004c0e975be5d553,2019-10-27 13:59:19,prod,src/main/java/org/apache/commons/math4/field/package-info.java,4,org/apache/commons/math4/field,22,604,2019-10
128523112bdbad85b6b5c925004c0e975be5d553,2019-10-27 13:59:19,test,src/test/java/org/apache/commons/math4/field/linalg/FP64FieldDenseMatrixTest.java,4,org/apache/commons/math4/field/linalg,285,604,2019-10
ec77f54bef7e60de920307bd75ce44a2fa104670,2019-10-27 14:10:11,prod,src/main/java/org/apache/commons/math4/field/linalg/FieldDecompositionSolver.java,3,org/apache/commons/math4/field/linalg,59,605,2019-10
ec77f54bef7e60de920307bd75ce44a2fa104670,2019-10-27 14:10:11,prod,src/main/java/org/apache/commons/math4/field/linalg/FieldLUDecomposition.java,3,org/apache/commons/math4/field/linalg,361,605,2019-10
ec77f54bef7e60de920307bd75ce44a2fa104670,2019-10-27 14:10:11,test,src/test/java/org/apache/commons/math4/field/linalg/FieldLUDecompositionTest.java,3,org/apache/commons/math4/field/linalg,267,605,2019-10
16c8f3b49623ab0a325d152e80f843a740da57dd,2020-03-07 19:32:07,prod,src/main/java/org/apache/commons/math4/ml/clustering/ClusterRanking.java,3,org/apache/commons/math4/ml/clustering,39,606,2020-03
c770e66963a42595c3b69712265292a7a207cc5d,2020-03-10 01:41:06,prod,src/main/java/org/apache/commons/math4/ml/clustering/ClusterEvaluator.java,6,org/apache/commons/math4/ml/clustering,50,607,2020-03
4eb5f9f8a604148e4fd27f317e47bc7d750c944a,2020-03-10 02:06:56,test,src/test/java/org/apache/commons/math4/ml/clustering/evaluation/CalinskiHarabaszTest.java,2,org/apache/commons/math4/ml/clustering/evaluation,165,608,2020-03
4eb5f9f8a604148e4fd27f317e47bc7d750c944a,2020-03-10 02:06:56,prod,src/main/java/org/apache/commons/math4/ml/clustering/evaluation/CalinskiHarabasz.java,2,org/apache/commons/math4/ml/clustering/evaluation,167,608,2020-03
84102c0c4ca34d5d024cf6d02c733c8583fb1b2a,2020-03-10 23:52:49,test,src/test/java/org/apache/commons/math4/ml/clustering/initialization/CentroidInitializerTest.java,5,org/apache/commons/math4/ml/clustering/initialization,49,609,2020-03
84102c0c4ca34d5d024cf6d02c733c8583fb1b2a,2020-03-10 23:52:49,prod,src/main/java/org/apache/commons/math4/ml/clustering/initialization/RandomCentroidInitializer.java,5,org/apache/commons/math4/ml/clustering/initialization,65,609,2020-03
84102c0c4ca34d5d024cf6d02c733c8583fb1b2a,2020-03-10 23:52:49,prod,src/main/java/org/apache/commons/math4/ml/clustering/initialization/KMeansPlusPlusCentroidInitializer.java,5,org/apache/commons/math4/ml/clustering/initialization,186,609,2020-03
84102c0c4ca34d5d024cf6d02c733c8583fb1b2a,2020-03-10 23:52:49,prod,src/main/java/org/apache/commons/math4/ml/clustering/initialization/CentroidInitializer.java,5,org/apache/commons/math4/ml/clustering/initialization,39,609,2020-03
da455397c2e355fedac2e813ea14a50b6a21a4c3,2020-03-22 08:59:26,test,src/test/java/org/apache/commons/math4/ml/clustering/MiniBatchKMeansClustererTest.java,2,org/apache/commons/math4/ml/clustering,181,610,2020-03
da455397c2e355fedac2e813ea14a50b6a21a4c3,2020-03-22 08:59:26,prod,src/main/java/org/apache/commons/math4/ml/clustering/MiniBatchKMeansClusterer.java,2,org/apache/commons/math4/ml/clustering,276,610,2020-03
8dda8d86797de6730e37c089cb36201bab70139b,2020-03-25 16:00:38,prod,src/main/java/org/apache/commons/math4/ml/clustering/initialization/package-info.java,1,org/apache/commons/math4/ml/clustering/initialization,24,611,2020-03
960ba5322beb3b0c26b71fb06b0e3131122a8a0d,2020-06-28 22:22:19,test,src/test/java/org/apache/commons/math4/ml/neuralnet/MapRankingTest.java,4,org/apache/commons/math4/ml/neuralnet,108,612,2020-06
960ba5322beb3b0c26b71fb06b0e3131122a8a0d,2020-06-28 22:22:19,prod,src/main/java/org/apache/commons/math4/ml/neuralnet/MapRanking.java,4,org/apache/commons/math4/ml/neuralnet,156,612,2020-06
9fca795acfb74a5954229743780a71a7c0b16c76,2021-05-19 13:28:59,prod,commons-math-examples/examples-sofm/chinese-rings/src/main/java/org/apache/commons/math4/examples/sofm/chineserings/ChineseRingsClassifier.java,15,org/apache/commons/math4/examples/sofm/chineserings,190,613,2021-05
9fca795acfb74a5954229743780a71a7c0b16c76,2021-05-19 13:28:59,prod,commons-math-examples/examples-sofm/src/main/java/org/apache/commons/math4/examples/neuralnet/sofm/tsp/StandAlone.java,15,org/apache/commons/math4/examples/neuralnet/sofm/tsp,41,613,2021-05
9fca795acfb74a5954229743780a71a7c0b16c76,2021-05-19 13:28:59,prod,commons-math-examples/examples-sofm/chinese-rings/src/main/java/org/apache/commons/math4/examples/sofm/chineserings/StandAlone.java,15,org/apache/commons/math4/examples/sofm/chineserings,118,613,2021-05
92094a0993015cbdc2be1c0d6553b31ca76f4fe5,2021-05-22 23:19:12,test,commons-math-transform/src/test/java/org/apache/commons/math4/transform/TransformUtilsTest.java,30,org/apache/commons/math4/transform,59,614,2021-05
92094a0993015cbdc2be1c0d6553b31ca76f4fe5,2021-05-22 23:19:12,prod,commons-math-transform/src/main/java/org/apache/commons/math4/transform/TransformException.java,30,org/apache/commons/math4/transform,52,614,2021-05
92094a0993015cbdc2be1c0d6553b31ca76f4fe5,2021-05-22 23:19:12,prod,commons-math-transform/src/main/java/org/apache/commons/math4/transform/FastSineTransform.java,30,org/apache/commons/math4/transform,194,614,2021-05
92094a0993015cbdc2be1c0d6553b31ca76f4fe5,2021-05-22 23:19:12,prod,commons-math-transform/src/main/java/org/apache/commons/math4/transform/RealTransform.java,30,org/apache/commons/math4/transform,51,614,2021-05
92094a0993015cbdc2be1c0d6553b31ca76f4fe5,2021-05-22 23:19:12,prod,commons-math-transform/src/main/java/org/apache/commons/math4/transform/FastCosineTransform.java,30,org/apache/commons/math4/transform,186,614,2021-05
92094a0993015cbdc2be1c0d6553b31ca76f4fe5,2021-05-22 23:19:12,prod,commons-math-transform/src/main/java/org/apache/commons/math4/transform/ComplexTransform.java,30,org/apache/commons/math4/transform,66,614,2021-05
92094a0993015cbdc2be1c0d6553b31ca76f4fe5,2021-05-22 23:19:12,prod,commons-math-transform/src/main/java/org/apache/commons/math4/transform/FastFourierTransform.java,30,org/apache/commons/math4/transform,397,614,2021-05
d056c03834b9245c0d8095ade3bfd66d83f758a5,2021-05-26 02:39:12,test,commons-math-legacy/src/test/java/org/apache/commons/math4/legacy/exception/NullArgumentExceptionTest.java,2,org/apache/commons/math4/legacy/exception,44,615,2021-05
d056c03834b9245c0d8095ade3bfd66d83f758a5,2021-05-26 02:39:12,test,commons-math-legacy/src/test/java/org/apache/commons/math4/legacy/exception/NotFiniteNumberExceptionTest.java,2,org/apache/commons/math4/legacy/exception,68,615,2021-05
456de1bf98e87d18588fe76b623b5ed1bd4d715b,2021-06-02 01:21:46,test,commons-math-legacy/src/test/java/org/apache/commons/math4/legacy/random/CorrelatedVectorFactoryTest.java,6,org/apache/commons/math4/legacy/random,172,616,2021-06
456de1bf98e87d18588fe76b623b5ed1bd4d715b,2021-06-02 01:21:46,prod,commons-math-legacy/src/main/java/org/apache/commons/math4/legacy/random/CorrelatedVectorFactory.java,6,org/apache/commons/math4/legacy/random,163,616,2021-06
46a0c3ae4140fd34cf8479362192bddb7b7b3e38,2021-07-11 00:10:11,prod,commons-math-legacy/src/main/java/org/apache/commons/math4/legacy/optim/nonlinear/scalar/noderiv/Simplex.java,13,org/apache/commons/math4/legacy/optim/nonlinear/scalar/noderiv,304,617,2021-07
46a0c3ae4140fd34cf8479362192bddb7b7b3e38,2021-07-11 00:10:11,prod,commons-math-legacy/src/main/java/org/apache/commons/math4/legacy/optim/nonlinear/scalar/noderiv/NelderMeadTransform.java,13,org/apache/commons/math4/legacy/optim/nonlinear/scalar/noderiv,183,617,2021-07
46a0c3ae4140fd34cf8479362192bddb7b7b3e38,2021-07-11 00:10:11,prod,commons-math-legacy/src/main/java/org/apache/commons/math4/legacy/optim/nonlinear/scalar/noderiv/MultiDirectionalTransform.java,13,org/apache/commons/math4/legacy/optim/nonlinear/scalar/noderiv,130,617,2021-07
50ca244b38e130923b5426092895c587e207f4a2,2021-08-07 12:38:46,test,commons-math-legacy/src/test/java/org/apache/commons/math4/legacy/optim/nonlinear/scalar/noderiv/SimplexTest.java,13,org/apache/commons/math4/legacy/optim/nonlinear/scalar/noderiv,199,618,2021-08
50ca244b38e130923b5426092895c587e207f4a2,2021-08-07 12:38:46,test,commons-math-legacy/src/test/java/org/apache/commons/math4/legacy/optim/nonlinear/scalar/noderiv/SimplexOptimizerHedarFukushimaTest.java,13,org/apache/commons/math4/legacy/optim/nonlinear/scalar/noderiv,161,618,2021-08
50ca244b38e130923b5426092895c587e207f4a2,2021-08-07 12:38:46,prod,commons-math-legacy/src/main/java/org/apache/commons/math4/legacy/optim/nonlinear/scalar/SimulatedAnnealing.java,13,org/apache/commons/math4/legacy/optim/nonlinear/scalar,195,618,2021-08
50ca244b38e130923b5426092895c587e207f4a2,2021-08-07 12:38:46,prod,commons-math-legacy/src/main/java/org/apache/commons/math4/legacy/optim/nonlinear/scalar/noderiv/HedarFukushimaTransform.java,13,org/apache/commons/math4/legacy/optim/nonlinear/scalar/noderiv,210,618,2021-08
fdbb8b98f5c0dba55d1bc607434ea00e2b9c3145,2021-08-09 16:27:00,test,commons-math-legacy/src/test/java/org/apache/commons/math4/legacy/optim/nonlinear/scalar/noderiv/SimplexOptimizerTest.java,3,org/apache/commons/math4/legacy/optim/nonlinear/scalar/noderiv,220,619,2021-08
b35167641afd36f32bb925e71abfda74080a2ebe,2021-10-16 09:14:47,prod,commons-math-core/src/main/java/org/apache/commons/math4/core/jdkmath/package-info.java,4,org/apache/commons/math4/core/jdkmath,21,620,2021-10
22753536f4c0671a797b9cc1fd4e4c18c7c39fa6,2021-10-16 23:46:06,test,commons-math-core/src/test/java/org/apache/commons/math4/core/jdkmath/JdkMathTest.java,4,org/apache/commons/math4/core/jdkmath,70,621,2021-10
d3c03ebc9b5a1ec699a711bb1b09b94ee12fde99,2021-12-30 23:34:07,test,commons-math-legacy/src/test/java/org/apache/commons/math4/legacy/optim/PointVectorValuePairTest.java,1,org/apache/commons/math4/legacy/optim,58,622,2021-12
565b896873048416f611c12e8667bd76a83f47a6,2022-01-24 17:14:59,prod,commons-math-examples/examples-kmeans/image/src/main/java/org/apache/commons/math4/examples/kmeans/image/package-info.java,12,org/apache/commons/math4/examples/kmeans/image,22,623,2022-01
565b896873048416f611c12e8667bd76a83f47a6,2022-01-24 17:14:59,prod,commons-math-examples/examples-kmeans/image/src/main/java/org/apache/commons/math4/examples/kmeans/image/StandAlone.java,12,org/apache/commons/math4/examples/kmeans/image,80,623,2022-01
565b896873048416f611c12e8667bd76a83f47a6,2022-01-24 17:14:59,prod,commons-math-examples/examples-kmeans/image/src/main/java/org/apache/commons/math4/examples/kmeans/image/ImageData.java,12,org/apache/commons/math4/examples/kmeans/image,151,623,2022-01
74a851b611bf6db1c6177217f1a88b71352e3faf,2022-01-24 18:57:29,prod,commons-math-legacy/src/main/java/org/apache/commons/math4/legacy/ml/clustering/ElkanKMeansPlusPlusClusterer.java,2,org/apache/commons/math4/legacy/ml/clustering,409,624,2022-01
74a851b611bf6db1c6177217f1a88b71352e3faf,2022-01-24 18:57:29,test,commons-math-legacy/src/test/java/org/apache/commons/math4/legacy/ml/clustering/ElkanKMeansPlusPlusClustererTest.java,2,org/apache/commons/math4/legacy/ml/clustering,137,624,2022-01
ddfd5bf859d04cc5da604b20021ceaba9de7def6,2022-05-31 21:37:55,prod,commons-math-ga2/src/main/java/org/apache/commons/math4/ga2/GenerationCallback.java,37,org/apache/commons/math4/ga2,35,625,2022-05
ddfd5bf859d04cc5da604b20021ceaba9de7def6,2022-05-31 21:37:55,prod,commons-math-ga2/src/main/java/org/apache/commons/math4/ga2/GeneticAlgorithmFactory.java,37,org/apache/commons/math4/ga2,240,625,2022-05
ddfd5bf859d04cc5da604b20021ceaba9de7def6,2022-05-31 21:37:55,prod,commons-math-ga2/src/main/java/org/apache/commons/math4/ga2/GeneticOperator.java,37,org/apache/commons/math4/ga2,43,625,2022-05
ddfd5bf859d04cc5da604b20021ceaba9de7def6,2022-05-31 21:37:55,prod,commons-math-ga2/src/main/java/org/apache/commons/math4/ga2/Population.java,37,org/apache/commons/math4/ga2,191,625,2022-05
ddfd5bf859d04cc5da604b20021ceaba9de7def6,2022-05-31 21:37:55,prod,commons-math-ga2/src/main/java/org/apache/commons/math4/ga2/fitness/FitnessConcurrentCalculator.java,37,org/apache/commons/math4/ga2/fitness,98,625,2022-05
ddfd5bf859d04cc5da604b20021ceaba9de7def6,2022-05-31 21:37:55,prod,commons-math-ga2/src/main/java/org/apache/commons/math4/ga2/fitness/package-info.java,37,org/apache/commons/math4/ga2/fitness,20,625,2022-05
ddfd5bf859d04cc5da604b20021ceaba9de7def6,2022-05-31 21:37:55,prod,commons-math-ga2/src/main/java/org/apache/commons/math4/ga2/gene/binary/Chromosome.java,37,org/apache/commons/math4/ga2/gene/binary,109,625,2022-05
ddfd5bf859d04cc5da604b20021ceaba9de7def6,2022-05-31 21:37:55,prod,commons-math-ga2/src/main/java/org/apache/commons/math4/ga2/gene/binary/Mutation.java,37,org/apache/commons/math4/ga2/gene/binary,50,625,2022-05
ddfd5bf859d04cc5da604b20021ceaba9de7def6,2022-05-31 21:37:55,prod,commons-math-ga2/src/main/java/org/apache/commons/math4/ga2/gene/binary/OnePointCrossover.java,37,org/apache/commons/math4/ga2/gene/binary,75,625,2022-05
ddfd5bf859d04cc5da604b20021ceaba9de7def6,2022-05-31 21:37:55,prod,commons-math-ga2/src/main/java/org/apache/commons/math4/ga2/gene/binary/Operators.java,37,org/apache/commons/math4/ga2/gene/binary,43,625,2022-05
ddfd5bf859d04cc5da604b20021ceaba9de7def6,2022-05-31 21:37:55,prod,commons-math-ga2/src/main/java/org/apache/commons/math4/ga2/Selection.java,37,org/apache/commons/math4/ga2,37,625,2022-05
ddfd5bf859d04cc5da604b20021ceaba9de7def6,2022-05-31 21:37:55,prod,commons-math-ga2/src/main/java/org/apache/commons/math4/ga2/FitnessService.java,37,org/apache/commons/math4/ga2,39,625,2022-05
ddfd5bf859d04cc5da604b20021ceaba9de7def6,2022-05-31 21:37:55,prod,commons-math-ga2/src/main/java/org/apache/commons/math4/ga2/AbstractMutation.java,37,org/apache/commons/math4/ga2,95,625,2022-05
ddfd5bf859d04cc5da604b20021ceaba9de7def6,2022-05-31 21:37:55,prod,commons-math-ga2/src/main/java/org/apache/commons/math4/ga2/ApplicationRate.java,37,org/apache/commons/math4/ga2,92,625,2022-05
ddfd5bf859d04cc5da604b20021ceaba9de7def6,2022-05-31 21:37:55,prod,commons-math-ga2/src/main/java/org/apache/commons/math4/ga2/AbstractCrossover.java,37,org/apache/commons/math4/ga2,78,625,2022-05
ddfd5bf859d04cc5da604b20021ceaba9de7def6,2022-05-31 21:37:55,prod,commons-math-examples/examples-ga/examples-ga-math-functions/src/main/java/org/apache/commons/math4/examples/ga/mathfunctions/MathFunctionOptimizer2.java,37,org/apache/commons/math4/examples/ga/mathfunctions,189,625,2022-05
ddfd5bf859d04cc5da604b20021ceaba9de7def6,2022-05-31 21:37:55,prod,commons-math-ga2/src/main/java/org/apache/commons/math4/ga2/rate/AverageRankLinearRate.java,37,org/apache/commons/math4/ga2/rate,52,625,2022-05
ddfd5bf859d04cc5da604b20021ceaba9de7def6,2022-05-31 21:37:55,prod,commons-math-ga2/src/main/java/org/apache/commons/math4/ga2/rate/ConstantRate.java,37,org/apache/commons/math4/ga2/rate,40,625,2022-05
ddfd5bf859d04cc5da604b20021ceaba9de7def6,2022-05-31 21:37:55,prod,commons-math-ga2/src/main/java/org/apache/commons/math4/ga2/rate/RateGenerators.java,37,org/apache/commons/math4/ga2/rate,50,625,2022-05
ddfd5bf859d04cc5da604b20021ceaba9de7def6,2022-05-31 21:37:55,prod,commons-math-ga2/src/main/java/org/apache/commons/math4/ga2/rate/package-info.java,37,org/apache/commons/math4/ga2/rate,20,625,2022-05
ddfd5bf859d04cc5da604b20021ceaba9de7def6,2022-05-31 21:37:55,prod,commons-math-ga2/src/main/java/org/apache/commons/math4/ga2/select/Tournament.java,37,org/apache/commons/math4/ga2/select,77,625,2022-05
ddfd5bf859d04cc5da604b20021ceaba9de7def6,2022-05-31 21:37:55,prod,commons-math-ga2/src/main/java/org/apache/commons/math4/ga2/select/package-info.java,37,org/apache/commons/math4/ga2/select,20,625,2022-05
ddfd5bf859d04cc5da604b20021ceaba9de7def6,2022-05-31 21:37:55,prod,commons-math-ga2/src/main/java/org/apache/commons/math4/ga2/stop/UnchangedFitness.java,37,org/apache/commons/math4/ga2/stop,116,625,2022-05
ddfd5bf859d04cc5da604b20021ceaba9de7def6,2022-05-31 21:37:55,prod,commons-math-ga2/src/main/java/org/apache/commons/math4/ga2/gene/binary/package-info.java,37,org/apache/commons/math4/ga2/gene/binary,20,625,2022-05
ddfd5bf859d04cc5da604b20021ceaba9de7def6,2022-05-31 21:37:55,prod,commons-math-ga2/src/main/java/org/apache/commons/math4/ga2/stop/package-info.java,37,org/apache/commons/math4/ga2/stop,20,625,2022-05
ddfd5bf859d04cc5da604b20021ceaba9de7def6,2022-05-31 21:37:55,prod,commons-math-ga2/src/main/java/org/apache/commons/math4/ga2/ChromosomeFactory.java,37,org/apache/commons/math4/ga2,30,625,2022-05
ddfd5bf859d04cc5da604b20021ceaba9de7def6,2022-05-31 21:37:55,prod,commons-math-ga2/src/main/java/org/apache/commons/math4/ga2/package-info.java,37,org/apache/commons/math4/ga2,20,625,2022-05
aa0d427dd6dd1b98a3bfc97896ddef30eb4077de,2022-06-27 13:16:27,prod,commons-math-ga2/src/main/java/org/apache/commons/math4/ga2/gene/package-info.java,2,org/apache/commons/math4/ga2/gene,29,626,2022-06
2fb5f6aa950cae4cca7997bfd3990e35eda4cef2,2023-06-29 21:53:46,test,commons-math-legacy/src/test/java/org/apache/commons/math4/legacy/optim/BaseOptimizerTest.java,4,org/apache/commons/math4/legacy/optim,77,627,2023-06
aaa39b8fd5a2b1dbe4e883e027e932aa8703e55d,2023-11-22 01:25:27,prod,commons-math-legacy/src/main/java/org/apache/commons/math4/legacy/optim/nonlinear/scalar/LineSearchTolerance.java,9,org/apache/commons/math4/legacy/optim/nonlinear/scalar,56,628,2023-11
aaa39b8fd5a2b1dbe4e883e027e932aa8703e55d,2023-11-22 01:25:27,prod,commons-math-legacy/src/main/java/org/apache/commons/math4/legacy/optim/Tolerance.java,9,org/apache/commons/math4/legacy/optim,53,628,2023-11
8593998da664f747a527066b12fd6685ae80f9ad,2025-04-05 11:38:36,test,commons-math-legacy/src/test/java/org/apache/commons/math4/legacy/stat/descriptive/summary/WeightedSumTest.java,3,org/apache/commons/math4/legacy/stat/descriptive/summary,46,629,2025-04
fb1c36b7f1eb0677b732c207bba72f5928abc8b5,2025-04-05 11:38:36,prod,commons-math-legacy/src/main/java/org/apache/commons/math4/legacy/stat/descriptive/Statistics.java,18,org/apache/commons/math4/legacy/stat/descriptive,110,630,2025-04
8593998da664f747a527066b12fd6685ae80f9ad,2025-04-05 11:38:36,prod,commons-math-legacy/src/main/java/org/apache/commons/math4/legacy/stat/descriptive/summary/WeightedSum.java,3,org/apache/commons/math4/legacy/stat/descriptive/summary,112,629,2025-04
82070d092e617ab5e5d58ef5f93b3df0df50d61b,2025-04-05 15:59:16,prod,commons-math-legacy/src/main/java/org/apache/commons/math4/legacy/analysis/interpolation/ClampedSplineInterpolator.java,2,org/apache/commons/math4/legacy/analysis/interpolation,160,631,2025-04
4c4c227092e9182609d91e1e88a32ee8edc2f8ce,2025-05-12 15:27:18,test,commons-math-legacy/src/test/java/org/apache/commons/math4/legacy/analysis/interpolation/ClampedSplineInterpolatorTest.java,1,org/apache/commons/math4/legacy/analysis/interpolation,175,632,2025-05
