commit,date,file_type,path,stem,package,added_lines,deleted_lines,commit_index,commit_size,msg,month
6627f7ad8fb08d6c23b83d6c9f0a6830e9e7085a,2002-07-19 03:35:56,prod,src/java/org/apache/commons/lang/CharRange.java,CharRange,org/apache/commons/lang,205,0,0,37,"Initial copy from jakarta-commons-sandbox


git-svn-id: https://svn.apache.org/repos/asf/jakarta/commons/proper/lang/trunk@136932 13f79535-47bb-0310-9956-ffa450edef68",2002-07
6627f7ad8fb08d6c23b83d6c9f0a6830e9e7085a,2002-07-19 03:35:56,prod,src/java/org/apache/commons/lang/CharSet.java,CharSet,org/apache/commons/lang,152,0,0,37,"Initial copy from jakarta-commons-sandbox


git-svn-id: https://svn.apache.org/repos/asf/jakarta/commons/proper/lang/trunk@136932 13f79535-47bb-0310-9956-ffa450edef68",2002-07
6627f7ad8fb08d6c23b83d6c9f0a6830e9e7085a,2002-07-19 03:35:56,prod,src/java/org/apache/commons/lang/CharSetUtils.java,CharSetUtils,org/apache/commons/lang,229,0,0,37,"Initial copy from jakarta-commons-sandbox


git-svn-id: https://svn.apache.org/repos/asf/jakarta/commons/proper/lang/trunk@136932 13f79535-47bb-0310-9956-ffa450edef68",2002-07
6627f7ad8fb08d6c23b83d6c9f0a6830e9e7085a,2002-07-19 03:35:56,prod,src/java/org/apache/commons/lang/NumberRange.java,NumberRange,org/apache/commons/lang,241,0,0,37,"Initial copy from jakarta-commons-sandbox


git-svn-id: https://svn.apache.org/repos/asf/jakarta/commons/proper/lang/trunk@136932 13f79535-47bb-0310-9956-ffa450edef68",2002-07
6627f7ad8fb08d6c23b83d6c9f0a6830e9e7085a,2002-07-19 03:35:56,prod,src/java/org/apache/commons/lang/NumberUtils.java,NumberUtils,org/apache/commons/lang,536,0,0,37,"Initial copy from jakarta-commons-sandbox


git-svn-id: https://svn.apache.org/repos/asf/jakarta/commons/proper/lang/trunk@136932 13f79535-47bb-0310-9956-ffa450edef68",2002-07
6627f7ad8fb08d6c23b83d6c9f0a6830e9e7085a,2002-07-19 03:35:56,prod,src/java/org/apache/commons/lang/ObjectUtils.java,ObjectUtils,org/apache/commons/lang,104,0,0,37,"Initial copy from jakarta-commons-sandbox


git-svn-id: https://svn.apache.org/repos/asf/jakarta/commons/proper/lang/trunk@136932 13f79535-47bb-0310-9956-ffa450edef68",2002-07
6627f7ad8fb08d6c23b83d6c9f0a6830e9e7085a,2002-07-19 03:35:56,prod,src/java/org/apache/commons/lang/RandomStringUtils.java,RandomStringUtils,org/apache/commons/lang,253,0,0,37,"Initial copy from jakarta-commons-sandbox


git-svn-id: https://svn.apache.org/repos/asf/jakarta/commons/proper/lang/trunk@136932 13f79535-47bb-0310-9956-ffa450edef68",2002-07
6627f7ad8fb08d6c23b83d6c9f0a6830e9e7085a,2002-07-19 03:35:56,prod,src/java/org/apache/commons/lang/SerializationException.java,SerializationException,org/apache/commons/lang,109,0,0,37,"Initial copy from jakarta-commons-sandbox


git-svn-id: https://svn.apache.org/repos/asf/jakarta/commons/proper/lang/trunk@136932 13f79535-47bb-0310-9956-ffa450edef68",2002-07
6627f7ad8fb08d6c23b83d6c9f0a6830e9e7085a,2002-07-19 03:35:56,prod,src/java/org/apache/commons/lang/SerializationUtils.java,SerializationUtils,org/apache/commons/lang,194,0,0,37,"Initial copy from jakarta-commons-sandbox


git-svn-id: https://svn.apache.org/repos/asf/jakarta/commons/proper/lang/trunk@136932 13f79535-47bb-0310-9956-ffa450edef68",2002-07
6627f7ad8fb08d6c23b83d6c9f0a6830e9e7085a,2002-07-19 03:35:56,prod,src/java/org/apache/commons/lang/StringUtils.java,StringUtils,org/apache/commons/lang,1609,0,0,37,"Initial copy from jakarta-commons-sandbox


git-svn-id: https://svn.apache.org/repos/asf/jakarta/commons/proper/lang/trunk@136932 13f79535-47bb-0310-9956-ffa450edef68",2002-07
6627f7ad8fb08d6c23b83d6c9f0a6830e9e7085a,2002-07-19 03:35:56,prod,src/java/org/apache/commons/lang/exception/Nestable.java,Nestable,org/apache/commons/lang/exception,190,0,0,37,"Initial copy from jakarta-commons-sandbox


git-svn-id: https://svn.apache.org/repos/asf/jakarta/commons/proper/lang/trunk@136932 13f79535-47bb-0310-9956-ffa450edef68",2002-07
6627f7ad8fb08d6c23b83d6c9f0a6830e9e7085a,2002-07-19 03:35:56,prod,src/java/org/apache/commons/lang/exception/NestableDelegate.java,NestableDelegate,org/apache/commons/lang/exception,346,0,0,37,"Initial copy from jakarta-commons-sandbox


git-svn-id: https://svn.apache.org/repos/asf/jakarta/commons/proper/lang/trunk@136932 13f79535-47bb-0310-9956-ffa450edef68",2002-07
6627f7ad8fb08d6c23b83d6c9f0a6830e9e7085a,2002-07-19 03:35:56,prod,src/java/org/apache/commons/lang/exception/NestableException.java,NestableException,org/apache/commons/lang/exception,341,0,0,37,"Initial copy from jakarta-commons-sandbox


git-svn-id: https://svn.apache.org/repos/asf/jakarta/commons/proper/lang/trunk@136932 13f79535-47bb-0310-9956-ffa450edef68",2002-07
6627f7ad8fb08d6c23b83d6c9f0a6830e9e7085a,2002-07-19 03:35:56,prod,src/java/org/apache/commons/lang/exception/NestableRuntimeException.java,NestableRuntimeException,org/apache/commons/lang/exception,288,0,0,37,"Initial copy from jakarta-commons-sandbox


git-svn-id: https://svn.apache.org/repos/asf/jakarta/commons/proper/lang/trunk@136932 13f79535-47bb-0310-9956-ffa450edef68",2002-07
6627f7ad8fb08d6c23b83d6c9f0a6830e9e7085a,2002-07-19 03:35:56,test,src/test/org/apache/commons/lang/CharSetUtilsTest.java,CharSetUtilsTest,org/apache/commons/lang,140,0,0,37,"Initial copy from jakarta-commons-sandbox


git-svn-id: https://svn.apache.org/repos/asf/jakarta/commons/proper/lang/trunk@136932 13f79535-47bb-0310-9956-ffa450edef68",2002-07
6627f7ad8fb08d6c23b83d6c9f0a6830e9e7085a,2002-07-19 03:35:56,test,src/test/org/apache/commons/lang/NumberRangeTest.java,NumberRangeTest,org/apache/commons/lang,187,0,0,37,"Initial copy from jakarta-commons-sandbox


git-svn-id: https://svn.apache.org/repos/asf/jakarta/commons/proper/lang/trunk@136932 13f79535-47bb-0310-9956-ffa450edef68",2002-07
6627f7ad8fb08d6c23b83d6c9f0a6830e9e7085a,2002-07-19 03:35:56,test,src/test/org/apache/commons/lang/NumberUtilsTest.java,NumberUtilsTest,org/apache/commons/lang,308,0,0,37,"Initial copy from jakarta-commons-sandbox


git-svn-id: https://svn.apache.org/repos/asf/jakarta/commons/proper/lang/trunk@136932 13f79535-47bb-0310-9956-ffa450edef68",2002-07
6627f7ad8fb08d6c23b83d6c9f0a6830e9e7085a,2002-07-19 03:35:56,test,src/test/org/apache/commons/lang/ObjectUtilsTest.java,ObjectUtilsTest,org/apache/commons/lang,126,0,0,37,"Initial copy from jakarta-commons-sandbox


git-svn-id: https://svn.apache.org/repos/asf/jakarta/commons/proper/lang/trunk@136932 13f79535-47bb-0310-9956-ffa450edef68",2002-07
6627f7ad8fb08d6c23b83d6c9f0a6830e9e7085a,2002-07-19 03:35:56,test,src/test/org/apache/commons/lang/RandomStringUtilsTest.java,RandomStringUtilsTest,org/apache/commons/lang,157,0,0,37,"Initial copy from jakarta-commons-sandbox


git-svn-id: https://svn.apache.org/repos/asf/jakarta/commons/proper/lang/trunk@136932 13f79535-47bb-0310-9956-ffa450edef68",2002-07
6627f7ad8fb08d6c23b83d6c9f0a6830e9e7085a,2002-07-19 03:35:56,test,src/test/org/apache/commons/lang/SerializationUtilsTest.java,SerializationUtilsTest,org/apache/commons/lang,353,0,0,37,"Initial copy from jakarta-commons-sandbox


git-svn-id: https://svn.apache.org/repos/asf/jakarta/commons/proper/lang/trunk@136932 13f79535-47bb-0310-9956-ffa450edef68",2002-07
6627f7ad8fb08d6c23b83d6c9f0a6830e9e7085a,2002-07-19 03:35:56,test,src/test/org/apache/commons/lang/StringUtilsEqualsIndexOfTest.java,StringUtilsEqualsIndexOfTest,org/apache/commons/lang,136,0,0,37,"Initial copy from jakarta-commons-sandbox


git-svn-id: https://svn.apache.org/repos/asf/jakarta/commons/proper/lang/trunk@136932 13f79535-47bb-0310-9956-ffa450edef68",2002-07
6627f7ad8fb08d6c23b83d6c9f0a6830e9e7085a,2002-07-19 03:35:56,test,src/test/org/apache/commons/lang/StringUtilsIsTest.java,StringUtilsIsTest,org/apache/commons/lang,183,0,0,37,"Initial copy from jakarta-commons-sandbox


git-svn-id: https://svn.apache.org/repos/asf/jakarta/commons/proper/lang/trunk@136932 13f79535-47bb-0310-9956-ffa450edef68",2002-07
6627f7ad8fb08d6c23b83d6c9f0a6830e9e7085a,2002-07-19 03:35:56,test,src/test/org/apache/commons/lang/StringUtilsSubstringTest.java,StringUtilsSubstringTest,org/apache/commons/lang,212,0,0,37,"Initial copy from jakarta-commons-sandbox


git-svn-id: https://svn.apache.org/repos/asf/jakarta/commons/proper/lang/trunk@136932 13f79535-47bb-0310-9956-ffa450edef68",2002-07
6627f7ad8fb08d6c23b83d6c9f0a6830e9e7085a,2002-07-19 03:35:56,test,src/test/org/apache/commons/lang/StringUtilsTest.java,StringUtilsTest,org/apache/commons/lang,342,0,0,37,"Initial copy from jakarta-commons-sandbox


git-svn-id: https://svn.apache.org/repos/asf/jakarta/commons/proper/lang/trunk@136932 13f79535-47bb-0310-9956-ffa450edef68",2002-07
6627f7ad8fb08d6c23b83d6c9f0a6830e9e7085a,2002-07-19 03:35:56,test,src/test/org/apache/commons/lang/StringUtilsTrimEmptyTest.java,StringUtilsTrimEmptyTest,org/apache/commons/lang,188,0,0,37,"Initial copy from jakarta-commons-sandbox


git-svn-id: https://svn.apache.org/repos/asf/jakarta/commons/proper/lang/trunk@136932 13f79535-47bb-0310-9956-ffa450edef68",2002-07
25508b395d9d6ad1b0388e73f8104ac95f5e1638,2002-08-10 12:12:49,prod,src/java/org/apache/commons/lang/HashCodeUtils.java,HashCodeUtils,org/apache/commons/lang,367,0,20,1,"Add HashCodeUtils - a utility to build good hashCodes


git-svn-id: https://svn.apache.org/repos/asf/jakarta/commons/proper/lang/trunk@136953 13f79535-47bb-0310-9956-ffa450edef68",2002-08
1c15cb14c08e9afdc87af9fb91a9211aef88ed17,2002-08-10 12:13:10,test,src/test/org/apache/commons/lang/HashCodeUtilsTest.java,HashCodeUtilsTest,org/apache/commons/lang,243,0,21,1,"Test HashCodeUtils - a utility to build good hashCodes


git-svn-id: https://svn.apache.org/repos/asf/jakarta/commons/proper/lang/trunk@136954 13f79535-47bb-0310-9956-ffa450edef68",2002-08
ce06610103cc04fa8b2dd7b61d0ef685b8900eb1,2002-08-11 23:17:54,prod,src/java/org/apache/commons/lang/enum/Enum.java,Enum,org/apache/commons/lang/enum,338,0,24,9,"Add new Enum class (similar to enum in C) plus associated Utils and tests


git-svn-id: https://svn.apache.org/repos/asf/jakarta/commons/proper/lang/trunk@136958 13f79535-47bb-0310-9956-ffa450edef68",2002-08
ce06610103cc04fa8b2dd7b61d0ef685b8900eb1,2002-08-11 23:17:54,prod,src/java/org/apache/commons/lang/enum/EnumUtils.java,EnumUtils,org/apache/commons/lang/enum,142,0,24,9,"Add new Enum class (similar to enum in C) plus associated Utils and tests


git-svn-id: https://svn.apache.org/repos/asf/jakarta/commons/proper/lang/trunk@136958 13f79535-47bb-0310-9956-ffa450edef68",2002-08
ce06610103cc04fa8b2dd7b61d0ef685b8900eb1,2002-08-11 23:17:54,prod,src/java/org/apache/commons/lang/enum/ValuedEnum.java,ValuedEnum,org/apache/commons/lang/enum,212,0,24,9,"Add new Enum class (similar to enum in C) plus associated Utils and tests


git-svn-id: https://svn.apache.org/repos/asf/jakarta/commons/proper/lang/trunk@136958 13f79535-47bb-0310-9956-ffa450edef68",2002-08
ce06610103cc04fa8b2dd7b61d0ef685b8900eb1,2002-08-11 23:17:54,test,src/test/org/apache/commons/lang/enum/EnumTest.java,EnumTest,org/apache/commons/lang/enum,146,0,24,9,"Add new Enum class (similar to enum in C) plus associated Utils and tests


git-svn-id: https://svn.apache.org/repos/asf/jakarta/commons/proper/lang/trunk@136958 13f79535-47bb-0310-9956-ffa450edef68",2002-08
ce06610103cc04fa8b2dd7b61d0ef685b8900eb1,2002-08-11 23:17:54,test,src/test/org/apache/commons/lang/enum/EnumUtilsTest.java,EnumUtilsTest,org/apache/commons/lang/enum,171,0,24,9,"Add new Enum class (similar to enum in C) plus associated Utils and tests


git-svn-id: https://svn.apache.org/repos/asf/jakarta/commons/proper/lang/trunk@136958 13f79535-47bb-0310-9956-ffa450edef68",2002-08
ce06610103cc04fa8b2dd7b61d0ef685b8900eb1,2002-08-11 23:17:54,test,src/test/org/apache/commons/lang/enum/ValuedEnumTest.java,ValuedEnumTest,org/apache/commons/lang/enum,159,0,24,9,"Add new Enum class (similar to enum in C) plus associated Utils and tests


git-svn-id: https://svn.apache.org/repos/asf/jakarta/commons/proper/lang/trunk@136958 13f79535-47bb-0310-9956-ffa450edef68",2002-08
6053ce341fc1f6b4e3c5e2a56535d07fb2bc505d,2002-08-13 18:05:58,prod,src/java/org/apache/commons/lang/exception/ExceptionUtils.java,ExceptionUtils,org/apache/commons/lang/exception,169,0,27,3,"Added a utility for examining Throwable objects, as proposed by Costin
<costinm@covalent.net> and Henri Yandell <bayard@apache.org>.  Comes complete
with a full suite of tests for initial functionality.


git-svn-id: https://svn.apache.org/repos/asf/jakarta/commons/proper/lang/trunk@136961 13f79535-47bb-0310-9956-ffa450edef68",2002-08
f7c60dc9f667bbd971d4834b094deafa01078280,2002-08-14 04:51:28,prod,src/java/org/apache/commons/lang/ClassUtils.java,ClassUtils,org/apache/commons/lang,221,0,31,1,"Checked back in for consideration in 1.0


git-svn-id: https://svn.apache.org/repos/asf/jakarta/commons/proper/lang/trunk@136965 13f79535-47bb-0310-9956-ffa450edef68",2002-08
3e5b0bd6a09fc0234b1e5a59d2ad4a5527b272fc,2002-08-15 22:37:30,test,src/test/org/apache/commons/lang/HashCodeBuilderTest.java,HashCodeBuilderTest,org/apache/commons/lang,262,0,36,4,"Change HashCodeUtils to HashCodeBuilder


git-svn-id: https://svn.apache.org/repos/asf/jakarta/commons/proper/lang/trunk@136970 13f79535-47bb-0310-9956-ffa450edef68",2002-08
155943d345e646cbabb301bf5ee2c890db7da795,2002-08-22 22:11:25,prod,src/java/org/apache/commons/lang/SystemUtils.java,SystemUtils,org/apache/commons/lang,203,0,49,1,"Initial version of SystemUtils for system constants


git-svn-id: https://svn.apache.org/repos/asf/jakarta/commons/proper/lang/trunk@136983 13f79535-47bb-0310-9956-ffa450edef68",2002-08
54161dd4973b713aef3dd9428ab1b9d18c98b927,2002-08-25 19:18:48,prod,src/java/org/apache/commons/lang/exception/NestableError.java,NestableError,org/apache/commons/lang/exception,200,0,57,1,"NestableError suggested by Stephen C.  Basically a clone of
NestableException.


git-svn-id: https://svn.apache.org/repos/asf/jakarta/commons/proper/lang/trunk@136991 13f79535-47bb-0310-9956-ffa450edef68",2002-08
e4da822d419cac03359d25404e81c4130dbcb3a1,2002-09-12 21:59:01,prod,src/java/org/apache/commons/lang/builder/HashCodeBuilder.java,HashCodeBuilder,org/apache/commons/lang/builder,570,0,82,1,"Moved from superpackage


git-svn-id: https://svn.apache.org/repos/asf/jakarta/commons/proper/lang/trunk@137016 13f79535-47bb-0310-9956-ffa450edef68",2002-09
8d12cf6b9cc902806bb10d1a1c2e1200851a0648,2002-09-12 22:00:00,prod,src/java/org/apache/commons/lang/builder/EqualsBuilder.java,EqualsBuilder,org/apache/commons/lang/builder,621,0,83,1,"Added code from Steve Downey, 
with some formatting changes and minor bug fixes


git-svn-id: https://svn.apache.org/repos/asf/jakarta/commons/proper/lang/trunk@137017 13f79535-47bb-0310-9956-ffa450edef68",2002-09
b47c241280b52f7551d1854699abbae72a68e733,2002-09-12 22:00:35,test,src/test/org/apache/commons/lang/builder/EqualsBuilderTest.java,EqualsBuilderTest,org/apache/commons/lang/builder,680,0,84,1,"Added code from Steve Downey, 
with some formatting changes and extra tests


git-svn-id: https://svn.apache.org/repos/asf/jakarta/commons/proper/lang/trunk@137018 13f79535-47bb-0310-9956-ffa450edef68",2002-09
5cab6528eae28321fcd7bea44e83bd46e91fac63,2002-09-12 22:01:00,test,src/test/org/apache/commons/lang/builder/HashCodeBuilderTest.java,HashCodeBuilderTest,org/apache/commons/lang/builder,422,0,85,1,"Add extra tests for reflection and multi dimensional arrays


git-svn-id: https://svn.apache.org/repos/asf/jakarta/commons/proper/lang/trunk@137019 13f79535-47bb-0310-9956-ffa450edef68",2002-09
9a3f8a3e9ce4aa73277ed816d2f583adb3cc7c2e,2002-09-15 10:25:22,prod,src/java/org/apache/commons/lang/builder/CompareToBuilder.java,CompareToBuilder,org/apache/commons/lang/builder,633,0,88,1,"Add CompareToBuilder for building compareTo methods


git-svn-id: https://svn.apache.org/repos/asf/jakarta/commons/proper/lang/trunk@137022 13f79535-47bb-0310-9956-ffa450edef68",2002-09
bb3c2143b48f1d5111a2fed444c08347a211c278,2002-09-15 10:27:06,test,src/test/org/apache/commons/lang/builder/CompareToBuilderTest.java,CompareToBuilderTest,org/apache/commons/lang/builder,957,0,90,2,"Test CompareToBuilder


git-svn-id: https://svn.apache.org/repos/asf/jakarta/commons/proper/lang/trunk@137024 13f79535-47bb-0310-9956-ffa450edef68",2002-09
12c32597453bd6e855d96dd9de1cecec90ff8ea2,2002-09-17 22:07:20,prod,src/java/org/apache/commons/lang/builder/StandardToStringStyle.java,StandardToStringStyle,org/apache/commons/lang/builder,460,0,98,3,"Initial checkin of ToStringBuilder and assistants


git-svn-id: https://svn.apache.org/repos/asf/jakarta/commons/proper/lang/trunk@137032 13f79535-47bb-0310-9956-ffa450edef68",2002-09
12c32597453bd6e855d96dd9de1cecec90ff8ea2,2002-09-17 22:07:20,prod,src/java/org/apache/commons/lang/builder/ToStringBuilder.java,ToStringBuilder,org/apache/commons/lang/builder,929,0,98,3,"Initial checkin of ToStringBuilder and assistants


git-svn-id: https://svn.apache.org/repos/asf/jakarta/commons/proper/lang/trunk@137032 13f79535-47bb-0310-9956-ffa450edef68",2002-09
12c32597453bd6e855d96dd9de1cecec90ff8ea2,2002-09-17 22:07:20,prod,src/java/org/apache/commons/lang/builder/ToStringStyle.java,ToStringStyle,org/apache/commons/lang/builder,1393,0,98,3,"Initial checkin of ToStringBuilder and assistants


git-svn-id: https://svn.apache.org/repos/asf/jakarta/commons/proper/lang/trunk@137032 13f79535-47bb-0310-9956-ffa450edef68",2002-09
93bdcee26259ba0b3c379535fa442671e220b242,2002-09-17 22:07:50,test,src/test/org/apache/commons/lang/builder/DefaultToStringStyleTest.java,DefaultToStringStyleTest,org/apache/commons/lang/builder,155,0,99,7,"Tests for initial checkin of ToStringBuilder and assistants


git-svn-id: https://svn.apache.org/repos/asf/jakarta/commons/proper/lang/trunk@137033 13f79535-47bb-0310-9956-ffa450edef68",2002-09
93bdcee26259ba0b3c379535fa442671e220b242,2002-09-17 22:07:50,test,src/test/org/apache/commons/lang/builder/MultiLineToStringStyleTest.java,MultiLineToStringStyleTest,org/apache/commons/lang/builder,157,0,99,7,"Tests for initial checkin of ToStringBuilder and assistants


git-svn-id: https://svn.apache.org/repos/asf/jakarta/commons/proper/lang/trunk@137033 13f79535-47bb-0310-9956-ffa450edef68",2002-09
93bdcee26259ba0b3c379535fa442671e220b242,2002-09-17 22:07:50,test,src/test/org/apache/commons/lang/builder/NoFieldNamesToStringStyleTest.java,NoFieldNamesToStringStyleTest,org/apache/commons/lang/builder,155,0,99,7,"Tests for initial checkin of ToStringBuilder and assistants


git-svn-id: https://svn.apache.org/repos/asf/jakarta/commons/proper/lang/trunk@137033 13f79535-47bb-0310-9956-ffa450edef68",2002-09
93bdcee26259ba0b3c379535fa442671e220b242,2002-09-17 22:07:50,test,src/test/org/apache/commons/lang/builder/SimpleToStringStyleTest.java,SimpleToStringStyleTest,org/apache/commons/lang/builder,154,0,99,7,"Tests for initial checkin of ToStringBuilder and assistants


git-svn-id: https://svn.apache.org/repos/asf/jakarta/commons/proper/lang/trunk@137033 13f79535-47bb-0310-9956-ffa450edef68",2002-09
93bdcee26259ba0b3c379535fa442671e220b242,2002-09-17 22:07:50,test,src/test/org/apache/commons/lang/builder/StandardToStringStyleTest.java,StandardToStringStyleTest,org/apache/commons/lang/builder,170,0,99,7,"Tests for initial checkin of ToStringBuilder and assistants


git-svn-id: https://svn.apache.org/repos/asf/jakarta/commons/proper/lang/trunk@137033 13f79535-47bb-0310-9956-ffa450edef68",2002-09
93bdcee26259ba0b3c379535fa442671e220b242,2002-09-17 22:07:50,test,src/test/org/apache/commons/lang/builder/ToStringBuilderTest.java,ToStringBuilderTest,org/apache/commons/lang/builder,390,0,99,7,"Tests for initial checkin of ToStringBuilder and assistants


git-svn-id: https://svn.apache.org/repos/asf/jakarta/commons/proper/lang/trunk@137033 13f79535-47bb-0310-9956-ffa450edef68",2002-09
d31f3d3f8acaf547092b32378977d43d30bdc8d3,2002-10-13 22:42:06,prod,src/java/org/apache/commons/lang/ArrayUtils.java,ArrayUtils,org/apache/commons/lang,545,0,160,1,"Initial version of ArrayUtils, includes toMap


git-svn-id: https://svn.apache.org/repos/asf/jakarta/commons/proper/lang/trunk@137098 13f79535-47bb-0310-9956-ffa450edef68",2002-10
601c2e13e9c6b43c3c5904ddf5b279f97cd06ea4,2002-10-13 22:42:59,test,src/test/org/apache/commons/lang/ArrayUtilsTest.java,ArrayUtilsTest,org/apache/commons/lang,152,0,161,2,"Initial version of ArrayUtils testing, testing incomplete at present


git-svn-id: https://svn.apache.org/repos/asf/jakarta/commons/proper/lang/trunk@137099 13f79535-47bb-0310-9956-ffa450edef68",2002-10
870097e4b15839c7ba718423b49b4241d911b31a,2002-10-24 23:12:54,prod,src/java/org/apache/commons/lang/ClassUtils.java,ClassUtils,org/apache/commons/lang,489,0,163,6,"Initial checkin of reflection code (not all working)


git-svn-id: https://svn.apache.org/repos/asf/jakarta/commons/proper/lang/trunk@137101 13f79535-47bb-0310-9956-ffa450edef68",2002-10
870097e4b15839c7ba718423b49b4241d911b31a,2002-10-24 23:12:54,prod,src/java/org/apache/commons/lang/reflect/ConstructorUtils.java,ConstructorUtils,org/apache/commons/lang/reflect,428,0,163,6,"Initial checkin of reflection code (not all working)


git-svn-id: https://svn.apache.org/repos/asf/jakarta/commons/proper/lang/trunk@137101 13f79535-47bb-0310-9956-ffa450edef68",2002-10
870097e4b15839c7ba718423b49b4241d911b31a,2002-10-24 23:12:54,prod,src/java/org/apache/commons/lang/reflect/FieldUtils.java,FieldUtils,org/apache/commons/lang/reflect,492,0,163,6,"Initial checkin of reflection code (not all working)


git-svn-id: https://svn.apache.org/repos/asf/jakarta/commons/proper/lang/trunk@137101 13f79535-47bb-0310-9956-ffa450edef68",2002-10
870097e4b15839c7ba718423b49b4241d911b31a,2002-10-24 23:12:54,prod,src/java/org/apache/commons/lang/reflect/MethodUtils.java,MethodUtils,org/apache/commons/lang/reflect,750,0,163,6,"Initial checkin of reflection code (not all working)


git-svn-id: https://svn.apache.org/repos/asf/jakarta/commons/proper/lang/trunk@137101 13f79535-47bb-0310-9956-ffa450edef68",2002-10
870097e4b15839c7ba718423b49b4241d911b31a,2002-10-24 23:12:54,prod,src/java/org/apache/commons/lang/reflect/ReflectionException.java,ReflectionException,org/apache/commons/lang/reflect,107,0,163,6,"Initial checkin of reflection code (not all working)


git-svn-id: https://svn.apache.org/repos/asf/jakarta/commons/proper/lang/trunk@137101 13f79535-47bb-0310-9956-ffa450edef68",2002-10
870097e4b15839c7ba718423b49b4241d911b31a,2002-10-24 23:12:54,prod,src/java/org/apache/commons/lang/reflect/ReflectionUtils.java,ReflectionUtils,org/apache/commons/lang/reflect,336,0,163,6,"Initial checkin of reflection code (not all working)


git-svn-id: https://svn.apache.org/repos/asf/jakarta/commons/proper/lang/trunk@137101 13f79535-47bb-0310-9956-ffa450edef68",2002-10
985f8a623511c33916dbf6de8b08605b796b07d4,2002-11-05 16:44:28,prod,src/java/org/apache/commons/lang/functor/Closure.java,Closure,org/apache/commons/lang/functor,75,0,172,12,"Transfer of some of Patterns over to Lang.


git-svn-id: https://svn.apache.org/repos/asf/jakarta/commons/proper/lang/trunk@137110 13f79535-47bb-0310-9956-ffa450edef68",2002-11
985f8a623511c33916dbf6de8b08605b796b07d4,2002-11-05 16:44:28,prod,src/java/org/apache/commons/lang/functor/ClosureException.java,ClosureException,org/apache/commons/lang/functor,107,0,172,12,"Transfer of some of Patterns over to Lang.


git-svn-id: https://svn.apache.org/repos/asf/jakarta/commons/proper/lang/trunk@137110 13f79535-47bb-0310-9956-ffa450edef68",2002-11
985f8a623511c33916dbf6de8b08605b796b07d4,2002-11-05 16:44:28,prod,src/java/org/apache/commons/lang/functor/ClosureUtils.java,ClosureUtils,org/apache/commons/lang/functor,689,0,172,12,"Transfer of some of Patterns over to Lang.


git-svn-id: https://svn.apache.org/repos/asf/jakarta/commons/proper/lang/trunk@137110 13f79535-47bb-0310-9956-ffa450edef68",2002-11
985f8a623511c33916dbf6de8b08605b796b07d4,2002-11-05 16:44:28,prod,src/java/org/apache/commons/lang/functor/Factory.java,Factory,org/apache/commons/lang/functor,73,0,172,12,"Transfer of some of Patterns over to Lang.


git-svn-id: https://svn.apache.org/repos/asf/jakarta/commons/proper/lang/trunk@137110 13f79535-47bb-0310-9956-ffa450edef68",2002-11
985f8a623511c33916dbf6de8b08605b796b07d4,2002-11-05 16:44:28,prod,src/java/org/apache/commons/lang/functor/FactoryException.java,FactoryException,org/apache/commons/lang/functor,107,0,172,12,"Transfer of some of Patterns over to Lang.


git-svn-id: https://svn.apache.org/repos/asf/jakarta/commons/proper/lang/trunk@137110 13f79535-47bb-0310-9956-ffa450edef68",2002-11
985f8a623511c33916dbf6de8b08605b796b07d4,2002-11-05 16:44:28,prod,src/java/org/apache/commons/lang/functor/FactoryUtils.java,FactoryUtils,org/apache/commons/lang/functor,412,0,172,12,"Transfer of some of Patterns over to Lang.


git-svn-id: https://svn.apache.org/repos/asf/jakarta/commons/proper/lang/trunk@137110 13f79535-47bb-0310-9956-ffa450edef68",2002-11
985f8a623511c33916dbf6de8b08605b796b07d4,2002-11-05 16:44:28,prod,src/java/org/apache/commons/lang/functor/Predicate.java,Predicate,org/apache/commons/lang/functor,76,0,172,12,"Transfer of some of Patterns over to Lang.


git-svn-id: https://svn.apache.org/repos/asf/jakarta/commons/proper/lang/trunk@137110 13f79535-47bb-0310-9956-ffa450edef68",2002-11
985f8a623511c33916dbf6de8b08605b796b07d4,2002-11-05 16:44:28,prod,src/java/org/apache/commons/lang/functor/PredicateException.java,PredicateException,org/apache/commons/lang/functor,107,0,172,12,"Transfer of some of Patterns over to Lang.


git-svn-id: https://svn.apache.org/repos/asf/jakarta/commons/proper/lang/trunk@137110 13f79535-47bb-0310-9956-ffa450edef68",2002-11
985f8a623511c33916dbf6de8b08605b796b07d4,2002-11-05 16:44:28,prod,src/java/org/apache/commons/lang/functor/PredicateUtils.java,PredicateUtils,org/apache/commons/lang/functor,969,0,172,12,"Transfer of some of Patterns over to Lang.


git-svn-id: https://svn.apache.org/repos/asf/jakarta/commons/proper/lang/trunk@137110 13f79535-47bb-0310-9956-ffa450edef68",2002-11
985f8a623511c33916dbf6de8b08605b796b07d4,2002-11-05 16:44:28,prod,src/java/org/apache/commons/lang/functor/Transformer.java,Transformer,org/apache/commons/lang/functor,77,0,172,12,"Transfer of some of Patterns over to Lang.


git-svn-id: https://svn.apache.org/repos/asf/jakarta/commons/proper/lang/trunk@137110 13f79535-47bb-0310-9956-ffa450edef68",2002-11
985f8a623511c33916dbf6de8b08605b796b07d4,2002-11-05 16:44:28,prod,src/java/org/apache/commons/lang/functor/TransformerException.java,TransformerException,org/apache/commons/lang/functor,107,0,172,12,"Transfer of some of Patterns over to Lang.


git-svn-id: https://svn.apache.org/repos/asf/jakarta/commons/proper/lang/trunk@137110 13f79535-47bb-0310-9956-ffa450edef68",2002-11
985f8a623511c33916dbf6de8b08605b796b07d4,2002-11-05 16:44:28,prod,src/java/org/apache/commons/lang/functor/TransformerUtils.java,TransformerUtils,org/apache/commons/lang/functor,950,0,172,12,"Transfer of some of Patterns over to Lang.


git-svn-id: https://svn.apache.org/repos/asf/jakarta/commons/proper/lang/trunk@137110 13f79535-47bb-0310-9956-ffa450edef68",2002-11
29eb9686b662c8a4f41a473ef02915b5dc84351e,2002-11-06 19:15:40,prod,src/java/org/apache/commons/lang/functor/Executor.java,Executor,org/apache/commons/lang/functor,75,0,177,3,"And a new name. Until it gets changed.


git-svn-id: https://svn.apache.org/repos/asf/jakarta/commons/proper/lang/trunk@137115 13f79535-47bb-0310-9956-ffa450edef68",2002-11
29eb9686b662c8a4f41a473ef02915b5dc84351e,2002-11-06 19:15:40,prod,src/java/org/apache/commons/lang/functor/ExecutorException.java,ExecutorException,org/apache/commons/lang/functor,107,0,177,3,"And a new name. Until it gets changed.


git-svn-id: https://svn.apache.org/repos/asf/jakarta/commons/proper/lang/trunk@137115 13f79535-47bb-0310-9956-ffa450edef68",2002-11
29eb9686b662c8a4f41a473ef02915b5dc84351e,2002-11-06 19:15:40,prod,src/java/org/apache/commons/lang/functor/ExecutorUtils.java,ExecutorUtils,org/apache/commons/lang/functor,689,0,177,3,"And a new name. Until it gets changed.


git-svn-id: https://svn.apache.org/repos/asf/jakarta/commons/proper/lang/trunk@137115 13f79535-47bb-0310-9956-ffa450edef68",2002-11
dfac194424d186246c87a85e556dce6b5657686a,2002-11-12 03:01:05,prod,src/java/org/apache/commons/lang/Notifier.java,Notifier,org/apache/commons/lang,186,0,183,2,"Notifier is a class which makes handling an event-listener queue a lot easier.
It throws the exception when the notify fails.


git-svn-id: https://svn.apache.org/repos/asf/jakarta/commons/proper/lang/trunk@137121 13f79535-47bb-0310-9956-ffa450edef68",2002-11
dfac194424d186246c87a85e556dce6b5657686a,2002-11-12 03:01:05,prod,src/java/org/apache/commons/lang/NotifierException.java,NotifierException,org/apache/commons/lang,107,0,183,2,"Notifier is a class which makes handling an event-listener queue a lot easier.
It throws the exception when the notify fails.


git-svn-id: https://svn.apache.org/repos/asf/jakarta/commons/proper/lang/trunk@137121 13f79535-47bb-0310-9956-ffa450edef68",2002-11
2bc43c9abb3cf8c524299670c0c1de12348b1fbf,2002-12-13 17:21:56,prod,src/java/org/apache/commons/lang/Validate.java,Validate,org/apache/commons/lang,476,0,229,3,"Add Validate class for argument validation


git-svn-id: https://svn.apache.org/repos/asf/jakarta/commons/proper/lang/trunk@137179 13f79535-47bb-0310-9956-ffa450edef68",2002-12
2bc43c9abb3cf8c524299670c0c1de12348b1fbf,2002-12-13 17:21:56,test,src/test/org/apache/commons/lang/ValidateTest.java,ValidateTest,org/apache/commons/lang,367,0,229,3,"Add Validate class for argument validation


git-svn-id: https://svn.apache.org/repos/asf/jakarta/commons/proper/lang/trunk@137179 13f79535-47bb-0310-9956-ffa450edef68",2002-12
f6a7697d25192411ef3059d9ef460f262467a3d0,2002-12-15 16:55:32,prod,src/java/org/apache/commons/lang/BooleanUtils.java,BooleanUtils,org/apache/commons/lang,552,0,234,3,"Add BooleanUtils with lots of boolean conversions


git-svn-id: https://svn.apache.org/repos/asf/jakarta/commons/proper/lang/trunk@137184 13f79535-47bb-0310-9956-ffa450edef68",2002-12
f6a7697d25192411ef3059d9ef460f262467a3d0,2002-12-15 16:55:32,test,src/test/org/apache/commons/lang/BooleanUtilsTest.java,BooleanUtilsTest,org/apache/commons/lang,332,0,234,3,"Add BooleanUtils with lots of boolean conversions


git-svn-id: https://svn.apache.org/repos/asf/jakarta/commons/proper/lang/trunk@137184 13f79535-47bb-0310-9956-ffa450edef68",2002-12
184c0b4d2ebc90224deb6daaad9f41e592dc97ba,2002-12-15 19:36:08,test,src/test/org/apache/commons/lang/ClassUtilsTest.java,ClassUtilsTest,org/apache/commons/lang,388,0,237,3,"Test the ClassUtils class


git-svn-id: https://svn.apache.org/repos/asf/jakarta/commons/proper/lang/trunk@137187 13f79535-47bb-0310-9956-ffa450edef68",2002-12
26c6a7c28f95231873661e5b0240392c0662b202,2002-12-16 21:48:41,prod,src/java/org/apache/commons/lang/DateUtils.java,DateUtils,org/apache/commons/lang,259,0,239,4,"A DateUtils class from Ant. Still needs lots of thinking etc, but might as
well be doing these things in the cvs head as we're not near an obvious release.


git-svn-id: https://svn.apache.org/repos/asf/jakarta/commons/proper/lang/trunk@137189 13f79535-47bb-0310-9956-ffa450edef68",2002-12
26c6a7c28f95231873661e5b0240392c0662b202,2002-12-16 21:48:41,test,src/test/org/apache/commons/lang/DateUtilsTest.java,DateUtilsTest,org/apache/commons/lang,145,0,239,4,"A DateUtils class from Ant. Still needs lots of thinking etc, but might as
well be doing these things in the cvs head as we're not near an obvious release.


git-svn-id: https://svn.apache.org/repos/asf/jakarta/commons/proper/lang/trunk@137189 13f79535-47bb-0310-9956-ffa450edef68",2002-12
3d82f12dbdc8fbf971b61a360f2cd13c0a4fd8d5,2002-12-16 21:55:20,prod,src/java/org/apache/commons/lang/CalendarUtils.java,CalendarUtils,org/apache/commons/lang,505,0,240,3,"CalendarUtils from the sandbox, for merger with DateUtils. Or parallel living.


git-svn-id: https://svn.apache.org/repos/asf/jakarta/commons/proper/lang/trunk@137190 13f79535-47bb-0310-9956-ffa450edef68",2002-12
3d82f12dbdc8fbf971b61a360f2cd13c0a4fd8d5,2002-12-16 21:55:20,test,src/test/org/apache/commons/lang/CalendarUtilsTest.java,CalendarUtilsTest,org/apache/commons/lang,378,0,240,3,"CalendarUtils from the sandbox, for merger with DateUtils. Or parallel living.


git-svn-id: https://svn.apache.org/repos/asf/jakarta/commons/proper/lang/trunk@137190 13f79535-47bb-0310-9956-ffa450edef68",2002-12
ef292354c6cf536285bc5e158bdca53a572272db,2002-12-18 02:50:36,prod,src/java/org/apache/commons/lang/util/BitField.java,BitField,org/apache/commons/lang/util,340,0,242,3,"BitField moved over from the [util] project.


git-svn-id: https://svn.apache.org/repos/asf/jakarta/commons/proper/lang/trunk@137192 13f79535-47bb-0310-9956-ffa450edef68",2002-12
ef292354c6cf536285bc5e158bdca53a572272db,2002-12-18 02:50:36,test,src/test/org/apache/commons/lang/util/BitFieldTest.java,BitFieldTest,org/apache/commons/lang/util,337,0,242,3,"BitField moved over from the [util] project.


git-svn-id: https://svn.apache.org/repos/asf/jakarta/commons/proper/lang/trunk@137192 13f79535-47bb-0310-9956-ffa450edef68",2002-12
491b26ddd197b5efc8326c90c38ef991aae331d4,2002-12-22 16:20:29,prod,src/java/org/apache/commons/lang/math/DoubleRange.java,DoubleRange,org/apache/commons/lang/math,435,0,246,13,"Creation of math subpackage
Addition of Range class, and specific subclasses
Tests for Range


git-svn-id: https://svn.apache.org/repos/asf/jakarta/commons/proper/lang/trunk@137196 13f79535-47bb-0310-9956-ffa450edef68",2002-12
491b26ddd197b5efc8326c90c38ef991aae331d4,2002-12-22 16:20:29,prod,src/java/org/apache/commons/lang/math/FloatRange.java,FloatRange,org/apache/commons/lang/math,429,0,246,13,"Creation of math subpackage
Addition of Range class, and specific subclasses
Tests for Range


git-svn-id: https://svn.apache.org/repos/asf/jakarta/commons/proper/lang/trunk@137196 13f79535-47bb-0310-9956-ffa450edef68",2002-12
491b26ddd197b5efc8326c90c38ef991aae331d4,2002-12-22 16:20:29,prod,src/java/org/apache/commons/lang/math/IntRange.java,IntRange,org/apache/commons/lang/math,404,0,246,13,"Creation of math subpackage
Addition of Range class, and specific subclasses
Tests for Range


git-svn-id: https://svn.apache.org/repos/asf/jakarta/commons/proper/lang/trunk@137196 13f79535-47bb-0310-9956-ffa450edef68",2002-12
491b26ddd197b5efc8326c90c38ef991aae331d4,2002-12-22 16:20:29,prod,src/java/org/apache/commons/lang/math/LongRange.java,LongRange,org/apache/commons/lang/math,410,0,246,13,"Creation of math subpackage
Addition of Range class, and specific subclasses
Tests for Range


git-svn-id: https://svn.apache.org/repos/asf/jakarta/commons/proper/lang/trunk@137196 13f79535-47bb-0310-9956-ffa450edef68",2002-12
491b26ddd197b5efc8326c90c38ef991aae331d4,2002-12-22 16:20:29,prod,src/java/org/apache/commons/lang/math/NumberRange.java,NumberRange,org/apache/commons/lang/math,266,0,246,13,"Creation of math subpackage
Addition of Range class, and specific subclasses
Tests for Range


git-svn-id: https://svn.apache.org/repos/asf/jakarta/commons/proper/lang/trunk@137196 13f79535-47bb-0310-9956-ffa450edef68",2002-12
491b26ddd197b5efc8326c90c38ef991aae331d4,2002-12-22 16:20:29,prod,src/java/org/apache/commons/lang/math/Range.java,Range,org/apache/commons/lang/math,470,0,246,13,"Creation of math subpackage
Addition of Range class, and specific subclasses
Tests for Range


git-svn-id: https://svn.apache.org/repos/asf/jakarta/commons/proper/lang/trunk@137196 13f79535-47bb-0310-9956-ffa450edef68",2002-12
491b26ddd197b5efc8326c90c38ef991aae331d4,2002-12-22 16:20:29,test,src/test/org/apache/commons/lang/math/AbstractRangeTest.java,AbstractRangeTest,org/apache/commons/lang/math,391,0,246,13,"Creation of math subpackage
Addition of Range class, and specific subclasses
Tests for Range


git-svn-id: https://svn.apache.org/repos/asf/jakarta/commons/proper/lang/trunk@137196 13f79535-47bb-0310-9956-ffa450edef68",2002-12
491b26ddd197b5efc8326c90c38ef991aae331d4,2002-12-22 16:20:29,test,src/test/org/apache/commons/lang/math/DoubleRangeTest.java,DoubleRangeTest,org/apache/commons/lang/math,206,0,246,13,"Creation of math subpackage
Addition of Range class, and specific subclasses
Tests for Range


git-svn-id: https://svn.apache.org/repos/asf/jakarta/commons/proper/lang/trunk@137196 13f79535-47bb-0310-9956-ffa450edef68",2002-12
491b26ddd197b5efc8326c90c38ef991aae331d4,2002-12-22 16:20:29,test,src/test/org/apache/commons/lang/math/FloatRangeTest.java,FloatRangeTest,org/apache/commons/lang/math,206,0,246,13,"Creation of math subpackage
Addition of Range class, and specific subclasses
Tests for Range


git-svn-id: https://svn.apache.org/repos/asf/jakarta/commons/proper/lang/trunk@137196 13f79535-47bb-0310-9956-ffa450edef68",2002-12
491b26ddd197b5efc8326c90c38ef991aae331d4,2002-12-22 16:20:29,test,src/test/org/apache/commons/lang/math/IntRangeTest.java,IntRangeTest,org/apache/commons/lang/math,188,0,246,13,"Creation of math subpackage
Addition of Range class, and specific subclasses
Tests for Range


git-svn-id: https://svn.apache.org/repos/asf/jakarta/commons/proper/lang/trunk@137196 13f79535-47bb-0310-9956-ffa450edef68",2002-12
491b26ddd197b5efc8326c90c38ef991aae331d4,2002-12-22 16:20:29,test,src/test/org/apache/commons/lang/math/LongRangeTest.java,LongRangeTest,org/apache/commons/lang/math,188,0,246,13,"Creation of math subpackage
Addition of Range class, and specific subclasses
Tests for Range


git-svn-id: https://svn.apache.org/repos/asf/jakarta/commons/proper/lang/trunk@137196 13f79535-47bb-0310-9956-ffa450edef68",2002-12
491b26ddd197b5efc8326c90c38ef991aae331d4,2002-12-22 16:20:29,test,src/test/org/apache/commons/lang/math/NumberRangeTest.java,NumberRangeTest,org/apache/commons/lang/math,192,0,246,13,"Creation of math subpackage
Addition of Range class, and specific subclasses
Tests for Range


git-svn-id: https://svn.apache.org/repos/asf/jakarta/commons/proper/lang/trunk@137196 13f79535-47bb-0310-9956-ffa450edef68",2002-12
8d72d21954a53184cc7d9f29866b5c2faa2b1002,2002-12-22 19:39:39,prod,src/java/org/apache/commons/lang/math/Fraction.java,Fraction,org/apache/commons/lang/math,735,0,248,3,"Add Fraction class and associated tests


git-svn-id: https://svn.apache.org/repos/asf/jakarta/commons/proper/lang/trunk@137198 13f79535-47bb-0310-9956-ffa450edef68",2002-12
8d72d21954a53184cc7d9f29866b5c2faa2b1002,2002-12-22 19:39:39,test,src/test/org/apache/commons/lang/math/FractionTest.java,FractionTest,org/apache/commons/lang/math,888,0,248,3,"Add Fraction class and associated tests


git-svn-id: https://svn.apache.org/repos/asf/jakarta/commons/proper/lang/trunk@137198 13f79535-47bb-0310-9956-ffa450edef68",2002-12
4036dc881d3f091d123241e4e3f828930abacd13,2002-12-22 22:59:58,prod,src/java/org/apache/commons/lang/time/StopWatch.java,StopWatch,org/apache/commons/lang/time,239,0,255,3,"Add StopWatch


git-svn-id: https://svn.apache.org/repos/asf/jakarta/commons/proper/lang/trunk@137205 13f79535-47bb-0310-9956-ffa450edef68",2002-12
4036dc881d3f091d123241e4e3f828930abacd13,2002-12-22 22:59:58,test,src/test/org/apache/commons/lang/time/StopWatchTest.java,StopWatchTest,org/apache/commons/lang/time,171,0,255,3,"Add StopWatch


git-svn-id: https://svn.apache.org/repos/asf/jakarta/commons/proper/lang/trunk@137205 13f79535-47bb-0310-9956-ffa450edef68",2002-12
33113bfe794f4ad2b075cb7074f23a56b3ceb66f,2002-12-29 21:35:04,prod,src/java/org/apache/commons/lang/util/IdentifierUtils.java,IdentifierUtils,org/apache/commons/lang/util,591,0,262,3,"Add Identifier generators to Lang from Util


git-svn-id: https://svn.apache.org/repos/asf/jakarta/commons/proper/lang/trunk@137212 13f79535-47bb-0310-9956-ffa450edef68",2002-12
33113bfe794f4ad2b075cb7074f23a56b3ceb66f,2002-12-29 21:35:04,test,src/test/org/apache/commons/lang/util/IdentifierUtilsTest.java,IdentifierUtilsTest,org/apache/commons/lang/util,320,0,262,3,"Add Identifier generators to Lang from Util


git-svn-id: https://svn.apache.org/repos/asf/jakarta/commons/proper/lang/trunk@137212 13f79535-47bb-0310-9956-ffa450edef68",2002-12
a99f7965b34b8dd0532c8d6f5e592d990ca220fc,2003-01-07 19:55:55,prod,src/java/org/apache/commons/lang/time/FastDateFormat.java,FastDateFormat,org/apache/commons/lang/time,1179,0,270,2,"A thread-safe, faster version of java.text's DateFormat. While JODA contains
better, this version is religion-free.

Permission given by Brian S O'Neill:
http://archives.apache.org/eyebrowse/ReadMsg?listName=commons-dev@jakarta.apache.org&msgNo=20612

Submitted by:	Sean Schofield


git-svn-id: https://svn.apache.org/repos/asf/jakarta/commons/proper/lang/trunk@137221 13f79535-47bb-0310-9956-ffa450edef68",2003-01
a99f7965b34b8dd0532c8d6f5e592d990ca220fc,2003-01-07 19:55:55,test,src/test/org/apache/commons/lang/time/FastDateFormatTest.java,FastDateFormatTest,org/apache/commons/lang/time,166,0,270,2,"A thread-safe, faster version of java.text's DateFormat. While JODA contains
better, this version is religion-free.

Permission given by Brian S O'Neill:
http://archives.apache.org/eyebrowse/ReadMsg?listName=commons-dev@jakarta.apache.org&msgNo=20612

Submitted by:	Sean Schofield


git-svn-id: https://svn.apache.org/repos/asf/jakarta/commons/proper/lang/trunk@137221 13f79535-47bb-0310-9956-ffa450edef68",2003-01
158a5104d05c7e108ed1d826fdf3df22d0cbaee1,2003-01-19 17:42:18,test,src/test/org/apache/commons/lang/builder/HashCodeBuilderAndEqualsBuilderTest.java,HashCodeBuilderAndEqualsBuilderTest,org/apache/commons/lang/builder,200,0,278,2,"Add additional testing for hashcode and equals integration


git-svn-id: https://svn.apache.org/repos/asf/jakarta/commons/proper/lang/trunk@137229 13f79535-47bb-0310-9956-ffa450edef68",2003-01
4b0aeca9f298b593ab59f032d2dd0fe95e569927,2003-03-31 03:53:52,prod,src/java/org/apache/commons/lang/StringEscapeUtils.java,StringEscapeUtils,org/apache/commons/lang,500,0,326,5,"StringEscapeUtils: escape/unescape Java/JavaScript/HTML


git-svn-id: https://svn.apache.org/repos/asf/jakarta/commons/proper/lang/trunk@137278 13f79535-47bb-0310-9956-ffa450edef68",2003-03
4b0aeca9f298b593ab59f032d2dd0fe95e569927,2003-03-31 03:53:52,prod,src/java/org/apache/commons/lang/StringPrintWriter.java,StringPrintWriter,org/apache/commons/lang,88,0,326,5,"StringEscapeUtils: escape/unescape Java/JavaScript/HTML


git-svn-id: https://svn.apache.org/repos/asf/jakarta/commons/proper/lang/trunk@137278 13f79535-47bb-0310-9956-ffa450edef68",2003-03
4b0aeca9f298b593ab59f032d2dd0fe95e569927,2003-03-31 03:53:52,test,src/test/org/apache/commons/lang/StringEscapeUtilsTest.java,StringEscapeUtilsTest,org/apache/commons/lang,182,0,326,5,"StringEscapeUtils: escape/unescape Java/JavaScript/HTML


git-svn-id: https://svn.apache.org/repos/asf/jakarta/commons/proper/lang/trunk@137278 13f79535-47bb-0310-9956-ffa450edef68",2003-03
076ebc6d17cfdc5d32639236fae3d5207351a126,2003-04-02 16:28:15,prod,src/java/org/apache/commons/lang/math/RandomUtils.java,RandomUtils,org/apache/commons/lang/math,134,0,329,1,"A Utils class that wraps java.lang.Math.random() and offers up methods
similar to that found on the java.util.Random class. Effectively this class
contains the methods that ought to be found on java.lang.Math.


git-svn-id: https://svn.apache.org/repos/asf/jakarta/commons/proper/lang/trunk@137281 13f79535-47bb-0310-9956-ffa450edef68",2003-04
69cc0e40e6a67e9a9d843f97350a5031bb6e8ab1,2003-04-09 20:55:33,prod,src/java/org/apache/commons/lang/Entities.java,Entities,org/apache/commons/lang,417,0,340,3,"Extracted Entities class (instead of inner class)
Added support for full HTML 4.0 entity set
Separated XML, ISO8859-1 (HTML 3.2), and HTML 4.0 entities inside Entities object
Added escapeXml and unescapeXml public API methods
Escape now uses entities for values 0x80 or greater (previously 0x100)


git-svn-id: https://svn.apache.org/repos/asf/jakarta/commons/proper/lang/trunk@137292 13f79535-47bb-0310-9956-ffa450edef68",2003-04
fb2548b304f9279ac2ff3df9620424adae91e065,2003-04-15 14:28:41,prod,src/java/org/apache/commons/lang/WordWrapUtils.java,WordWrapUtils,org/apache/commons/lang,270,0,345,2,"Return of WordWrapUtils, fresh with bugs fixed in StringTaglib. Part of the
reason for dropping it originally was that I knew my methods [wordWrap rather than wrapText or wrapLine] had nasty die-a-death bugs and hadn't had time to fix them. These got fixed as a part of String Taglib so I'm now personally happy with the code. As happy as you can ever be anyway without more tests to hurt it.

Submitted by:	Henning Schmiedehausen


git-svn-id: https://svn.apache.org/repos/asf/jakarta/commons/proper/lang/trunk@137297 13f79535-47bb-0310-9956-ffa450edef68",2003-04
fb2548b304f9279ac2ff3df9620424adae91e065,2003-04-15 14:28:41,test,src/test/org/apache/commons/lang/WordWrapUtilsTest.java,WordWrapUtilsTest,org/apache/commons/lang,110,0,345,2,"Return of WordWrapUtils, fresh with bugs fixed in StringTaglib. Part of the
reason for dropping it originally was that I knew my methods [wordWrap rather than wrapText or wrapLine] had nasty die-a-death bugs and hadn't had time to fix them. These got fixed as a part of String Taglib so I'm now personally happy with the code. As happy as you can ever be anyway without more tests to hurt it.

Submitted by:	Henning Schmiedehausen


git-svn-id: https://svn.apache.org/repos/asf/jakarta/commons/proper/lang/trunk@137297 13f79535-47bb-0310-9956-ffa450edef68",2003-04
d99a9fcfb9fb1b5ee328f27bf5893f285ec7ee2a,2003-05-07 15:09:19,prod,src/java/org/apache/commons/lang/math/JVMRandom.java,JVMRandom,org/apache/commons/lang/math,140,0,356,2,"RandomUtils functionality moved to JVMRandom. RandomUtils then becomes a proper XxxUtils class.


git-svn-id: https://svn.apache.org/repos/asf/jakarta/commons/proper/lang/trunk@137308 13f79535-47bb-0310-9956-ffa450edef68",2003-05
9f2efa84a2db851d30fe889fae85250742399ce2,2003-05-14 02:41:26,test,src/test/org/apache/commons/lang/math/RandomUtilsTest.java,RandomUtilsTest,org/apache/commons/lang/math,334,0,360,3,"Bug #19756 dealt with.

Submitted by:	Phil Steitz


git-svn-id: https://svn.apache.org/repos/asf/jakarta/commons/proper/lang/trunk@137312 13f79535-47bb-0310-9956-ffa450edef68",2003-05
e2c43be20fd11b604dea2fd51d6d7896b113ac26,2003-05-15 04:05:11,prod,src/java/org/apache/commons/lang/IllegalClassException.java,IllegalClassException,org/apache/commons/lang,94,0,364,11,"Commonly usable enhancements to some of the Exceptions found in java.lang.

Submitted by:	Matthew Hawthorne


git-svn-id: https://svn.apache.org/repos/asf/jakarta/commons/proper/lang/trunk@137316 13f79535-47bb-0310-9956-ffa450edef68",2003-05
e2c43be20fd11b604dea2fd51d6d7896b113ac26,2003-05-15 04:05:11,prod,src/java/org/apache/commons/lang/IncompleteArgumentException.java,IncompleteArgumentException,org/apache/commons/lang,94,0,364,11,"Commonly usable enhancements to some of the Exceptions found in java.lang.

Submitted by:	Matthew Hawthorne


git-svn-id: https://svn.apache.org/repos/asf/jakarta/commons/proper/lang/trunk@137316 13f79535-47bb-0310-9956-ffa450edef68",2003-05
e2c43be20fd11b604dea2fd51d6d7896b113ac26,2003-05-15 04:05:11,prod,src/java/org/apache/commons/lang/NotImplementedException.java,NotImplementedException,org/apache/commons/lang,82,0,364,11,"Commonly usable enhancements to some of the Exceptions found in java.lang.

Submitted by:	Matthew Hawthorne


git-svn-id: https://svn.apache.org/repos/asf/jakarta/commons/proper/lang/trunk@137316 13f79535-47bb-0310-9956-ffa450edef68",2003-05
e2c43be20fd11b604dea2fd51d6d7896b113ac26,2003-05-15 04:05:11,prod,src/java/org/apache/commons/lang/NullArgumentException.java,NullArgumentException,org/apache/commons/lang,72,0,364,11,"Commonly usable enhancements to some of the Exceptions found in java.lang.

Submitted by:	Matthew Hawthorne


git-svn-id: https://svn.apache.org/repos/asf/jakarta/commons/proper/lang/trunk@137316 13f79535-47bb-0310-9956-ffa450edef68",2003-05
e2c43be20fd11b604dea2fd51d6d7896b113ac26,2003-05-15 04:05:11,prod,src/java/org/apache/commons/lang/UnhandledException.java,UnhandledException,org/apache/commons/lang,75,0,364,11,"Commonly usable enhancements to some of the Exceptions found in java.lang.

Submitted by:	Matthew Hawthorne


git-svn-id: https://svn.apache.org/repos/asf/jakarta/commons/proper/lang/trunk@137316 13f79535-47bb-0310-9956-ffa450edef68",2003-05
e2c43be20fd11b604dea2fd51d6d7896b113ac26,2003-05-15 04:05:11,test,src/test/org/apache/commons/lang/IllegalClassExceptionTest.java,IllegalClassExceptionTest,org/apache/commons/lang,128,0,364,11,"Commonly usable enhancements to some of the Exceptions found in java.lang.

Submitted by:	Matthew Hawthorne


git-svn-id: https://svn.apache.org/repos/asf/jakarta/commons/proper/lang/trunk@137316 13f79535-47bb-0310-9956-ffa450edef68",2003-05
e2c43be20fd11b604dea2fd51d6d7896b113ac26,2003-05-15 04:05:11,test,src/test/org/apache/commons/lang/IncompleteArgumentExceptionTest.java,IncompleteArgumentExceptionTest,org/apache/commons/lang,131,0,364,11,"Commonly usable enhancements to some of the Exceptions found in java.lang.

Submitted by:	Matthew Hawthorne


git-svn-id: https://svn.apache.org/repos/asf/jakarta/commons/proper/lang/trunk@137316 13f79535-47bb-0310-9956-ffa450edef68",2003-05
e2c43be20fd11b604dea2fd51d6d7896b113ac26,2003-05-15 04:05:11,test,src/test/org/apache/commons/lang/NotImplementedExceptionTest.java,NotImplementedExceptionTest,org/apache/commons/lang,121,0,364,11,"Commonly usable enhancements to some of the Exceptions found in java.lang.

Submitted by:	Matthew Hawthorne


git-svn-id: https://svn.apache.org/repos/asf/jakarta/commons/proper/lang/trunk@137316 13f79535-47bb-0310-9956-ffa450edef68",2003-05
e2c43be20fd11b604dea2fd51d6d7896b113ac26,2003-05-15 04:05:11,test,src/test/org/apache/commons/lang/NullArgumentExceptionTest.java,NullArgumentExceptionTest,org/apache/commons/lang,102,0,364,11,"Commonly usable enhancements to some of the Exceptions found in java.lang.

Submitted by:	Matthew Hawthorne


git-svn-id: https://svn.apache.org/repos/asf/jakarta/commons/proper/lang/trunk@137316 13f79535-47bb-0310-9956-ffa450edef68",2003-05
e2c43be20fd11b604dea2fd51d6d7896b113ac26,2003-05-15 04:05:11,test,src/test/org/apache/commons/lang/UnhandledExceptionTest.java,UnhandledExceptionTest,org/apache/commons/lang,111,0,364,11,"Commonly usable enhancements to some of the Exceptions found in java.lang.

Submitted by:	Matthew Hawthorne


git-svn-id: https://svn.apache.org/repos/asf/jakarta/commons/proper/lang/trunk@137316 13f79535-47bb-0310-9956-ffa450edef68",2003-05
70cab8f8e6e4944213fc1bf1fea206635822ec82,2003-05-16 22:07:38,prod,src/java/org/apache/commons/lang/util/IdentifierFactory.java,IdentifierFactory,org/apache/commons/lang/util,73,0,367,5,"Change Identifier generation code to be independent of functors


git-svn-id: https://svn.apache.org/repos/asf/jakarta/commons/proper/lang/trunk@137319 13f79535-47bb-0310-9956-ffa450edef68",2003-05
70cab8f8e6e4944213fc1bf1fea206635822ec82,2003-05-16 22:07:38,prod,src/java/org/apache/commons/lang/util/LongIdentifierFactory.java,LongIdentifierFactory,org/apache/commons/lang/util,73,0,367,5,"Change Identifier generation code to be independent of functors


git-svn-id: https://svn.apache.org/repos/asf/jakarta/commons/proper/lang/trunk@137319 13f79535-47bb-0310-9956-ffa450edef68",2003-05
70cab8f8e6e4944213fc1bf1fea206635822ec82,2003-05-16 22:07:38,prod,src/java/org/apache/commons/lang/util/StringIdentifierFactory.java,StringIdentifierFactory,org/apache/commons/lang/util,73,0,367,5,"Change Identifier generation code to be independent of functors


git-svn-id: https://svn.apache.org/repos/asf/jakarta/commons/proper/lang/trunk@137319 13f79535-47bb-0310-9956-ffa450edef68",2003-05
5203441765cfa1b7c272bc4f66960a0225b5c636,2003-05-24 04:35:07,test,src/test/org/apache/commons/lang/EntitiesTest.java,EntitiesTest,org/apache/commons/lang,123,0,381,4,"refactoring Entities object in preparation for optimization
add unit tests for Entities class
move escape and unescape methods into Entities class


git-svn-id: https://svn.apache.org/repos/asf/jakarta/commons/proper/lang/trunk@137333 13f79535-47bb-0310-9956-ffa450edef68",2003-05
e2211f3db63dea49a558c5e313b7b192fd891b1b,2003-05-24 12:11:02,test,src/test/org/apache/commons/lang/SystemUtilsTest.java,SystemUtilsTest,org/apache/commons/lang,281,0,385,2,"Add SystemUtils tests


git-svn-id: https://svn.apache.org/repos/asf/jakarta/commons/proper/lang/trunk@137337 13f79535-47bb-0310-9956-ffa450edef68",2003-05
0766ea1f695da2de6b7889648ba8b7a7999a1a42,2003-05-24 13:29:44,test,src/test/org/apache/commons/lang/EntitiesPerformanceTest.java,EntitiesPerformanceTest,org/apache/commons/lang,169,0,386,3,"initial performance testing for Entities


git-svn-id: https://svn.apache.org/repos/asf/jakarta/commons/proper/lang/trunk@137338 13f79535-47bb-0310-9956-ffa450edef68",2003-05
a0be4d2757a1e72f9b63eaca4c8fffdfd2ca8f61,2003-06-03 03:51:56,prod,src/java/org/apache/commons/lang/builder/ReflectionToStringBuilder.java,ReflectionToStringBuilder,org/apache/commons/lang/builder,457,0,401,3,"Refactor code in ToStringBuilder.reflectionToString(...) into a new subclass called ReflectionToStringBuilder.
All of the ToStringBuilder.reflectionToString(...) forward their calls to equivalent methods in ReflectionToStringBuilde.
ReflectionToStringBuilder can  be subclassed to provide Field or value filtering.
Since the unit tests exercis ToStringBuilder.reflectionToString(...) which then forwards those calls to ReflectionToStringBuilder, and ReflectionToStringBuilder does not provide new features (yet), there are no new unit test cases (yet).


git-svn-id: https://svn.apache.org/repos/asf/jakarta/commons/proper/lang/trunk@137353 13f79535-47bb-0310-9956-ffa450edef68",2003-06
73ee6c3d270a91bd447f732b24c4d65169b0c8d6,2003-06-08 23:14:23,prod,src/java/org/apache/commons/lang/time/DateFormatUtils.java,DateFormatUtils,org/apache/commons/lang/time,297,0,409,13,"Rework time package in preparation for 2.0 release
DateUtils split to DateFormatUtils and DurationFormatUtils
CalendarUtils renamed to DateUtils
StopWatch time format method moved to DurationFormatUtils
Tests updated and pass


git-svn-id: https://svn.apache.org/repos/asf/jakarta/commons/proper/lang/trunk@137361 13f79535-47bb-0310-9956-ffa450edef68",2003-06
73ee6c3d270a91bd447f732b24c4d65169b0c8d6,2003-06-08 23:14:23,prod,src/java/org/apache/commons/lang/time/DurationFormatUtils.java,DurationFormatUtils,org/apache/commons/lang/time,167,0,409,13,"Rework time package in preparation for 2.0 release
DateUtils split to DateFormatUtils and DurationFormatUtils
CalendarUtils renamed to DateUtils
StopWatch time format method moved to DurationFormatUtils
Tests updated and pass


git-svn-id: https://svn.apache.org/repos/asf/jakarta/commons/proper/lang/trunk@137361 13f79535-47bb-0310-9956-ffa450edef68",2003-06
73ee6c3d270a91bd447f732b24c4d65169b0c8d6,2003-06-08 23:14:23,test,src/test/org/apache/commons/lang/time/DateFormatUtilsTest.java,DateFormatUtilsTest,org/apache/commons/lang/time,199,0,409,13,"Rework time package in preparation for 2.0 release
DateUtils split to DateFormatUtils and DurationFormatUtils
CalendarUtils renamed to DateUtils
StopWatch time format method moved to DurationFormatUtils
Tests updated and pass


git-svn-id: https://svn.apache.org/repos/asf/jakarta/commons/proper/lang/trunk@137361 13f79535-47bb-0310-9956-ffa450edef68",2003-06
73ee6c3d270a91bd447f732b24c4d65169b0c8d6,2003-06-08 23:14:23,test,src/test/org/apache/commons/lang/time/DurationFormatUtilsTest.java,DurationFormatUtilsTest,org/apache/commons/lang/time,162,0,409,13,"Rework time package in preparation for 2.0 release
DateUtils split to DateFormatUtils and DurationFormatUtils
CalendarUtils renamed to DateUtils
StopWatch time format method moved to DurationFormatUtils
Tests updated and pass


git-svn-id: https://svn.apache.org/repos/asf/jakarta/commons/proper/lang/trunk@137361 13f79535-47bb-0310-9956-ffa450edef68",2003-06
2d06a7ce861432fc702168fd4c94bc00ddfc39eb,2003-06-24 21:14:51,prod,src/java/org/apache/commons/lang/math/NumberUtils.java,NumberUtils,org/apache/commons/lang/math,899,0,427,9,"NumberUtils moved to math subpackage


git-svn-id: https://svn.apache.org/repos/asf/jakarta/commons/proper/lang/trunk@137379 13f79535-47bb-0310-9956-ffa450edef68",2003-06
2d06a7ce861432fc702168fd4c94bc00ddfc39eb,2003-06-24 21:14:51,test,src/test/org/apache/commons/lang/math/NumberUtilsTest.java,NumberUtilsTest,org/apache/commons/lang/math,615,0,427,9,"NumberUtils moved to math subpackage


git-svn-id: https://svn.apache.org/repos/asf/jakarta/commons/proper/lang/trunk@137379 13f79535-47bb-0310-9956-ffa450edef68",2003-06
39acbece80911f929488b100161fdd63f2fbcee3,2003-06-29 03:05:17,prod,src/java/org/apache/commons/lang/IntHashMap.java,IntHashMap,org/apache/commons/lang,419,0,438,1,"introducing utility class from Justin Couch


git-svn-id: https://svn.apache.org/repos/asf/jakarta/commons/proper/lang/trunk@137390 13f79535-47bb-0310-9956-ffa450edef68",2003-06
0b1885821a78da619467412980aec70a365115da,2003-08-02 18:18:33,test,src/test/org/apache/commons/lang/CharRangeTest.java,CharRangeTest,org/apache/commons/lang,384,0,604,6,"Completely rework CharRange and CharSet.
Add multiple tests to fully define the set syntax.


git-svn-id: https://svn.apache.org/repos/asf/jakarta/commons/proper/lang/trunk@137557 13f79535-47bb-0310-9956-ffa450edef68",2003-08
0b1885821a78da619467412980aec70a365115da,2003-08-02 18:18:33,test,src/test/org/apache/commons/lang/CharSetTest.java,CharSetTest,org/apache/commons/lang,444,0,604,6,"Completely rework CharRange and CharSet.
Add multiple tests to fully define the set syntax.


git-svn-id: https://svn.apache.org/repos/asf/jakarta/commons/proper/lang/trunk@137557 13f79535-47bb-0310-9956-ffa450edef68",2003-08
47367eb9ab75a06a1b2606790813ee6cb1ed6196,2003-08-17 21:57:37,prod,src/java/org/apache/commons/lang/WordUtils.java,WordUtils,org/apache/commons/lang,253,0,664,5,"Rename WordWrapUtils to WordUtils
Refactor wrapLine method, making it public and work properly
Remove wrapText method
Test


git-svn-id: https://svn.apache.org/repos/asf/jakarta/commons/proper/lang/trunk@137618 13f79535-47bb-0310-9956-ffa450edef68",2003-08
47367eb9ab75a06a1b2606790813ee6cb1ed6196,2003-08-17 21:57:37,test,src/test/org/apache/commons/lang/WordUtilsTest.java,WordUtilsTest,org/apache/commons/lang,198,0,664,5,"Rename WordWrapUtils to WordUtils
Refactor wrapLine method, making it public and work properly
Remove wrapText method
Test


git-svn-id: https://svn.apache.org/repos/asf/jakarta/commons/proper/lang/trunk@137618 13f79535-47bb-0310-9956-ffa450edef68",2003-08
71de3f7ed94b6d2701b3575877b45ed318605d58,2003-11-17 23:02:18,prod,src/java/org/apache/commons/lang/Tokenizer.java,Tokenizer,org/apache/commons/lang,878,0,752,2,"Initial checkin of the Tokenizer class


git-svn-id: https://svn.apache.org/repos/asf/jakarta/commons/proper/lang/trunk@137709 13f79535-47bb-0310-9956-ffa450edef68",2003-11
71de3f7ed94b6d2701b3575877b45ed318605d58,2003-11-17 23:02:18,test,src/test/org/apache/commons/lang/TokenizerTest.java,TokenizerTest,org/apache/commons/lang,344,0,752,2,"Initial checkin of the Tokenizer class


git-svn-id: https://svn.apache.org/repos/asf/jakarta/commons/proper/lang/trunk@137709 13f79535-47bb-0310-9956-ffa450edef68",2003-11
4db13907864a7f69b9edcc2f43bc64e878e8d93f,2003-11-25 00:53:55,test,src/test/org/apache/commons/lang/builder/ShortPrefixToStringStyleTest.java,ShortPrefixToStringStyleTest,org/apache/commons/lang/builder,147,0,755,2,"Add ToStringStyle.SHORT_PREFIX_STYLE as discussed on commons-dev.


git-svn-id: https://svn.apache.org/repos/asf/jakarta/commons/proper/lang/trunk@137712 13f79535-47bb-0310-9956-ffa450edef68",2003-11
fa5cac4449e87b40ab889a22e24a56e4e0fd4636,2004-01-31 13:00:07,prod,src/java/org/apache/commons/lang/CharUtils.java,CharUtils,org/apache/commons/lang,556,0,810,3,"Add CharUtils classes


git-svn-id: https://svn.apache.org/repos/asf/jakarta/commons/proper/lang/trunk@137767 13f79535-47bb-0310-9956-ffa450edef68",2004-01
fa5cac4449e87b40ab889a22e24a56e4e0fd4636,2004-01-31 13:00:07,test,src/test/org/apache/commons/lang/CharUtilsTest.java,CharUtilsTest,org/apache/commons/lang,396,0,810,3,"Add CharUtils classes


git-svn-id: https://svn.apache.org/repos/asf/jakarta/commons/proper/lang/trunk@137767 13f79535-47bb-0310-9956-ffa450edef68",2004-01
11bd2237bf4e50799e091f3bfa9aba5e50c8de70,2004-02-03 22:14:24,test,src/test/org/apache/commons/lang/ArrayUtilsAddTest.java,ArrayUtilsAddTest,org/apache/commons/lang,308,0,812,4,"Bugzilla Bug 26056 [lang] Add methods to ArrayUtils: add at end and insert-like ops
Added methods: primitiveType[] add(primitiveType[], primitiveType)


git-svn-id: https://svn.apache.org/repos/asf/jakarta/commons/proper/lang/trunk@137769 13f79535-47bb-0310-9956-ffa450edef68",2004-02
4dcfc2fbb1f5bb475e94bf7ba5cc828416d7c234,2004-02-23 04:34:20,prod,src/java/org/apache/commons/lang/enums/Enum.java,Enum,org/apache/commons/lang/enums,600,0,854,31,"lang.enum.*:
	Deprecated and replaced by org.apache.commons.lang.enums.* and will be
	removed in version 3.0. All classes in this package are deprecated and 
	repackaged to org.apache.commons.lang.enums since enum is a Java 1.5 
	keyword.


git-svn-id: https://svn.apache.org/repos/asf/jakarta/commons/proper/lang/trunk@137811 13f79535-47bb-0310-9956-ffa450edef68",2004-02
4dcfc2fbb1f5bb475e94bf7ba5cc828416d7c234,2004-02-23 04:34:20,prod,src/java/org/apache/commons/lang/enums/EnumUtils.java,EnumUtils,org/apache/commons/lang/enums,122,0,854,31,"lang.enum.*:
	Deprecated and replaced by org.apache.commons.lang.enums.* and will be
	removed in version 3.0. All classes in this package are deprecated and 
	repackaged to org.apache.commons.lang.enums since enum is a Java 1.5 
	keyword.


git-svn-id: https://svn.apache.org/repos/asf/jakarta/commons/proper/lang/trunk@137811 13f79535-47bb-0310-9956-ffa450edef68",2004-02
4dcfc2fbb1f5bb475e94bf7ba5cc828416d7c234,2004-02-23 04:34:20,prod,src/java/org/apache/commons/lang/enums/ValuedEnum.java,ValuedEnum,org/apache/commons/lang/enums,187,0,854,31,"lang.enum.*:
	Deprecated and replaced by org.apache.commons.lang.enums.* and will be
	removed in version 3.0. All classes in this package are deprecated and 
	repackaged to org.apache.commons.lang.enums since enum is a Java 1.5 
	keyword.


git-svn-id: https://svn.apache.org/repos/asf/jakarta/commons/proper/lang/trunk@137811 13f79535-47bb-0310-9956-ffa450edef68",2004-02
4dcfc2fbb1f5bb475e94bf7ba5cc828416d7c234,2004-02-23 04:34:20,test,src/test/org/apache/commons/lang/enums/EnumTest.java,EnumTest,org/apache/commons/lang/enums,516,0,854,31,"lang.enum.*:
	Deprecated and replaced by org.apache.commons.lang.enums.* and will be
	removed in version 3.0. All classes in this package are deprecated and 
	repackaged to org.apache.commons.lang.enums since enum is a Java 1.5 
	keyword.


git-svn-id: https://svn.apache.org/repos/asf/jakarta/commons/proper/lang/trunk@137811 13f79535-47bb-0310-9956-ffa450edef68",2004-02
4dcfc2fbb1f5bb475e94bf7ba5cc828416d7c234,2004-02-23 04:34:20,test,src/test/org/apache/commons/lang/enums/EnumUtilsTest.java,EnumUtilsTest,org/apache/commons/lang/enums,167,0,854,31,"lang.enum.*:
	Deprecated and replaced by org.apache.commons.lang.enums.* and will be
	removed in version 3.0. All classes in this package are deprecated and 
	repackaged to org.apache.commons.lang.enums since enum is a Java 1.5 
	keyword.


git-svn-id: https://svn.apache.org/repos/asf/jakarta/commons/proper/lang/trunk@137811 13f79535-47bb-0310-9956-ffa450edef68",2004-02
4dcfc2fbb1f5bb475e94bf7ba5cc828416d7c234,2004-02-23 04:34:20,test,src/test/org/apache/commons/lang/enums/ValuedEnumTest.java,ValuedEnumTest,org/apache/commons/lang/enums,135,0,854,31,"lang.enum.*:
	Deprecated and replaced by org.apache.commons.lang.enums.* and will be
	removed in version 3.0. All classes in this package are deprecated and 
	repackaged to org.apache.commons.lang.enums since enum is a Java 1.5 
	keyword.


git-svn-id: https://svn.apache.org/repos/asf/jakarta/commons/proper/lang/trunk@137811 13f79535-47bb-0310-9956-ffa450edef68",2004-02
1463a4e60d76ce20db742f8fce45276ddb10c241,2004-03-18 22:37:39,test,src/test/org/apache/commons/lang/CharUtilsPerfTest.java,CharUtilsPerfTest,org/apache/commons/lang,164,0,872,1,"Tests the difference in performance between CharUtils and CharSet.


git-svn-id: https://svn.apache.org/repos/asf/jakarta/commons/proper/lang/trunk@137829 13f79535-47bb-0310-9956-ffa450edef68",2004-03
aa1e8866bb64e4b5f68fd0fcb0010c66745d849e,2004-06-01 20:54:57,test,src/test/org/apache/commons/lang/enums/EnumEqualsTest.java,EnumEqualsTest,org/apache/commons/lang/enums,90,0,880,3,"Fix Enum equals to work correctly by reflection
bug 28180, from Matthias Eichel


git-svn-id: https://svn.apache.org/repos/asf/jakarta/commons/proper/lang/trunk@137837 13f79535-47bb-0310-9956-ffa450edef68",2004-06
813952e3f43defe3f938ad657b72e259746b5a75,2004-06-06 03:53:24,test,src/test/org/apache/commons/lang/ArrayUtilsRemoveTest.java,ArrayUtilsRemoveTest,org/apache/commons/lang,457,0,891,3,"applied patch #27778, also added an indexOf(char[]..).


git-svn-id: https://svn.apache.org/repos/asf/jakarta/commons/proper/lang/trunk@137848 13f79535-47bb-0310-9956-ffa450edef68",2004-06
c0f14e226ec2a08fde8f0eef1e2fae30c056ba04,2004-06-11 02:26:32,prod,src/java/org/apache/commons/lang/mutable/Mutable.java,Mutable,org/apache/commons/lang/mutable,41,0,892,16,"Adding initial crack at mutables.


git-svn-id: https://svn.apache.org/repos/asf/jakarta/commons/proper/lang/trunk@137849 13f79535-47bb-0310-9956-ffa450edef68",2004-06
c0f14e226ec2a08fde8f0eef1e2fae30c056ba04,2004-06-11 02:26:32,prod,src/java/org/apache/commons/lang/mutable/MutableByte.java,MutableByte,org/apache/commons/lang/mutable,70,0,892,16,"Adding initial crack at mutables.


git-svn-id: https://svn.apache.org/repos/asf/jakarta/commons/proper/lang/trunk@137849 13f79535-47bb-0310-9956-ffa450edef68",2004-06
c0f14e226ec2a08fde8f0eef1e2fae30c056ba04,2004-06-11 02:26:32,prod,src/java/org/apache/commons/lang/mutable/MutableDouble.java,MutableDouble,org/apache/commons/lang/mutable,64,0,892,16,"Adding initial crack at mutables.


git-svn-id: https://svn.apache.org/repos/asf/jakarta/commons/proper/lang/trunk@137849 13f79535-47bb-0310-9956-ffa450edef68",2004-06
c0f14e226ec2a08fde8f0eef1e2fae30c056ba04,2004-06-11 02:26:32,prod,src/java/org/apache/commons/lang/mutable/MutableFloat.java,MutableFloat,org/apache/commons/lang/mutable,65,0,892,16,"Adding initial crack at mutables.


git-svn-id: https://svn.apache.org/repos/asf/jakarta/commons/proper/lang/trunk@137849 13f79535-47bb-0310-9956-ffa450edef68",2004-06
c0f14e226ec2a08fde8f0eef1e2fae30c056ba04,2004-06-11 02:26:32,prod,src/java/org/apache/commons/lang/mutable/MutableInteger.java,MutableInteger,org/apache/commons/lang/mutable,65,0,892,16,"Adding initial crack at mutables.


git-svn-id: https://svn.apache.org/repos/asf/jakarta/commons/proper/lang/trunk@137849 13f79535-47bb-0310-9956-ffa450edef68",2004-06
c0f14e226ec2a08fde8f0eef1e2fae30c056ba04,2004-06-11 02:26:32,prod,src/java/org/apache/commons/lang/mutable/MutableLong.java,MutableLong,org/apache/commons/lang/mutable,64,0,892,16,"Adding initial crack at mutables.


git-svn-id: https://svn.apache.org/repos/asf/jakarta/commons/proper/lang/trunk@137849 13f79535-47bb-0310-9956-ffa450edef68",2004-06
c0f14e226ec2a08fde8f0eef1e2fae30c056ba04,2004-06-11 02:26:32,prod,src/java/org/apache/commons/lang/mutable/MutableNumber.java,MutableNumber,org/apache/commons/lang/mutable,85,0,892,16,"Adding initial crack at mutables.


git-svn-id: https://svn.apache.org/repos/asf/jakarta/commons/proper/lang/trunk@137849 13f79535-47bb-0310-9956-ffa450edef68",2004-06
c0f14e226ec2a08fde8f0eef1e2fae30c056ba04,2004-06-11 02:26:32,prod,src/java/org/apache/commons/lang/mutable/MutableShort.java,MutableShort,org/apache/commons/lang/mutable,64,0,892,16,"Adding initial crack at mutables.


git-svn-id: https://svn.apache.org/repos/asf/jakarta/commons/proper/lang/trunk@137849 13f79535-47bb-0310-9956-ffa450edef68",2004-06
c0f14e226ec2a08fde8f0eef1e2fae30c056ba04,2004-06-11 02:26:32,test,src/test/org/apache/commons/lang/mutable/MutableByteTest.java,MutableByteTest,org/apache/commons/lang/mutable,74,0,892,16,"Adding initial crack at mutables.


git-svn-id: https://svn.apache.org/repos/asf/jakarta/commons/proper/lang/trunk@137849 13f79535-47bb-0310-9956-ffa450edef68",2004-06
c0f14e226ec2a08fde8f0eef1e2fae30c056ba04,2004-06-11 02:26:32,test,src/test/org/apache/commons/lang/mutable/MutableDoubleTest.java,MutableDoubleTest,org/apache/commons/lang/mutable,73,0,892,16,"Adding initial crack at mutables.


git-svn-id: https://svn.apache.org/repos/asf/jakarta/commons/proper/lang/trunk@137849 13f79535-47bb-0310-9956-ffa450edef68",2004-06
c0f14e226ec2a08fde8f0eef1e2fae30c056ba04,2004-06-11 02:26:32,test,src/test/org/apache/commons/lang/mutable/MutableFloatTest.java,MutableFloatTest,org/apache/commons/lang/mutable,75,0,892,16,"Adding initial crack at mutables.


git-svn-id: https://svn.apache.org/repos/asf/jakarta/commons/proper/lang/trunk@137849 13f79535-47bb-0310-9956-ffa450edef68",2004-06
c0f14e226ec2a08fde8f0eef1e2fae30c056ba04,2004-06-11 02:26:32,test,src/test/org/apache/commons/lang/mutable/MutableIntegerTest.java,MutableIntegerTest,org/apache/commons/lang/mutable,74,0,892,16,"Adding initial crack at mutables.


git-svn-id: https://svn.apache.org/repos/asf/jakarta/commons/proper/lang/trunk@137849 13f79535-47bb-0310-9956-ffa450edef68",2004-06
c0f14e226ec2a08fde8f0eef1e2fae30c056ba04,2004-06-11 02:26:32,test,src/test/org/apache/commons/lang/mutable/MutableLongTest.java,MutableLongTest,org/apache/commons/lang/mutable,74,0,892,16,"Adding initial crack at mutables.


git-svn-id: https://svn.apache.org/repos/asf/jakarta/commons/proper/lang/trunk@137849 13f79535-47bb-0310-9956-ffa450edef68",2004-06
c0f14e226ec2a08fde8f0eef1e2fae30c056ba04,2004-06-11 02:26:32,test,src/test/org/apache/commons/lang/mutable/MutableNumberTest.java,MutableNumberTest,org/apache/commons/lang/mutable,208,0,892,16,"Adding initial crack at mutables.


git-svn-id: https://svn.apache.org/repos/asf/jakarta/commons/proper/lang/trunk@137849 13f79535-47bb-0310-9956-ffa450edef68",2004-06
c0f14e226ec2a08fde8f0eef1e2fae30c056ba04,2004-06-11 02:26:32,test,src/test/org/apache/commons/lang/mutable/MutableShortTest.java,MutableShortTest,org/apache/commons/lang/mutable,75,0,892,16,"Adding initial crack at mutables.


git-svn-id: https://svn.apache.org/repos/asf/jakarta/commons/proper/lang/trunk@137849 13f79535-47bb-0310-9956-ffa450edef68",2004-06
cddc22f28c80f47674e363d04dadf9089411f9d8,2004-07-04 04:51:25,prod,src/java/org/apache/commons/lang/Interpolation.java,Interpolation,org/apache/commons/lang,182,0,908,3,"Adding in new Interpolation class for opinions. It is, apart from cleaning up,
creation of a unit test and renaming to 'interpolate', the submission from Ken
Fitzpatrick in Bugzilla: #18962.

Lang has had a class much like this before so opinions saught (I'm in fact suffering
from some major deja vu with this, need to research how many times I've committed this
type of code to Lang :) ).

Submitted by:	Ken Fitzpatrick


git-svn-id: https://svn.apache.org/repos/asf/jakarta/commons/proper/lang/trunk@137865 13f79535-47bb-0310-9956-ffa450edef68",2004-07
cddc22f28c80f47674e363d04dadf9089411f9d8,2004-07-04 04:51:25,test,src/test/org/apache/commons/lang/InterpolationTest.java,InterpolationTest,org/apache/commons/lang,124,0,908,3,"Adding in new Interpolation class for opinions. It is, apart from cleaning up,
creation of a unit test and renaming to 'interpolate', the submission from Ken
Fitzpatrick in Bugzilla: #18962.

Lang has had a class much like this before so opinions saught (I'm in fact suffering
from some major deja vu with this, need to research how many times I've committed this
type of code to Lang :) ).

Submitted by:	Ken Fitzpatrick


git-svn-id: https://svn.apache.org/repos/asf/jakarta/commons/proper/lang/trunk@137865 13f79535-47bb-0310-9956-ffa450edef68",2004-07
57070635927be6c31e5a234a39603a726f2e4dbf,2004-07-05 22:15:33,prod,src/java/org/apache/commons/lang/mutable/MutableInt.java,MutableInt,org/apache/commons/lang/mutable,128,0,913,1,"A reworked mutable int, ready for comments


git-svn-id: https://svn.apache.org/repos/asf/jakarta/commons/proper/lang/trunk@137870 13f79535-47bb-0310-9956-ffa450edef68",2004-07
fbeb9d58da6d83b00dc0bb75244c5309b55caa9b,2004-07-07 23:50:28,test,src/test/org/apache/commons/lang/mutable/MutableIntTest.java,MutableIntTest,org/apache/commons/lang/mutable,137,0,916,18,"Update mutable package for release 2.1


git-svn-id: https://svn.apache.org/repos/asf/jakarta/commons/proper/lang/trunk@137873 13f79535-47bb-0310-9956-ffa450edef68",2004-07
3787473c5099ea1ec14bf1374d37897ce06cdd9d,2004-07-08 00:02:35,prod,src/java/org/apache/commons/lang/mutable/MutableObject.java,MutableObject,org/apache/commons/lang/mutable,106,0,917,3,"Add MutableObject


git-svn-id: https://svn.apache.org/repos/asf/jakarta/commons/proper/lang/trunk@137874 13f79535-47bb-0310-9956-ffa450edef68",2004-07
3787473c5099ea1ec14bf1374d37897ce06cdd9d,2004-07-08 00:02:35,test,src/test/org/apache/commons/lang/mutable/MutableObjectTest.java,MutableObjectTest,org/apache/commons/lang/mutable,104,0,917,3,"Add MutableObject


git-svn-id: https://svn.apache.org/repos/asf/jakarta/commons/proper/lang/trunk@137874 13f79535-47bb-0310-9956-ffa450edef68",2004-07
8b6499b3955199b5af488831547a8a173640f6a4,2004-08-03 17:17:08,prod,src/java/org/apache/commons/lang/CharacterEncoding.java,CharacterEncoding,org/apache/commons/lang,150,0,932,2,"Bugzilla Bug 30334
	[lang] New class proposal: CharacterEncoding
	http://issues.apache.org/bugzilla/show_bug.cgi?id=30334
	Comitted to CVS for further comments.


git-svn-id: https://svn.apache.org/repos/asf/jakarta/commons/proper/lang/trunk@137889 13f79535-47bb-0310-9956-ffa450edef68",2004-08
8b6499b3955199b5af488831547a8a173640f6a4,2004-08-03 17:17:08,test,src/test/org/apache/commons/lang/CharacterEncodingTest.java,CharacterEncodingTest,org/apache/commons/lang,100,0,932,2,"Bugzilla Bug 30334
	[lang] New class proposal: CharacterEncoding
	http://issues.apache.org/bugzilla/show_bug.cgi?id=30334
	Comitted to CVS for further comments.


git-svn-id: https://svn.apache.org/repos/asf/jakarta/commons/proper/lang/trunk@137889 13f79535-47bb-0310-9956-ffa450edef68",2004-08
0028e37c1ce23530ecb968056e11a313db842279,2004-09-05 00:37:28,prod,src/java/org/apache/commons/lang/text/MappedMessageFormat.java,MappedMessageFormat,org/apache/commons/lang/text,133,0,960,1,"class from Digester, akin to the Interpolation class in the lang package


git-svn-id: https://svn.apache.org/repos/asf/jakarta/commons/proper/lang/trunk@137917 13f79535-47bb-0310-9956-ffa450edef68",2004-09
1ae0107b3542815a86879738853d1a079310ae28,2004-10-16 15:09:52,prod,src/java/org/apache/commons/lang/text/StrBuilder.java,StrBuilder,org/apache/commons/lang/text,1446,0,1021,1,"Add initial version of StrBuilder, currently without any tests


git-svn-id: https://svn.apache.org/repos/asf/jakarta/commons/proper/lang/trunk@137978 13f79535-47bb-0310-9956-ffa450edef68",2004-10
cd9922ef8b2c57ed6aa1390f89f94c1c40cdc67c,2004-12-28 23:13:03,test,src/test/org/apache/commons/lang/builder/ToStringStyleTest.java,ToStringStyleTest,org/apache/commons/lang/builder,125,0,1054,5,"ToStringStyle setArrayEnd handled null incorrectly
bug 31933, fix from Masato Tezuka


git-svn-id: https://svn.apache.org/repos/asf/jakarta/commons/proper/lang/trunk@138011 13f79535-47bb-0310-9956-ffa450edef68",2004-12
7771e1897480070696aab2215c403bdf63970ef8,2005-05-02 22:55:31,test,src/test/org/apache/commons/lang/text/StrBuilderTest.java,StrBuilderTest,org/apache/commons/lang/text,919,0,1125,1,"A good start for: [Bug 34715][lang] unit test for org.apache.commons.lang.text.StrBuilder. From heuermh@acm.org.

git-svn-id: https://svn.apache.org/repos/asf/jakarta/commons/proper/lang/trunk@165710 13f79535-47bb-0310-9956-ffa450edef68",2005-05
5ec8a51d09426d9ed920ba9d34225bfe99dc3548,2005-07-05 16:27:10,prod,src/java/org/apache/commons/lang/text/VariableFormat.java,VariableFormat,org/apache/commons/lang/text,518,0,1169,2,"Towards version 2.2:
 - Set the component version to 2.2-dev.
 - Add .text classes VariableFormat and VariableFormatTest.
 - Enable build of .text package.

git-svn-id: https://svn.apache.org/repos/asf/jakarta/commons/proper/lang/trunk@209296 13f79535-47bb-0310-9956-ffa450edef68",2005-07
5ec8a51d09426d9ed920ba9d34225bfe99dc3548,2005-07-05 16:27:10,test,src/test/org/apache/commons/lang/text/VariableFormatTest.java,VariableFormatTest,org/apache/commons/lang/text,214,0,1169,2,"Towards version 2.2:
 - Set the component version to 2.2-dev.
 - Add .text classes VariableFormat and VariableFormatTest.
 - Enable build of .text package.

git-svn-id: https://svn.apache.org/repos/asf/jakarta/commons/proper/lang/trunk@209296 13f79535-47bb-0310-9956-ffa450edef68",2005-07
b8c069723e92c6a65e9b8ba3483a86a47de7b333,2005-07-31 23:33:32,test,src/test/org/apache/commons/lang/math/RangeTest.java,RangeTest,org/apache/commons/lang/math,117,0,1206,5,"Better unit test code coverage from Nathan Beyer [nbeyer@kc.rr.com].

git-svn-id: https://svn.apache.org/repos/asf/jakarta/commons/proper/lang/trunk@226702 13f79535-47bb-0310-9956-ffa450edef68",2005-07
810e69f7a470eb9dce71de314f0a98c0f7840a24,2005-08-14 21:45:47,prod,src/java/org/apache/commons/lang/text/StrMatcher.java,StrMatcher,org/apache/commons/lang/text,405,0,1242,6,"Add StrMatcher and update StrBuilder and test cases to use it, plus fix other bugs

git-svn-id: https://svn.apache.org/repos/asf/jakarta/commons/proper/lang/trunk@232652 13f79535-47bb-0310-9956-ffa450edef68",2005-08
810e69f7a470eb9dce71de314f0a98c0f7840a24,2005-08-14 21:45:47,test,src/test/org/apache/commons/lang/text/StrBuilderAppendInsertTest.java,StrBuilderAppendInsertTest,org/apache/commons/lang/text,1017,0,1242,6,"Add StrMatcher and update StrBuilder and test cases to use it, plus fix other bugs

git-svn-id: https://svn.apache.org/repos/asf/jakarta/commons/proper/lang/trunk@232652 13f79535-47bb-0310-9956-ffa450edef68",2005-08
810e69f7a470eb9dce71de314f0a98c0f7840a24,2005-08-14 21:45:47,test,src/test/org/apache/commons/lang/text/StrMatcherTest.java,StrMatcherTest,org/apache/commons/lang/text,227,0,1242,6,"Add StrMatcher and update StrBuilder and test cases to use it, plus fix other bugs

git-svn-id: https://svn.apache.org/repos/asf/jakarta/commons/proper/lang/trunk@232652 13f79535-47bb-0310-9956-ffa450edef68",2005-08
04e1537d3c41646fdb56b60fae70a630ae177796,2005-08-16 21:41:26,prod,src/java/org/apache/commons/lang/LocaleUtils.java,LocaleUtils,org/apache/commons/lang,193,0,1249,1,"Initial version of LocaleUtils for review of concept

git-svn-id: https://svn.apache.org/repos/asf/jakarta/commons/proper/lang/trunk@233061 13f79535-47bb-0310-9956-ffa450edef68",2005-08
237ae105212d560e5a4bfb53164a72f36f621ebf,2005-08-22 00:52:20,test,src/test/org/apache/commons/lang/IntHashMapTest.java,IntHashMapTest,org/apache/commons/lang,128,0,1270,1,"increase IntHashMap test coverage as reported by clover

git-svn-id: https://svn.apache.org/repos/asf/jakarta/commons/proper/lang/trunk@234404 13f79535-47bb-0310-9956-ffa450edef68",2005-08
d1f5ebf4122aaf0675ef5547c2a6733f52a892d4,2005-09-23 23:17:31,test,src/test/org/apache/commons/lang/LocaleUtilsTest.java,LocaleUtilsTest,org/apache/commons/lang,475,0,1300,3,"Test LocaleUtils

git-svn-id: https://svn.apache.org/repos/asf/jakarta/commons/proper/lang/trunk@291219 13f79535-47bb-0310-9956-ffa450edef68",2005-09
96f12d3e799a8201bac8f88561abad2988046b5a,2005-10-05 00:06:11,test,src/test/org/apache/commons/lang/builder/ReflectionToStringBuilderExcludeTest.java,ReflectionToStringBuilderExcludeTest,org/apache/commons/lang/builder,59,0,1307,2,"A cut at http://issues.apache.org/bugzilla/show_bug.cgi?id=36925: Using ReflectionToStringBuilder and excluding secure fields.

git-svn-id: https://svn.apache.org/repos/asf/jakarta/commons/proper/lang/trunk@294950 13f79535-47bb-0310-9956-ffa450edef68",2005-10
7ec96c4306dc8eb6082b92597f2626f7b33931d4,2005-10-22 22:03:23,prod,src/java/org/apache/commons/lang/mutable/MutableBoolean.java,MutableBoolean,org/apache/commons/lang/mutable,165,0,1313,3,"[lang] Request for MutableBoolean implementation.
http://issues.apache.org/bugzilla/show_bug.cgi?id=37111.

git-svn-id: https://svn.apache.org/repos/asf/jakarta/commons/proper/lang/trunk@327700 13f79535-47bb-0310-9956-ffa450edef68",2005-10
7ec96c4306dc8eb6082b92597f2626f7b33931d4,2005-10-22 22:03:23,test,src/test/org/apache/commons/lang/mutable/MutableBooleanTest.java,MutableBooleanTest,org/apache/commons/lang/mutable,148,0,1313,3,"[lang] Request for MutableBoolean implementation.
http://issues.apache.org/bugzilla/show_bug.cgi?id=37111.

git-svn-id: https://svn.apache.org/repos/asf/jakarta/commons/proper/lang/trunk@327700 13f79535-47bb-0310-9956-ffa450edef68",2005-10
77fdd9eaae4879c9a74fbb882ca707d76385032a,2006-04-17 06:59:50,prod,src/java/org/apache/commons/lang/text/CompositeFormat.java,CompositeFormat,org/apache/commons/lang/text,82,0,1360,3,"Added new class CompositeFormat, as per issue #30184 (http://issues.apache.org/bugzilla/show_bug.cgi?id=30184)

git-svn-id: https://svn.apache.org/repos/asf/jakarta/commons/proper/lang/trunk@394617 13f79535-47bb-0310-9956-ffa450edef68",2006-04
77fdd9eaae4879c9a74fbb882ca707d76385032a,2006-04-17 06:59:50,test,src/test/org/apache/commons/lang/text/CompositeFormatTest.java,CompositeFormatTest,org/apache/commons/lang/text,95,0,1360,3,"Added new class CompositeFormat, as per issue #30184 (http://issues.apache.org/bugzilla/show_bug.cgi?id=30184)

git-svn-id: https://svn.apache.org/repos/asf/jakarta/commons/proper/lang/trunk@394617 13f79535-47bb-0310-9956-ffa450edef68",2006-04
4bfa1f6cb94c368ffa4febc3a2236886ced2290f,2006-07-24 01:00:37,prod,src/java/org/apache/commons/lang/text/StrSubstitutor.java,StrSubstitutor,org/apache/commons/lang/text,729,0,1426,2,"Initial commit of StrSubstitutor (VariableFormatter) for review

git-svn-id: https://svn.apache.org/repos/asf/jakarta/commons/proper/lang/trunk@424871 13f79535-47bb-0310-9956-ffa450edef68",2006-07
4bfa1f6cb94c368ffa4febc3a2236886ced2290f,2006-07-24 01:00:37,test,src/test/org/apache/commons/lang/text/StrSubstitutorTest.java,StrSubstitutorTest,org/apache/commons/lang/text,440,0,1426,2,"Initial commit of StrSubstitutor (VariableFormatter) for review

git-svn-id: https://svn.apache.org/repos/asf/jakarta/commons/proper/lang/trunk@424871 13f79535-47bb-0310-9956-ffa450edef68",2006-07
db951873904b927b43f35478586f064ea6ea6deb,2006-08-08 23:28:45,prod,src/java/org/apache/commons/lang/text/StrLookup.java,StrLookup,org/apache/commons/lang/text,160,0,1441,5,"Create StrLookup by extraction from StrSubstitutor

git-svn-id: https://svn.apache.org/repos/asf/jakarta/commons/proper/lang/trunk@429881 13f79535-47bb-0310-9956-ffa450edef68",2006-08
db951873904b927b43f35478586f064ea6ea6deb,2006-08-08 23:28:45,test,src/test/org/apache/commons/lang/text/StrLookupTest.java,StrLookupTest,org/apache/commons/lang/text,99,0,1441,5,"Create StrLookup by extraction from StrSubstitutor

git-svn-id: https://svn.apache.org/repos/asf/jakarta/commons/proper/lang/trunk@429881 13f79535-47bb-0310-9956-ffa450edef68",2006-08
57964fe0e933187681d5f20530b453e37e5cb4bf,2006-09-20 04:31:04,prod,LANG_2_2_RC1/src/java/org/apache/commons/lang/ArrayUtils.java,ArrayUtils,org/apache/commons/lang,4417,0,1494,259,"Tagging 2.2-rc1

git-svn-id: https://svn.apache.org/repos/asf/jakarta/commons/proper/lang/trunk@448054 13f79535-47bb-0310-9956-ffa450edef68",2006-09
57964fe0e933187681d5f20530b453e37e5cb4bf,2006-09-20 04:31:04,prod,LANG_2_2_RC1/src/java/org/apache/commons/lang/BitField.java,BitField,org/apache/commons/lang,290,0,1494,259,"Tagging 2.2-rc1

git-svn-id: https://svn.apache.org/repos/asf/jakarta/commons/proper/lang/trunk@448054 13f79535-47bb-0310-9956-ffa450edef68",2006-09
57964fe0e933187681d5f20530b453e37e5cb4bf,2006-09-20 04:31:04,prod,LANG_2_2_RC1/src/java/org/apache/commons/lang/BooleanUtils.java,BooleanUtils,org/apache/commons/lang,930,0,1494,259,"Tagging 2.2-rc1

git-svn-id: https://svn.apache.org/repos/asf/jakarta/commons/proper/lang/trunk@448054 13f79535-47bb-0310-9956-ffa450edef68",2006-09
57964fe0e933187681d5f20530b453e37e5cb4bf,2006-09-20 04:31:04,prod,LANG_2_2_RC1/src/java/org/apache/commons/lang/CharEncoding.java,CharEncoding,org/apache/commons/lang,153,0,1494,259,"Tagging 2.2-rc1

git-svn-id: https://svn.apache.org/repos/asf/jakarta/commons/proper/lang/trunk@448054 13f79535-47bb-0310-9956-ffa450edef68",2006-09
57964fe0e933187681d5f20530b453e37e5cb4bf,2006-09-20 04:31:04,prod,LANG_2_2_RC1/src/java/org/apache/commons/lang/CharRange.java,CharRange,org/apache/commons/lang,233,0,1494,259,"Tagging 2.2-rc1

git-svn-id: https://svn.apache.org/repos/asf/jakarta/commons/proper/lang/trunk@448054 13f79535-47bb-0310-9956-ffa450edef68",2006-09
57964fe0e933187681d5f20530b453e37e5cb4bf,2006-09-20 04:31:04,prod,LANG_2_2_RC1/src/java/org/apache/commons/lang/CharSet.java,CharSet,org/apache/commons/lang,284,0,1494,259,"Tagging 2.2-rc1

git-svn-id: https://svn.apache.org/repos/asf/jakarta/commons/proper/lang/trunk@448054 13f79535-47bb-0310-9956-ffa450edef68",2006-09
57964fe0e933187681d5f20530b453e37e5cb4bf,2006-09-20 04:31:04,prod,LANG_2_2_RC1/src/java/org/apache/commons/lang/CharSetUtils.java,CharSetUtils,org/apache/commons/lang,391,0,1494,259,"Tagging 2.2-rc1

git-svn-id: https://svn.apache.org/repos/asf/jakarta/commons/proper/lang/trunk@448054 13f79535-47bb-0310-9956-ffa450edef68",2006-09
57964fe0e933187681d5f20530b453e37e5cb4bf,2006-09-20 04:31:04,prod,LANG_2_2_RC1/src/java/org/apache/commons/lang/CharUtils.java,CharUtils,org/apache/commons/lang,560,0,1494,259,"Tagging 2.2-rc1

git-svn-id: https://svn.apache.org/repos/asf/jakarta/commons/proper/lang/trunk@448054 13f79535-47bb-0310-9956-ffa450edef68",2006-09
57964fe0e933187681d5f20530b453e37e5cb4bf,2006-09-20 04:31:04,prod,LANG_2_2_RC1/src/java/org/apache/commons/lang/ClassUtils.java,ClassUtils,org/apache/commons/lang,679,0,1494,259,"Tagging 2.2-rc1

git-svn-id: https://svn.apache.org/repos/asf/jakarta/commons/proper/lang/trunk@448054 13f79535-47bb-0310-9956-ffa450edef68",2006-09
57964fe0e933187681d5f20530b453e37e5cb4bf,2006-09-20 04:31:04,prod,LANG_2_2_RC1/src/java/org/apache/commons/lang/Entities.java,Entities,org/apache/commons/lang,939,0,1494,259,"Tagging 2.2-rc1

git-svn-id: https://svn.apache.org/repos/asf/jakarta/commons/proper/lang/trunk@448054 13f79535-47bb-0310-9956-ffa450edef68",2006-09
57964fe0e933187681d5f20530b453e37e5cb4bf,2006-09-20 04:31:04,prod,LANG_2_2_RC1/src/java/org/apache/commons/lang/IllegalClassException.java,IllegalClassException,org/apache/commons/lang,103,0,1494,259,"Tagging 2.2-rc1

git-svn-id: https://svn.apache.org/repos/asf/jakarta/commons/proper/lang/trunk@448054 13f79535-47bb-0310-9956-ffa450edef68",2006-09
57964fe0e933187681d5f20530b453e37e5cb4bf,2006-09-20 04:31:04,prod,LANG_2_2_RC1/src/java/org/apache/commons/lang/IncompleteArgumentException.java,IncompleteArgumentException,org/apache/commons/lang,89,0,1494,259,"Tagging 2.2-rc1

git-svn-id: https://svn.apache.org/repos/asf/jakarta/commons/proper/lang/trunk@448054 13f79535-47bb-0310-9956-ffa450edef68",2006-09
57964fe0e933187681d5f20530b453e37e5cb4bf,2006-09-20 04:31:04,prod,LANG_2_2_RC1/src/java/org/apache/commons/lang/IntHashMap.java,IntHashMap,org/apache/commons/lang,364,0,1494,259,"Tagging 2.2-rc1

git-svn-id: https://svn.apache.org/repos/asf/jakarta/commons/proper/lang/trunk@448054 13f79535-47bb-0310-9956-ffa450edef68",2006-09
57964fe0e933187681d5f20530b453e37e5cb4bf,2006-09-20 04:31:04,prod,LANG_2_2_RC1/src/java/org/apache/commons/lang/LocaleUtils.java,LocaleUtils,org/apache/commons/lang,291,0,1494,259,"Tagging 2.2-rc1

git-svn-id: https://svn.apache.org/repos/asf/jakarta/commons/proper/lang/trunk@448054 13f79535-47bb-0310-9956-ffa450edef68",2006-09
57964fe0e933187681d5f20530b453e37e5cb4bf,2006-09-20 04:31:04,prod,LANG_2_2_RC1/src/java/org/apache/commons/lang/NotImplementedException.java,NotImplementedException,org/apache/commons/lang,295,0,1494,259,"Tagging 2.2-rc1

git-svn-id: https://svn.apache.org/repos/asf/jakarta/commons/proper/lang/trunk@448054 13f79535-47bb-0310-9956-ffa450edef68",2006-09
57964fe0e933187681d5f20530b453e37e5cb4bf,2006-09-20 04:31:04,prod,LANG_2_2_RC1/src/java/org/apache/commons/lang/NullArgumentException.java,NullArgumentException,org/apache/commons/lang,64,0,1494,259,"Tagging 2.2-rc1

git-svn-id: https://svn.apache.org/repos/asf/jakarta/commons/proper/lang/trunk@448054 13f79535-47bb-0310-9956-ffa450edef68",2006-09
57964fe0e933187681d5f20530b453e37e5cb4bf,2006-09-20 04:31:04,prod,LANG_2_2_RC1/src/java/org/apache/commons/lang/NumberRange.java,NumberRange,org/apache/commons/lang,220,0,1494,259,"Tagging 2.2-rc1

git-svn-id: https://svn.apache.org/repos/asf/jakarta/commons/proper/lang/trunk@448054 13f79535-47bb-0310-9956-ffa450edef68",2006-09
57964fe0e933187681d5f20530b453e37e5cb4bf,2006-09-20 04:31:04,prod,LANG_2_2_RC1/src/java/org/apache/commons/lang/NumberUtils.java,NumberUtils,org/apache/commons/lang,714,0,1494,259,"Tagging 2.2-rc1

git-svn-id: https://svn.apache.org/repos/asf/jakarta/commons/proper/lang/trunk@448054 13f79535-47bb-0310-9956-ffa450edef68",2006-09
57964fe0e933187681d5f20530b453e37e5cb4bf,2006-09-20 04:31:04,prod,LANG_2_2_RC1/src/java/org/apache/commons/lang/ObjectUtils.java,ObjectUtils,org/apache/commons/lang,280,0,1494,259,"Tagging 2.2-rc1

git-svn-id: https://svn.apache.org/repos/asf/jakarta/commons/proper/lang/trunk@448054 13f79535-47bb-0310-9956-ffa450edef68",2006-09
57964fe0e933187681d5f20530b453e37e5cb4bf,2006-09-20 04:31:04,prod,LANG_2_2_RC1/src/java/org/apache/commons/lang/RandomStringUtils.java,RandomStringUtils,org/apache/commons/lang,327,0,1494,259,"Tagging 2.2-rc1

git-svn-id: https://svn.apache.org/repos/asf/jakarta/commons/proper/lang/trunk@448054 13f79535-47bb-0310-9956-ffa450edef68",2006-09
57964fe0e933187681d5f20530b453e37e5cb4bf,2006-09-20 04:31:04,prod,LANG_2_2_RC1/src/java/org/apache/commons/lang/SerializationException.java,SerializationException,org/apache/commons/lang,80,0,1494,259,"Tagging 2.2-rc1

git-svn-id: https://svn.apache.org/repos/asf/jakarta/commons/proper/lang/trunk@448054 13f79535-47bb-0310-9956-ffa450edef68",2006-09
57964fe0e933187681d5f20530b453e37e5cb4bf,2006-09-20 04:31:04,prod,LANG_2_2_RC1/src/java/org/apache/commons/lang/SerializationUtils.java,SerializationUtils,org/apache/commons/lang,195,0,1494,259,"Tagging 2.2-rc1

git-svn-id: https://svn.apache.org/repos/asf/jakarta/commons/proper/lang/trunk@448054 13f79535-47bb-0310-9956-ffa450edef68",2006-09
57964fe0e933187681d5f20530b453e37e5cb4bf,2006-09-20 04:31:04,prod,LANG_2_2_RC1/src/java/org/apache/commons/lang/StringEscapeUtils.java,StringEscapeUtils,org/apache/commons/lang,689,0,1494,259,"Tagging 2.2-rc1

git-svn-id: https://svn.apache.org/repos/asf/jakarta/commons/proper/lang/trunk@448054 13f79535-47bb-0310-9956-ffa450edef68",2006-09
57964fe0e933187681d5f20530b453e37e5cb4bf,2006-09-20 04:31:04,prod,LANG_2_2_RC1/src/java/org/apache/commons/lang/StringUtils.java,StringUtils,org/apache/commons/lang,4864,0,1494,259,"Tagging 2.2-rc1

git-svn-id: https://svn.apache.org/repos/asf/jakarta/commons/proper/lang/trunk@448054 13f79535-47bb-0310-9956-ffa450edef68",2006-09
57964fe0e933187681d5f20530b453e37e5cb4bf,2006-09-20 04:31:04,prod,LANG_2_2_RC1/src/java/org/apache/commons/lang/SystemUtils.java,SystemUtils,org/apache/commons/lang,1350,0,1494,259,"Tagging 2.2-rc1

git-svn-id: https://svn.apache.org/repos/asf/jakarta/commons/proper/lang/trunk@448054 13f79535-47bb-0310-9956-ffa450edef68",2006-09
57964fe0e933187681d5f20530b453e37e5cb4bf,2006-09-20 04:31:04,prod,LANG_2_2_RC1/src/java/org/apache/commons/lang/UnhandledException.java,UnhandledException,org/apache/commons/lang,73,0,1494,259,"Tagging 2.2-rc1

git-svn-id: https://svn.apache.org/repos/asf/jakarta/commons/proper/lang/trunk@448054 13f79535-47bb-0310-9956-ffa450edef68",2006-09
57964fe0e933187681d5f20530b453e37e5cb4bf,2006-09-20 04:31:04,prod,LANG_2_2_RC1/src/java/org/apache/commons/lang/Validate.java,Validate,org/apache/commons/lang,554,0,1494,259,"Tagging 2.2-rc1

git-svn-id: https://svn.apache.org/repos/asf/jakarta/commons/proper/lang/trunk@448054 13f79535-47bb-0310-9956-ffa450edef68",2006-09
57964fe0e933187681d5f20530b453e37e5cb4bf,2006-09-20 04:31:04,prod,LANG_2_2_RC1/src/java/org/apache/commons/lang/WordUtils.java,WordUtils,org/apache/commons/lang,585,0,1494,259,"Tagging 2.2-rc1

git-svn-id: https://svn.apache.org/repos/asf/jakarta/commons/proper/lang/trunk@448054 13f79535-47bb-0310-9956-ffa450edef68",2006-09
57964fe0e933187681d5f20530b453e37e5cb4bf,2006-09-20 04:31:04,prod,LANG_2_2_RC1/src/java/org/apache/commons/lang/builder/CompareToBuilder.java,CompareToBuilder,org/apache/commons/lang/builder,1047,0,1494,259,"Tagging 2.2-rc1

git-svn-id: https://svn.apache.org/repos/asf/jakarta/commons/proper/lang/trunk@448054 13f79535-47bb-0310-9956-ffa450edef68",2006-09
57964fe0e933187681d5f20530b453e37e5cb4bf,2006-09-20 04:31:04,prod,LANG_2_2_RC1/src/java/org/apache/commons/lang/builder/EqualsBuilder.java,EqualsBuilder,org/apache/commons/lang/builder,844,0,1494,259,"Tagging 2.2-rc1

git-svn-id: https://svn.apache.org/repos/asf/jakarta/commons/proper/lang/trunk@448054 13f79535-47bb-0310-9956-ffa450edef68",2006-09
57964fe0e933187681d5f20530b453e37e5cb4bf,2006-09-20 04:31:04,prod,LANG_2_2_RC1/src/java/org/apache/commons/lang/builder/HashCodeBuilder.java,HashCodeBuilder,org/apache/commons/lang/builder,704,0,1494,259,"Tagging 2.2-rc1

git-svn-id: https://svn.apache.org/repos/asf/jakarta/commons/proper/lang/trunk@448054 13f79535-47bb-0310-9956-ffa450edef68",2006-09
57964fe0e933187681d5f20530b453e37e5cb4bf,2006-09-20 04:31:04,prod,LANG_2_2_RC1/src/java/org/apache/commons/lang/builder/ReflectionToStringBuilder.java,ReflectionToStringBuilder,org/apache/commons/lang/builder,883,0,1494,259,"Tagging 2.2-rc1

git-svn-id: https://svn.apache.org/repos/asf/jakarta/commons/proper/lang/trunk@448054 13f79535-47bb-0310-9956-ffa450edef68",2006-09
57964fe0e933187681d5f20530b453e37e5cb4bf,2006-09-20 04:31:04,prod,LANG_2_2_RC1/src/java/org/apache/commons/lang/builder/StandardToStringStyle.java,StandardToStringStyle,org/apache/commons/lang/builder,545,0,1494,259,"Tagging 2.2-rc1

git-svn-id: https://svn.apache.org/repos/asf/jakarta/commons/proper/lang/trunk@448054 13f79535-47bb-0310-9956-ffa450edef68",2006-09
57964fe0e933187681d5f20530b453e37e5cb4bf,2006-09-20 04:31:04,prod,LANG_2_2_RC1/src/java/org/apache/commons/lang/builder/ToStringBuilder.java,ToStringBuilder,org/apache/commons/lang/builder,1043,0,1494,259,"Tagging 2.2-rc1

git-svn-id: https://svn.apache.org/repos/asf/jakarta/commons/proper/lang/trunk@448054 13f79535-47bb-0310-9956-ffa450edef68",2006-09
57964fe0e933187681d5f20530b453e37e5cb4bf,2006-09-20 04:31:04,prod,LANG_2_2_RC1/src/java/org/apache/commons/lang/builder/ToStringStyle.java,ToStringStyle,org/apache/commons/lang/builder,2151,0,1494,259,"Tagging 2.2-rc1

git-svn-id: https://svn.apache.org/repos/asf/jakarta/commons/proper/lang/trunk@448054 13f79535-47bb-0310-9956-ffa450edef68",2006-09
57964fe0e933187681d5f20530b453e37e5cb4bf,2006-09-20 04:31:04,prod,LANG_2_2_RC1/src/java/org/apache/commons/lang/enum/Enum.java,Enum,org/apache/commons/lang/enum,631,0,1494,259,"Tagging 2.2-rc1

git-svn-id: https://svn.apache.org/repos/asf/jakarta/commons/proper/lang/trunk@448054 13f79535-47bb-0310-9956-ffa450edef68",2006-09
57964fe0e933187681d5f20530b453e37e5cb4bf,2006-09-20 04:31:04,prod,LANG_2_2_RC1/src/java/org/apache/commons/lang/enum/EnumUtils.java,EnumUtils,org/apache/commons/lang/enum,128,0,1494,259,"Tagging 2.2-rc1

git-svn-id: https://svn.apache.org/repos/asf/jakarta/commons/proper/lang/trunk@448054 13f79535-47bb-0310-9956-ffa450edef68",2006-09
57964fe0e933187681d5f20530b453e37e5cb4bf,2006-09-20 04:31:04,prod,LANG_2_2_RC1/src/java/org/apache/commons/lang/enum/ValuedEnum.java,ValuedEnum,org/apache/commons/lang/enum,196,0,1494,259,"Tagging 2.2-rc1

git-svn-id: https://svn.apache.org/repos/asf/jakarta/commons/proper/lang/trunk@448054 13f79535-47bb-0310-9956-ffa450edef68",2006-09
57964fe0e933187681d5f20530b453e37e5cb4bf,2006-09-20 04:31:04,prod,LANG_2_2_RC1/src/java/org/apache/commons/lang/enums/Enum.java,Enum,org/apache/commons/lang/enums,630,0,1494,259,"Tagging 2.2-rc1

git-svn-id: https://svn.apache.org/repos/asf/jakarta/commons/proper/lang/trunk@448054 13f79535-47bb-0310-9956-ffa450edef68",2006-09
57964fe0e933187681d5f20530b453e37e5cb4bf,2006-09-20 04:31:04,prod,LANG_2_2_RC1/src/java/org/apache/commons/lang/enums/EnumUtils.java,EnumUtils,org/apache/commons/lang/enums,124,0,1494,259,"Tagging 2.2-rc1

git-svn-id: https://svn.apache.org/repos/asf/jakarta/commons/proper/lang/trunk@448054 13f79535-47bb-0310-9956-ffa450edef68",2006-09
57964fe0e933187681d5f20530b453e37e5cb4bf,2006-09-20 04:31:04,prod,LANG_2_2_RC1/src/java/org/apache/commons/lang/enums/ValuedEnum.java,ValuedEnum,org/apache/commons/lang/enums,232,0,1494,259,"Tagging 2.2-rc1

git-svn-id: https://svn.apache.org/repos/asf/jakarta/commons/proper/lang/trunk@448054 13f79535-47bb-0310-9956-ffa450edef68",2006-09
57964fe0e933187681d5f20530b453e37e5cb4bf,2006-09-20 04:31:04,prod,LANG_2_2_RC1/src/java/org/apache/commons/lang/exception/ExceptionUtils.java,ExceptionUtils,org/apache/commons/lang/exception,995,0,1494,259,"Tagging 2.2-rc1

git-svn-id: https://svn.apache.org/repos/asf/jakarta/commons/proper/lang/trunk@448054 13f79535-47bb-0310-9956-ffa450edef68",2006-09
57964fe0e933187681d5f20530b453e37e5cb4bf,2006-09-20 04:31:04,prod,LANG_2_2_RC1/src/java/org/apache/commons/lang/exception/Nestable.java,Nestable,org/apache/commons/lang/exception,178,0,1494,259,"Tagging 2.2-rc1

git-svn-id: https://svn.apache.org/repos/asf/jakarta/commons/proper/lang/trunk@448054 13f79535-47bb-0310-9956-ffa450edef68",2006-09
57964fe0e933187681d5f20530b453e37e5cb4bf,2006-09-20 04:31:04,prod,LANG_2_2_RC1/src/java/org/apache/commons/lang/exception/NestableDelegate.java,NestableDelegate,org/apache/commons/lang/exception,404,0,1494,259,"Tagging 2.2-rc1

git-svn-id: https://svn.apache.org/repos/asf/jakarta/commons/proper/lang/trunk@448054 13f79535-47bb-0310-9956-ffa450edef68",2006-09
57964fe0e933187681d5f20530b453e37e5cb4bf,2006-09-20 04:31:04,prod,LANG_2_2_RC1/src/java/org/apache/commons/lang/exception/NestableError.java,NestableError,org/apache/commons/lang/exception,198,0,1494,259,"Tagging 2.2-rc1

git-svn-id: https://svn.apache.org/repos/asf/jakarta/commons/proper/lang/trunk@448054 13f79535-47bb-0310-9956-ffa450edef68",2006-09
57964fe0e933187681d5f20530b453e37e5cb4bf,2006-09-20 04:31:04,prod,LANG_2_2_RC1/src/java/org/apache/commons/lang/exception/NestableException.java,NestableException,org/apache/commons/lang/exception,259,0,1494,259,"Tagging 2.2-rc1

git-svn-id: https://svn.apache.org/repos/asf/jakarta/commons/proper/lang/trunk@448054 13f79535-47bb-0310-9956-ffa450edef68",2006-09
57964fe0e933187681d5f20530b453e37e5cb4bf,2006-09-20 04:31:04,prod,LANG_2_2_RC1/src/java/org/apache/commons/lang/exception/NestableRuntimeException.java,NestableRuntimeException,org/apache/commons/lang/exception,203,0,1494,259,"Tagging 2.2-rc1

git-svn-id: https://svn.apache.org/repos/asf/jakarta/commons/proper/lang/trunk@448054 13f79535-47bb-0310-9956-ffa450edef68",2006-09
57964fe0e933187681d5f20530b453e37e5cb4bf,2006-09-20 04:31:04,prod,LANG_2_2_RC1/src/java/org/apache/commons/lang/math/DoubleRange.java,DoubleRange,org/apache/commons/lang/math,416,0,1494,259,"Tagging 2.2-rc1

git-svn-id: https://svn.apache.org/repos/asf/jakarta/commons/proper/lang/trunk@448054 13f79535-47bb-0310-9956-ffa450edef68",2006-09
57964fe0e933187681d5f20530b453e37e5cb4bf,2006-09-20 04:31:04,prod,LANG_2_2_RC1/src/java/org/apache/commons/lang/math/FloatRange.java,FloatRange,org/apache/commons/lang/math,410,0,1494,259,"Tagging 2.2-rc1

git-svn-id: https://svn.apache.org/repos/asf/jakarta/commons/proper/lang/trunk@448054 13f79535-47bb-0310-9956-ffa450edef68",2006-09
57964fe0e933187681d5f20530b453e37e5cb4bf,2006-09-20 04:31:04,prod,LANG_2_2_RC1/src/java/org/apache/commons/lang/math/Fraction.java,Fraction,org/apache/commons/lang/math,941,0,1494,259,"Tagging 2.2-rc1

git-svn-id: https://svn.apache.org/repos/asf/jakarta/commons/proper/lang/trunk@448054 13f79535-47bb-0310-9956-ffa450edef68",2006-09
57964fe0e933187681d5f20530b453e37e5cb4bf,2006-09-20 04:31:04,prod,LANG_2_2_RC1/src/java/org/apache/commons/lang/math/IntRange.java,IntRange,org/apache/commons/lang/math,384,0,1494,259,"Tagging 2.2-rc1

git-svn-id: https://svn.apache.org/repos/asf/jakarta/commons/proper/lang/trunk@448054 13f79535-47bb-0310-9956-ffa450edef68",2006-09
57964fe0e933187681d5f20530b453e37e5cb4bf,2006-09-20 04:31:04,prod,LANG_2_2_RC1/src/java/org/apache/commons/lang/math/JVMRandom.java,JVMRandom,org/apache/commons/lang/math,170,0,1494,259,"Tagging 2.2-rc1

git-svn-id: https://svn.apache.org/repos/asf/jakarta/commons/proper/lang/trunk@448054 13f79535-47bb-0310-9956-ffa450edef68",2006-09
57964fe0e933187681d5f20530b453e37e5cb4bf,2006-09-20 04:31:04,prod,LANG_2_2_RC1/src/java/org/apache/commons/lang/math/LongRange.java,LongRange,org/apache/commons/lang/math,397,0,1494,259,"Tagging 2.2-rc1

git-svn-id: https://svn.apache.org/repos/asf/jakarta/commons/proper/lang/trunk@448054 13f79535-47bb-0310-9956-ffa450edef68",2006-09
57964fe0e933187681d5f20530b453e37e5cb4bf,2006-09-20 04:31:04,prod,LANG_2_2_RC1/src/java/org/apache/commons/lang/math/NumberRange.java,NumberRange,org/apache/commons/lang/math,242,0,1494,259,"Tagging 2.2-rc1

git-svn-id: https://svn.apache.org/repos/asf/jakarta/commons/proper/lang/trunk@448054 13f79535-47bb-0310-9956-ffa450edef68",2006-09
57964fe0e933187681d5f20530b453e37e5cb4bf,2006-09-20 04:31:04,prod,LANG_2_2_RC1/src/java/org/apache/commons/lang/math/NumberUtils.java,NumberUtils,org/apache/commons/lang/math,1410,0,1494,259,"Tagging 2.2-rc1

git-svn-id: https://svn.apache.org/repos/asf/jakarta/commons/proper/lang/trunk@448054 13f79535-47bb-0310-9956-ffa450edef68",2006-09
57964fe0e933187681d5f20530b453e37e5cb4bf,2006-09-20 04:31:04,prod,LANG_2_2_RC1/src/java/org/apache/commons/lang/math/RandomUtils.java,RandomUtils,org/apache/commons/lang/math,180,0,1494,259,"Tagging 2.2-rc1

git-svn-id: https://svn.apache.org/repos/asf/jakarta/commons/proper/lang/trunk@448054 13f79535-47bb-0310-9956-ffa450edef68",2006-09
57964fe0e933187681d5f20530b453e37e5cb4bf,2006-09-20 04:31:04,prod,LANG_2_2_RC1/src/java/org/apache/commons/lang/math/Range.java,Range,org/apache/commons/lang/math,431,0,1494,259,"Tagging 2.2-rc1

git-svn-id: https://svn.apache.org/repos/asf/jakarta/commons/proper/lang/trunk@448054 13f79535-47bb-0310-9956-ffa450edef68",2006-09
57964fe0e933187681d5f20530b453e37e5cb4bf,2006-09-20 04:31:04,prod,LANG_2_2_RC1/src/java/org/apache/commons/lang/mutable/Mutable.java,Mutable,org/apache/commons/lang/mutable,54,0,1494,259,"Tagging 2.2-rc1

git-svn-id: https://svn.apache.org/repos/asf/jakarta/commons/proper/lang/trunk@448054 13f79535-47bb-0310-9956-ffa450edef68",2006-09
57964fe0e933187681d5f20530b453e37e5cb4bf,2006-09-20 04:31:04,prod,LANG_2_2_RC1/src/java/org/apache/commons/lang/mutable/MutableBoolean.java,MutableBoolean,org/apache/commons/lang/mutable,170,0,1494,259,"Tagging 2.2-rc1

git-svn-id: https://svn.apache.org/repos/asf/jakarta/commons/proper/lang/trunk@448054 13f79535-47bb-0310-9956-ffa450edef68",2006-09
57964fe0e933187681d5f20530b453e37e5cb4bf,2006-09-20 04:31:04,prod,LANG_2_2_RC1/src/java/org/apache/commons/lang/mutable/MutableByte.java,MutableByte,org/apache/commons/lang/mutable,281,0,1494,259,"Tagging 2.2-rc1

git-svn-id: https://svn.apache.org/repos/asf/jakarta/commons/proper/lang/trunk@448054 13f79535-47bb-0310-9956-ffa450edef68",2006-09
57964fe0e933187681d5f20530b453e37e5cb4bf,2006-09-20 04:31:04,prod,LANG_2_2_RC1/src/java/org/apache/commons/lang/mutable/MutableDouble.java,MutableDouble,org/apache/commons/lang/mutable,312,0,1494,259,"Tagging 2.2-rc1

git-svn-id: https://svn.apache.org/repos/asf/jakarta/commons/proper/lang/trunk@448054 13f79535-47bb-0310-9956-ffa450edef68",2006-09
57964fe0e933187681d5f20530b453e37e5cb4bf,2006-09-20 04:31:04,prod,LANG_2_2_RC1/src/java/org/apache/commons/lang/mutable/MutableFloat.java,MutableFloat,org/apache/commons/lang/mutable,313,0,1494,259,"Tagging 2.2-rc1

git-svn-id: https://svn.apache.org/repos/asf/jakarta/commons/proper/lang/trunk@448054 13f79535-47bb-0310-9956-ffa450edef68",2006-09
57964fe0e933187681d5f20530b453e37e5cb4bf,2006-09-20 04:31:04,prod,LANG_2_2_RC1/src/java/org/apache/commons/lang/mutable/MutableInt.java,MutableInt,org/apache/commons/lang/mutable,272,0,1494,259,"Tagging 2.2-rc1

git-svn-id: https://svn.apache.org/repos/asf/jakarta/commons/proper/lang/trunk@448054 13f79535-47bb-0310-9956-ffa450edef68",2006-09
57964fe0e933187681d5f20530b453e37e5cb4bf,2006-09-20 04:31:04,prod,LANG_2_2_RC1/src/java/org/apache/commons/lang/mutable/MutableLong.java,MutableLong,org/apache/commons/lang/mutable,272,0,1494,259,"Tagging 2.2-rc1

git-svn-id: https://svn.apache.org/repos/asf/jakarta/commons/proper/lang/trunk@448054 13f79535-47bb-0310-9956-ffa450edef68",2006-09
57964fe0e933187681d5f20530b453e37e5cb4bf,2006-09-20 04:31:04,prod,LANG_2_2_RC1/src/java/org/apache/commons/lang/mutable/MutableObject.java,MutableObject,org/apache/commons/lang/mutable,114,0,1494,259,"Tagging 2.2-rc1

git-svn-id: https://svn.apache.org/repos/asf/jakarta/commons/proper/lang/trunk@448054 13f79535-47bb-0310-9956-ffa450edef68",2006-09
57964fe0e933187681d5f20530b453e37e5cb4bf,2006-09-20 04:31:04,prod,LANG_2_2_RC1/src/java/org/apache/commons/lang/mutable/MutableShort.java,MutableShort,org/apache/commons/lang/mutable,281,0,1494,259,"Tagging 2.2-rc1

git-svn-id: https://svn.apache.org/repos/asf/jakarta/commons/proper/lang/trunk@448054 13f79535-47bb-0310-9956-ffa450edef68",2006-09
57964fe0e933187681d5f20530b453e37e5cb4bf,2006-09-20 04:31:04,prod,LANG_2_2_RC1/src/java/org/apache/commons/lang/text/CompositeFormat.java,CompositeFormat,org/apache/commons/lang/text,105,0,1494,259,"Tagging 2.2-rc1

git-svn-id: https://svn.apache.org/repos/asf/jakarta/commons/proper/lang/trunk@448054 13f79535-47bb-0310-9956-ffa450edef68",2006-09
57964fe0e933187681d5f20530b453e37e5cb4bf,2006-09-20 04:31:04,prod,LANG_2_2_RC1/src/java/org/apache/commons/lang/text/StrBuilder.java,StrBuilder,org/apache/commons/lang/text,2363,0,1494,259,"Tagging 2.2-rc1

git-svn-id: https://svn.apache.org/repos/asf/jakarta/commons/proper/lang/trunk@448054 13f79535-47bb-0310-9956-ffa450edef68",2006-09
57964fe0e933187681d5f20530b453e37e5cb4bf,2006-09-20 04:31:04,prod,LANG_2_2_RC1/src/java/org/apache/commons/lang/text/StrLookup.java,StrLookup,org/apache/commons/lang/text,161,0,1494,259,"Tagging 2.2-rc1

git-svn-id: https://svn.apache.org/repos/asf/jakarta/commons/proper/lang/trunk@448054 13f79535-47bb-0310-9956-ffa450edef68",2006-09
57964fe0e933187681d5f20530b453e37e5cb4bf,2006-09-20 04:31:04,prod,LANG_2_2_RC1/src/java/org/apache/commons/lang/text/StrMatcher.java,StrMatcher,org/apache/commons/lang/text,406,0,1494,259,"Tagging 2.2-rc1

git-svn-id: https://svn.apache.org/repos/asf/jakarta/commons/proper/lang/trunk@448054 13f79535-47bb-0310-9956-ffa450edef68",2006-09
57964fe0e933187681d5f20530b453e37e5cb4bf,2006-09-20 04:31:04,prod,LANG_2_2_RC1/src/java/org/apache/commons/lang/text/StrSubstitutor.java,StrSubstitutor,org/apache/commons/lang/text,830,0,1494,259,"Tagging 2.2-rc1

git-svn-id: https://svn.apache.org/repos/asf/jakarta/commons/proper/lang/trunk@448054 13f79535-47bb-0310-9956-ffa450edef68",2006-09
57964fe0e933187681d5f20530b453e37e5cb4bf,2006-09-20 04:31:04,prod,LANG_2_2_RC1/src/java/org/apache/commons/lang/text/StrTokenizer.java,StrTokenizer,org/apache/commons/lang/text,1124,0,1494,259,"Tagging 2.2-rc1

git-svn-id: https://svn.apache.org/repos/asf/jakarta/commons/proper/lang/trunk@448054 13f79535-47bb-0310-9956-ffa450edef68",2006-09
57964fe0e933187681d5f20530b453e37e5cb4bf,2006-09-20 04:31:04,prod,LANG_2_2_RC1/src/java/org/apache/commons/lang/time/DateFormatUtils.java,DateFormatUtils,org/apache/commons/lang/time,262,0,1494,259,"Tagging 2.2-rc1

git-svn-id: https://svn.apache.org/repos/asf/jakarta/commons/proper/lang/trunk@448054 13f79535-47bb-0310-9956-ffa450edef68",2006-09
57964fe0e933187681d5f20530b453e37e5cb4bf,2006-09-20 04:31:04,prod,LANG_2_2_RC1/src/java/org/apache/commons/lang/time/DateUtils.java,DateUtils,org/apache/commons/lang/time,990,0,1494,259,"Tagging 2.2-rc1

git-svn-id: https://svn.apache.org/repos/asf/jakarta/commons/proper/lang/trunk@448054 13f79535-47bb-0310-9956-ffa450edef68",2006-09
57964fe0e933187681d5f20530b453e37e5cb4bf,2006-09-20 04:31:04,prod,LANG_2_2_RC1/src/java/org/apache/commons/lang/time/DurationFormatUtils.java,DurationFormatUtils,org/apache/commons/lang/time,643,0,1494,259,"Tagging 2.2-rc1

git-svn-id: https://svn.apache.org/repos/asf/jakarta/commons/proper/lang/trunk@448054 13f79535-47bb-0310-9956-ffa450edef68",2006-09
57964fe0e933187681d5f20530b453e37e5cb4bf,2006-09-20 04:31:04,prod,LANG_2_2_RC1/src/java/org/apache/commons/lang/time/FastDateFormat.java,FastDateFormat,org/apache/commons/lang/time,1734,0,1494,259,"Tagging 2.2-rc1

git-svn-id: https://svn.apache.org/repos/asf/jakarta/commons/proper/lang/trunk@448054 13f79535-47bb-0310-9956-ffa450edef68",2006-09
57964fe0e933187681d5f20530b453e37e5cb4bf,2006-09-20 04:31:04,prod,LANG_2_2_RC1/src/java/org/apache/commons/lang/time/StopWatch.java,StopWatch,org/apache/commons/lang/time,264,0,1494,259,"Tagging 2.2-rc1

git-svn-id: https://svn.apache.org/repos/asf/jakarta/commons/proper/lang/trunk@448054 13f79535-47bb-0310-9956-ffa450edef68",2006-09
57964fe0e933187681d5f20530b453e37e5cb4bf,2006-09-20 04:31:04,test,LANG_2_2_RC1/src/test/org/apache/commons/lang/ArrayUtilsAddTest.java,ArrayUtilsAddTest,org/apache/commons/lang,574,0,1494,259,"Tagging 2.2-rc1

git-svn-id: https://svn.apache.org/repos/asf/jakarta/commons/proper/lang/trunk@448054 13f79535-47bb-0310-9956-ffa450edef68",2006-09
57964fe0e933187681d5f20530b453e37e5cb4bf,2006-09-20 04:31:04,test,LANG_2_2_RC1/src/test/org/apache/commons/lang/ArrayUtilsRemoveTest.java,ArrayUtilsRemoveTest,org/apache/commons/lang,458,0,1494,259,"Tagging 2.2-rc1

git-svn-id: https://svn.apache.org/repos/asf/jakarta/commons/proper/lang/trunk@448054 13f79535-47bb-0310-9956-ffa450edef68",2006-09
57964fe0e933187681d5f20530b453e37e5cb4bf,2006-09-20 04:31:04,test,LANG_2_2_RC1/src/test/org/apache/commons/lang/ArrayUtilsTest.java,ArrayUtilsTest,org/apache/commons/lang,2553,0,1494,259,"Tagging 2.2-rc1

git-svn-id: https://svn.apache.org/repos/asf/jakarta/commons/proper/lang/trunk@448054 13f79535-47bb-0310-9956-ffa450edef68",2006-09
57964fe0e933187681d5f20530b453e37e5cb4bf,2006-09-20 04:31:04,test,LANG_2_2_RC1/src/test/org/apache/commons/lang/BitFieldTest.java,BitFieldTest,org/apache/commons/lang,267,0,1494,259,"Tagging 2.2-rc1

git-svn-id: https://svn.apache.org/repos/asf/jakarta/commons/proper/lang/trunk@448054 13f79535-47bb-0310-9956-ffa450edef68",2006-09
57964fe0e933187681d5f20530b453e37e5cb4bf,2006-09-20 04:31:04,test,LANG_2_2_RC1/src/test/org/apache/commons/lang/BooleanUtilsTest.java,BooleanUtilsTest,org/apache/commons/lang,580,0,1494,259,"Tagging 2.2-rc1

git-svn-id: https://svn.apache.org/repos/asf/jakarta/commons/proper/lang/trunk@448054 13f79535-47bb-0310-9956-ffa450edef68",2006-09
57964fe0e933187681d5f20530b453e37e5cb4bf,2006-09-20 04:31:04,test,LANG_2_2_RC1/src/test/org/apache/commons/lang/CharEncodingTest.java,CharEncodingTest,org/apache/commons/lang,108,0,1494,259,"Tagging 2.2-rc1

git-svn-id: https://svn.apache.org/repos/asf/jakarta/commons/proper/lang/trunk@448054 13f79535-47bb-0310-9956-ffa450edef68",2006-09
57964fe0e933187681d5f20530b453e37e5cb4bf,2006-09-20 04:31:04,test,LANG_2_2_RC1/src/test/org/apache/commons/lang/CharRangeTest.java,CharRangeTest,org/apache/commons/lang,373,0,1494,259,"Tagging 2.2-rc1

git-svn-id: https://svn.apache.org/repos/asf/jakarta/commons/proper/lang/trunk@448054 13f79535-47bb-0310-9956-ffa450edef68",2006-09
57964fe0e933187681d5f20530b453e37e5cb4bf,2006-09-20 04:31:04,test,LANG_2_2_RC1/src/test/org/apache/commons/lang/CharSetTest.java,CharSetTest,org/apache/commons/lang,469,0,1494,259,"Tagging 2.2-rc1

git-svn-id: https://svn.apache.org/repos/asf/jakarta/commons/proper/lang/trunk@448054 13f79535-47bb-0310-9956-ffa450edef68",2006-09
57964fe0e933187681d5f20530b453e37e5cb4bf,2006-09-20 04:31:04,test,LANG_2_2_RC1/src/test/org/apache/commons/lang/CharSetUtilsTest.java,CharSetUtilsTest,org/apache/commons/lang,277,0,1494,259,"Tagging 2.2-rc1

git-svn-id: https://svn.apache.org/repos/asf/jakarta/commons/proper/lang/trunk@448054 13f79535-47bb-0310-9956-ffa450edef68",2006-09
57964fe0e933187681d5f20530b453e37e5cb4bf,2006-09-20 04:31:04,test,LANG_2_2_RC1/src/test/org/apache/commons/lang/CharUtilsPerfTest.java,CharUtilsPerfTest,org/apache/commons/lang,165,0,1494,259,"Tagging 2.2-rc1

git-svn-id: https://svn.apache.org/repos/asf/jakarta/commons/proper/lang/trunk@448054 13f79535-47bb-0310-9956-ffa450edef68",2006-09
57964fe0e933187681d5f20530b453e37e5cb4bf,2006-09-20 04:31:04,test,LANG_2_2_RC1/src/test/org/apache/commons/lang/CharUtilsTest.java,CharUtilsTest,org/apache/commons/lang,370,0,1494,259,"Tagging 2.2-rc1

git-svn-id: https://svn.apache.org/repos/asf/jakarta/commons/proper/lang/trunk@448054 13f79535-47bb-0310-9956-ffa450edef68",2006-09
57964fe0e933187681d5f20530b453e37e5cb4bf,2006-09-20 04:31:04,test,LANG_2_2_RC1/src/test/org/apache/commons/lang/ClassUtilsTest.java,ClassUtilsTest,org/apache/commons/lang,559,0,1494,259,"Tagging 2.2-rc1

git-svn-id: https://svn.apache.org/repos/asf/jakarta/commons/proper/lang/trunk@448054 13f79535-47bb-0310-9956-ffa450edef68",2006-09
57964fe0e933187681d5f20530b453e37e5cb4bf,2006-09-20 04:31:04,test,LANG_2_2_RC1/src/test/org/apache/commons/lang/EntitiesPerformanceTest.java,EntitiesPerformanceTest,org/apache/commons/lang,218,0,1494,259,"Tagging 2.2-rc1

git-svn-id: https://svn.apache.org/repos/asf/jakarta/commons/proper/lang/trunk@448054 13f79535-47bb-0310-9956-ffa450edef68",2006-09
57964fe0e933187681d5f20530b453e37e5cb4bf,2006-09-20 04:31:04,test,LANG_2_2_RC1/src/test/org/apache/commons/lang/EntitiesTest.java,EntitiesTest,org/apache/commons/lang,201,0,1494,259,"Tagging 2.2-rc1

git-svn-id: https://svn.apache.org/repos/asf/jakarta/commons/proper/lang/trunk@448054 13f79535-47bb-0310-9956-ffa450edef68",2006-09
57964fe0e933187681d5f20530b453e37e5cb4bf,2006-09-20 04:31:04,test,LANG_2_2_RC1/src/test/org/apache/commons/lang/IllegalClassExceptionTest.java,IllegalClassExceptionTest,org/apache/commons/lang,118,0,1494,259,"Tagging 2.2-rc1

git-svn-id: https://svn.apache.org/repos/asf/jakarta/commons/proper/lang/trunk@448054 13f79535-47bb-0310-9956-ffa450edef68",2006-09
57964fe0e933187681d5f20530b453e37e5cb4bf,2006-09-20 04:31:04,test,LANG_2_2_RC1/src/test/org/apache/commons/lang/IncompleteArgumentExceptionTest.java,IncompleteArgumentExceptionTest,org/apache/commons/lang,94,0,1494,259,"Tagging 2.2-rc1

git-svn-id: https://svn.apache.org/repos/asf/jakarta/commons/proper/lang/trunk@448054 13f79535-47bb-0310-9956-ffa450edef68",2006-09
57964fe0e933187681d5f20530b453e37e5cb4bf,2006-09-20 04:31:04,test,LANG_2_2_RC1/src/test/org/apache/commons/lang/IntHashMapTest.java,IntHashMapTest,org/apache/commons/lang,142,0,1494,259,"Tagging 2.2-rc1

git-svn-id: https://svn.apache.org/repos/asf/jakarta/commons/proper/lang/trunk@448054 13f79535-47bb-0310-9956-ffa450edef68",2006-09
57964fe0e933187681d5f20530b453e37e5cb4bf,2006-09-20 04:31:04,test,LANG_2_2_RC1/src/test/org/apache/commons/lang/LocaleUtilsTest.java,LocaleUtilsTest,org/apache/commons/lang,489,0,1494,259,"Tagging 2.2-rc1

git-svn-id: https://svn.apache.org/repos/asf/jakarta/commons/proper/lang/trunk@448054 13f79535-47bb-0310-9956-ffa450edef68",2006-09
57964fe0e933187681d5f20530b453e37e5cb4bf,2006-09-20 04:31:04,test,LANG_2_2_RC1/src/test/org/apache/commons/lang/NotImplementedExceptionTest.java,NotImplementedExceptionTest,org/apache/commons/lang,200,0,1494,259,"Tagging 2.2-rc1

git-svn-id: https://svn.apache.org/repos/asf/jakarta/commons/proper/lang/trunk@448054 13f79535-47bb-0310-9956-ffa450edef68",2006-09
57964fe0e933187681d5f20530b453e37e5cb4bf,2006-09-20 04:31:04,test,LANG_2_2_RC1/src/test/org/apache/commons/lang/NullArgumentExceptionTest.java,NullArgumentExceptionTest,org/apache/commons/lang,66,0,1494,259,"Tagging 2.2-rc1

git-svn-id: https://svn.apache.org/repos/asf/jakarta/commons/proper/lang/trunk@448054 13f79535-47bb-0310-9956-ffa450edef68",2006-09
57964fe0e933187681d5f20530b453e37e5cb4bf,2006-09-20 04:31:04,test,LANG_2_2_RC1/src/test/org/apache/commons/lang/NumberRangeTest.java,NumberRangeTest,org/apache/commons/lang,245,0,1494,259,"Tagging 2.2-rc1

git-svn-id: https://svn.apache.org/repos/asf/jakarta/commons/proper/lang/trunk@448054 13f79535-47bb-0310-9956-ffa450edef68",2006-09
57964fe0e933187681d5f20530b453e37e5cb4bf,2006-09-20 04:31:04,test,LANG_2_2_RC1/src/test/org/apache/commons/lang/NumberUtilsTest.java,NumberUtilsTest,org/apache/commons/lang,524,0,1494,259,"Tagging 2.2-rc1

git-svn-id: https://svn.apache.org/repos/asf/jakarta/commons/proper/lang/trunk@448054 13f79535-47bb-0310-9956-ffa450edef68",2006-09
57964fe0e933187681d5f20530b453e37e5cb4bf,2006-09-20 04:31:04,test,LANG_2_2_RC1/src/test/org/apache/commons/lang/ObjectUtilsTest.java,ObjectUtilsTest,org/apache/commons/lang,179,0,1494,259,"Tagging 2.2-rc1

git-svn-id: https://svn.apache.org/repos/asf/jakarta/commons/proper/lang/trunk@448054 13f79535-47bb-0310-9956-ffa450edef68",2006-09
57964fe0e933187681d5f20530b453e37e5cb4bf,2006-09-20 04:31:04,test,LANG_2_2_RC1/src/test/org/apache/commons/lang/RandomStringUtilsTest.java,RandomStringUtilsTest,org/apache/commons/lang,351,0,1494,259,"Tagging 2.2-rc1

git-svn-id: https://svn.apache.org/repos/asf/jakarta/commons/proper/lang/trunk@448054 13f79535-47bb-0310-9956-ffa450edef68",2006-09
57964fe0e933187681d5f20530b453e37e5cb4bf,2006-09-20 04:31:04,test,LANG_2_2_RC1/src/test/org/apache/commons/lang/SerializationUtilsTest.java,SerializationUtilsTest,org/apache/commons/lang,394,0,1494,259,"Tagging 2.2-rc1

git-svn-id: https://svn.apache.org/repos/asf/jakarta/commons/proper/lang/trunk@448054 13f79535-47bb-0310-9956-ffa450edef68",2006-09
57964fe0e933187681d5f20530b453e37e5cb4bf,2006-09-20 04:31:04,test,LANG_2_2_RC1/src/test/org/apache/commons/lang/StringEscapeUtilsTest.java,StringEscapeUtilsTest,org/apache/commons/lang,330,0,1494,259,"Tagging 2.2-rc1

git-svn-id: https://svn.apache.org/repos/asf/jakarta/commons/proper/lang/trunk@448054 13f79535-47bb-0310-9956-ffa450edef68",2006-09
57964fe0e933187681d5f20530b453e37e5cb4bf,2006-09-20 04:31:04,test,LANG_2_2_RC1/src/test/org/apache/commons/lang/StringUtilsEqualsIndexOfTest.java,StringUtilsEqualsIndexOfTest,org/apache/commons/lang,512,0,1494,259,"Tagging 2.2-rc1

git-svn-id: https://svn.apache.org/repos/asf/jakarta/commons/proper/lang/trunk@448054 13f79535-47bb-0310-9956-ffa450edef68",2006-09
57964fe0e933187681d5f20530b453e37e5cb4bf,2006-09-20 04:31:04,test,LANG_2_2_RC1/src/test/org/apache/commons/lang/StringUtilsIsTest.java,StringUtilsIsTest,org/apache/commons/lang,187,0,1494,259,"Tagging 2.2-rc1

git-svn-id: https://svn.apache.org/repos/asf/jakarta/commons/proper/lang/trunk@448054 13f79535-47bb-0310-9956-ffa450edef68",2006-09
57964fe0e933187681d5f20530b453e37e5cb4bf,2006-09-20 04:31:04,test,LANG_2_2_RC1/src/test/org/apache/commons/lang/StringUtilsSubstringTest.java,StringUtilsSubstringTest,org/apache/commons/lang,292,0,1494,259,"Tagging 2.2-rc1

git-svn-id: https://svn.apache.org/repos/asf/jakarta/commons/proper/lang/trunk@448054 13f79535-47bb-0310-9956-ffa450edef68",2006-09
57964fe0e933187681d5f20530b453e37e5cb4bf,2006-09-20 04:31:04,test,LANG_2_2_RC1/src/test/org/apache/commons/lang/StringUtilsTest.java,StringUtilsTest,org/apache/commons/lang,1538,0,1494,259,"Tagging 2.2-rc1

git-svn-id: https://svn.apache.org/repos/asf/jakarta/commons/proper/lang/trunk@448054 13f79535-47bb-0310-9956-ffa450edef68",2006-09
57964fe0e933187681d5f20530b453e37e5cb4bf,2006-09-20 04:31:04,test,LANG_2_2_RC1/src/test/org/apache/commons/lang/StringUtilsTrimEmptyTest.java,StringUtilsTrimEmptyTest,org/apache/commons/lang,292,0,1494,259,"Tagging 2.2-rc1

git-svn-id: https://svn.apache.org/repos/asf/jakarta/commons/proper/lang/trunk@448054 13f79535-47bb-0310-9956-ffa450edef68",2006-09
57964fe0e933187681d5f20530b453e37e5cb4bf,2006-09-20 04:31:04,test,LANG_2_2_RC1/src/test/org/apache/commons/lang/SystemUtilsTest.java,SystemUtilsTest,org/apache/commons/lang,547,0,1494,259,"Tagging 2.2-rc1

git-svn-id: https://svn.apache.org/repos/asf/jakarta/commons/proper/lang/trunk@448054 13f79535-47bb-0310-9956-ffa450edef68",2006-09
57964fe0e933187681d5f20530b453e37e5cb4bf,2006-09-20 04:31:04,test,LANG_2_2_RC1/src/test/org/apache/commons/lang/UnhandledExceptionTest.java,UnhandledExceptionTest,org/apache/commons/lang,73,0,1494,259,"Tagging 2.2-rc1

git-svn-id: https://svn.apache.org/repos/asf/jakarta/commons/proper/lang/trunk@448054 13f79535-47bb-0310-9956-ffa450edef68",2006-09
57964fe0e933187681d5f20530b453e37e5cb4bf,2006-09-20 04:31:04,test,LANG_2_2_RC1/src/test/org/apache/commons/lang/ValidateTest.java,ValidateTest,org/apache/commons/lang,413,0,1494,259,"Tagging 2.2-rc1

git-svn-id: https://svn.apache.org/repos/asf/jakarta/commons/proper/lang/trunk@448054 13f79535-47bb-0310-9956-ffa450edef68",2006-09
57964fe0e933187681d5f20530b453e37e5cb4bf,2006-09-20 04:31:04,test,LANG_2_2_RC1/src/test/org/apache/commons/lang/WordUtilsTest.java,WordUtilsTest,org/apache/commons/lang,366,0,1494,259,"Tagging 2.2-rc1

git-svn-id: https://svn.apache.org/repos/asf/jakarta/commons/proper/lang/trunk@448054 13f79535-47bb-0310-9956-ffa450edef68",2006-09
57964fe0e933187681d5f20530b453e37e5cb4bf,2006-09-20 04:31:04,test,LANG_2_2_RC1/src/test/org/apache/commons/lang/builder/CompareToBuilderTest.java,CompareToBuilderTest,org/apache/commons/lang/builder,1131,0,1494,259,"Tagging 2.2-rc1

git-svn-id: https://svn.apache.org/repos/asf/jakarta/commons/proper/lang/trunk@448054 13f79535-47bb-0310-9956-ffa450edef68",2006-09
57964fe0e933187681d5f20530b453e37e5cb4bf,2006-09-20 04:31:04,test,LANG_2_2_RC1/src/test/org/apache/commons/lang/builder/DefaultToStringStyleTest.java,DefaultToStringStyleTest,org/apache/commons/lang/builder,127,0,1494,259,"Tagging 2.2-rc1

git-svn-id: https://svn.apache.org/repos/asf/jakarta/commons/proper/lang/trunk@448054 13f79535-47bb-0310-9956-ffa450edef68",2006-09
57964fe0e933187681d5f20530b453e37e5cb4bf,2006-09-20 04:31:04,test,LANG_2_2_RC1/src/test/org/apache/commons/lang/builder/EqualsBuilderTest.java,EqualsBuilderTest,org/apache/commons/lang/builder,996,0,1494,259,"Tagging 2.2-rc1

git-svn-id: https://svn.apache.org/repos/asf/jakarta/commons/proper/lang/trunk@448054 13f79535-47bb-0310-9956-ffa450edef68",2006-09
57964fe0e933187681d5f20530b453e37e5cb4bf,2006-09-20 04:31:04,test,LANG_2_2_RC1/src/test/org/apache/commons/lang/builder/HashCodeBuilderAndEqualsBuilderTest.java,HashCodeBuilderAndEqualsBuilderTest,org/apache/commons/lang/builder,164,0,1494,259,"Tagging 2.2-rc1

git-svn-id: https://svn.apache.org/repos/asf/jakarta/commons/proper/lang/trunk@448054 13f79535-47bb-0310-9956-ffa450edef68",2006-09
57964fe0e933187681d5f20530b453e37e5cb4bf,2006-09-20 04:31:04,test,LANG_2_2_RC1/src/test/org/apache/commons/lang/builder/HashCodeBuilderTest.java,HashCodeBuilderTest,org/apache/commons/lang/builder,525,0,1494,259,"Tagging 2.2-rc1

git-svn-id: https://svn.apache.org/repos/asf/jakarta/commons/proper/lang/trunk@448054 13f79535-47bb-0310-9956-ffa450edef68",2006-09
57964fe0e933187681d5f20530b453e37e5cb4bf,2006-09-20 04:31:04,test,LANG_2_2_RC1/src/test/org/apache/commons/lang/builder/MultiLineToStringStyleTest.java,MultiLineToStringStyleTest,org/apache/commons/lang/builder,128,0,1494,259,"Tagging 2.2-rc1

git-svn-id: https://svn.apache.org/repos/asf/jakarta/commons/proper/lang/trunk@448054 13f79535-47bb-0310-9956-ffa450edef68",2006-09
57964fe0e933187681d5f20530b453e37e5cb4bf,2006-09-20 04:31:04,test,LANG_2_2_RC1/src/test/org/apache/commons/lang/builder/NoFieldNamesToStringStyleTest.java,NoFieldNamesToStringStyleTest,org/apache/commons/lang/builder,127,0,1494,259,"Tagging 2.2-rc1

git-svn-id: https://svn.apache.org/repos/asf/jakarta/commons/proper/lang/trunk@448054 13f79535-47bb-0310-9956-ffa450edef68",2006-09
57964fe0e933187681d5f20530b453e37e5cb4bf,2006-09-20 04:31:04,test,LANG_2_2_RC1/src/test/org/apache/commons/lang/builder/ReflectionToStringBuilderExcludeTest.java,ReflectionToStringBuilderExcludeTest,org/apache/commons/lang/builder,125,0,1494,259,"Tagging 2.2-rc1

git-svn-id: https://svn.apache.org/repos/asf/jakarta/commons/proper/lang/trunk@448054 13f79535-47bb-0310-9956-ffa450edef68",2006-09
57964fe0e933187681d5f20530b453e37e5cb4bf,2006-09-20 04:31:04,test,LANG_2_2_RC1/src/test/org/apache/commons/lang/builder/ShortPrefixToStringStyleTest.java,ShortPrefixToStringStyleTest,org/apache/commons/lang/builder,110,0,1494,259,"Tagging 2.2-rc1

git-svn-id: https://svn.apache.org/repos/asf/jakarta/commons/proper/lang/trunk@448054 13f79535-47bb-0310-9956-ffa450edef68",2006-09
57964fe0e933187681d5f20530b453e37e5cb4bf,2006-09-20 04:31:04,test,LANG_2_2_RC1/src/test/org/apache/commons/lang/builder/SimpleToStringStyleTest.java,SimpleToStringStyleTest,org/apache/commons/lang/builder,126,0,1494,259,"Tagging 2.2-rc1

git-svn-id: https://svn.apache.org/repos/asf/jakarta/commons/proper/lang/trunk@448054 13f79535-47bb-0310-9956-ffa450edef68",2006-09
57964fe0e933187681d5f20530b453e37e5cb4bf,2006-09-20 04:31:04,test,LANG_2_2_RC1/src/test/org/apache/commons/lang/builder/StandardToStringStyleTest.java,StandardToStringStyleTest,org/apache/commons/lang/builder,142,0,1494,259,"Tagging 2.2-rc1

git-svn-id: https://svn.apache.org/repos/asf/jakarta/commons/proper/lang/trunk@448054 13f79535-47bb-0310-9956-ffa450edef68",2006-09
57964fe0e933187681d5f20530b453e37e5cb4bf,2006-09-20 04:31:04,test,LANG_2_2_RC1/src/test/org/apache/commons/lang/builder/ToStringBuilderTest.java,ToStringBuilderTest,org/apache/commons/lang/builder,972,0,1494,259,"Tagging 2.2-rc1

git-svn-id: https://svn.apache.org/repos/asf/jakarta/commons/proper/lang/trunk@448054 13f79535-47bb-0310-9956-ffa450edef68",2006-09
57964fe0e933187681d5f20530b453e37e5cb4bf,2006-09-20 04:31:04,test,LANG_2_2_RC1/src/test/org/apache/commons/lang/builder/ToStringStyleTest.java,ToStringStyleTest,org/apache/commons/lang/builder,126,0,1494,259,"Tagging 2.2-rc1

git-svn-id: https://svn.apache.org/repos/asf/jakarta/commons/proper/lang/trunk@448054 13f79535-47bb-0310-9956-ffa450edef68",2006-09
57964fe0e933187681d5f20530b453e37e5cb4bf,2006-09-20 04:31:04,test,LANG_2_2_RC1/src/test/org/apache/commons/lang/enum/EnumTest.java,EnumTest,org/apache/commons/lang/enum,551,0,1494,259,"Tagging 2.2-rc1

git-svn-id: https://svn.apache.org/repos/asf/jakarta/commons/proper/lang/trunk@448054 13f79535-47bb-0310-9956-ffa450edef68",2006-09
57964fe0e933187681d5f20530b453e37e5cb4bf,2006-09-20 04:31:04,test,LANG_2_2_RC1/src/test/org/apache/commons/lang/enum/EnumUtilsTest.java,EnumUtilsTest,org/apache/commons/lang/enum,168,0,1494,259,"Tagging 2.2-rc1

git-svn-id: https://svn.apache.org/repos/asf/jakarta/commons/proper/lang/trunk@448054 13f79535-47bb-0310-9956-ffa450edef68",2006-09
57964fe0e933187681d5f20530b453e37e5cb4bf,2006-09-20 04:31:04,test,LANG_2_2_RC1/src/test/org/apache/commons/lang/enum/ValuedEnumTest.java,ValuedEnumTest,org/apache/commons/lang/enum,136,0,1494,259,"Tagging 2.2-rc1

git-svn-id: https://svn.apache.org/repos/asf/jakarta/commons/proper/lang/trunk@448054 13f79535-47bb-0310-9956-ffa450edef68",2006-09
57964fe0e933187681d5f20530b453e37e5cb4bf,2006-09-20 04:31:04,test,LANG_2_2_RC1/src/test/org/apache/commons/lang/enums/EnumEqualsTest.java,EnumEqualsTest,org/apache/commons/lang/enums,150,0,1494,259,"Tagging 2.2-rc1

git-svn-id: https://svn.apache.org/repos/asf/jakarta/commons/proper/lang/trunk@448054 13f79535-47bb-0310-9956-ffa450edef68",2006-09
57964fe0e933187681d5f20530b453e37e5cb4bf,2006-09-20 04:31:04,test,LANG_2_2_RC1/src/test/org/apache/commons/lang/enums/EnumTest.java,EnumTest,org/apache/commons/lang/enums,549,0,1494,259,"Tagging 2.2-rc1

git-svn-id: https://svn.apache.org/repos/asf/jakarta/commons/proper/lang/trunk@448054 13f79535-47bb-0310-9956-ffa450edef68",2006-09
57964fe0e933187681d5f20530b453e37e5cb4bf,2006-09-20 04:31:04,test,LANG_2_2_RC1/src/test/org/apache/commons/lang/enums/EnumUtilsTest.java,EnumUtilsTest,org/apache/commons/lang/enums,168,0,1494,259,"Tagging 2.2-rc1

git-svn-id: https://svn.apache.org/repos/asf/jakarta/commons/proper/lang/trunk@448054 13f79535-47bb-0310-9956-ffa450edef68",2006-09
57964fe0e933187681d5f20530b453e37e5cb4bf,2006-09-20 04:31:04,test,LANG_2_2_RC1/src/test/org/apache/commons/lang/enums/ValuedEnumTest.java,ValuedEnumTest,org/apache/commons/lang/enums,242,0,1494,259,"Tagging 2.2-rc1

git-svn-id: https://svn.apache.org/repos/asf/jakarta/commons/proper/lang/trunk@448054 13f79535-47bb-0310-9956-ffa450edef68",2006-09
57964fe0e933187681d5f20530b453e37e5cb4bf,2006-09-20 04:31:04,test,LANG_2_2_RC1/src/test/org/apache/commons/lang/math/AbstractRangeTest.java,AbstractRangeTest,org/apache/commons/lang/math,359,0,1494,259,"Tagging 2.2-rc1

git-svn-id: https://svn.apache.org/repos/asf/jakarta/commons/proper/lang/trunk@448054 13f79535-47bb-0310-9956-ffa450edef68",2006-09
57964fe0e933187681d5f20530b453e37e5cb4bf,2006-09-20 04:31:04,test,LANG_2_2_RC1/src/test/org/apache/commons/lang/math/DoubleRangeTest.java,DoubleRangeTest,org/apache/commons/lang/math,173,0,1494,259,"Tagging 2.2-rc1

git-svn-id: https://svn.apache.org/repos/asf/jakarta/commons/proper/lang/trunk@448054 13f79535-47bb-0310-9956-ffa450edef68",2006-09
57964fe0e933187681d5f20530b453e37e5cb4bf,2006-09-20 04:31:04,test,LANG_2_2_RC1/src/test/org/apache/commons/lang/math/FloatRangeTest.java,FloatRangeTest,org/apache/commons/lang/math,173,0,1494,259,"Tagging 2.2-rc1

git-svn-id: https://svn.apache.org/repos/asf/jakarta/commons/proper/lang/trunk@448054 13f79535-47bb-0310-9956-ffa450edef68",2006-09
57964fe0e933187681d5f20530b453e37e5cb4bf,2006-09-20 04:31:04,test,LANG_2_2_RC1/src/test/org/apache/commons/lang/math/FractionTest.java,FractionTest,org/apache/commons/lang/math,1343,0,1494,259,"Tagging 2.2-rc1

git-svn-id: https://svn.apache.org/repos/asf/jakarta/commons/proper/lang/trunk@448054 13f79535-47bb-0310-9956-ffa450edef68",2006-09
57964fe0e933187681d5f20530b453e37e5cb4bf,2006-09-20 04:31:04,test,LANG_2_2_RC1/src/test/org/apache/commons/lang/math/IntRangeTest.java,IntRangeTest,org/apache/commons/lang/math,165,0,1494,259,"Tagging 2.2-rc1

git-svn-id: https://svn.apache.org/repos/asf/jakarta/commons/proper/lang/trunk@448054 13f79535-47bb-0310-9956-ffa450edef68",2006-09
57964fe0e933187681d5f20530b453e37e5cb4bf,2006-09-20 04:31:04,test,LANG_2_2_RC1/src/test/org/apache/commons/lang/math/LongRangeTest.java,LongRangeTest,org/apache/commons/lang/math,153,0,1494,259,"Tagging 2.2-rc1

git-svn-id: https://svn.apache.org/repos/asf/jakarta/commons/proper/lang/trunk@448054 13f79535-47bb-0310-9956-ffa450edef68",2006-09
57964fe0e933187681d5f20530b453e37e5cb4bf,2006-09-20 04:31:04,test,LANG_2_2_RC1/src/test/org/apache/commons/lang/math/NumberRangeTest.java,NumberRangeTest,org/apache/commons/lang/math,166,0,1494,259,"Tagging 2.2-rc1

git-svn-id: https://svn.apache.org/repos/asf/jakarta/commons/proper/lang/trunk@448054 13f79535-47bb-0310-9956-ffa450edef68",2006-09
57964fe0e933187681d5f20530b453e37e5cb4bf,2006-09-20 04:31:04,test,LANG_2_2_RC1/src/test/org/apache/commons/lang/math/NumberUtilsTest.java,NumberUtilsTest,org/apache/commons/lang/math,1124,0,1494,259,"Tagging 2.2-rc1

git-svn-id: https://svn.apache.org/repos/asf/jakarta/commons/proper/lang/trunk@448054 13f79535-47bb-0310-9956-ffa450edef68",2006-09
57964fe0e933187681d5f20530b453e37e5cb4bf,2006-09-20 04:31:04,test,LANG_2_2_RC1/src/test/org/apache/commons/lang/math/RandomUtilsTest.java,RandomUtilsTest,org/apache/commons/lang/math,341,0,1494,259,"Tagging 2.2-rc1

git-svn-id: https://svn.apache.org/repos/asf/jakarta/commons/proper/lang/trunk@448054 13f79535-47bb-0310-9956-ffa450edef68",2006-09
57964fe0e933187681d5f20530b453e37e5cb4bf,2006-09-20 04:31:04,test,LANG_2_2_RC1/src/test/org/apache/commons/lang/math/RangeTest.java,RangeTest,org/apache/commons/lang/math,125,0,1494,259,"Tagging 2.2-rc1

git-svn-id: https://svn.apache.org/repos/asf/jakarta/commons/proper/lang/trunk@448054 13f79535-47bb-0310-9956-ffa450edef68",2006-09
57964fe0e933187681d5f20530b453e37e5cb4bf,2006-09-20 04:31:04,test,LANG_2_2_RC1/src/test/org/apache/commons/lang/mutable/MutableBooleanTest.java,MutableBooleanTest,org/apache/commons/lang/mutable,149,0,1494,259,"Tagging 2.2-rc1

git-svn-id: https://svn.apache.org/repos/asf/jakarta/commons/proper/lang/trunk@448054 13f79535-47bb-0310-9956-ffa450edef68",2006-09
57964fe0e933187681d5f20530b453e37e5cb4bf,2006-09-20 04:31:04,test,LANG_2_2_RC1/src/test/org/apache/commons/lang/mutable/MutableByteTest.java,MutableByteTest,org/apache/commons/lang/mutable,198,0,1494,259,"Tagging 2.2-rc1

git-svn-id: https://svn.apache.org/repos/asf/jakarta/commons/proper/lang/trunk@448054 13f79535-47bb-0310-9956-ffa450edef68",2006-09
57964fe0e933187681d5f20530b453e37e5cb4bf,2006-09-20 04:31:04,test,LANG_2_2_RC1/src/test/org/apache/commons/lang/mutable/MutableDoubleTest.java,MutableDoubleTest,org/apache/commons/lang/mutable,209,0,1494,259,"Tagging 2.2-rc1

git-svn-id: https://svn.apache.org/repos/asf/jakarta/commons/proper/lang/trunk@448054 13f79535-47bb-0310-9956-ffa450edef68",2006-09
57964fe0e933187681d5f20530b453e37e5cb4bf,2006-09-20 04:31:04,test,LANG_2_2_RC1/src/test/org/apache/commons/lang/mutable/MutableFloatTest.java,MutableFloatTest,org/apache/commons/lang/mutable,209,0,1494,259,"Tagging 2.2-rc1

git-svn-id: https://svn.apache.org/repos/asf/jakarta/commons/proper/lang/trunk@448054 13f79535-47bb-0310-9956-ffa450edef68",2006-09
57964fe0e933187681d5f20530b453e37e5cb4bf,2006-09-20 04:31:04,test,LANG_2_2_RC1/src/test/org/apache/commons/lang/mutable/MutableIntTest.java,MutableIntTest,org/apache/commons/lang/mutable,208,0,1494,259,"Tagging 2.2-rc1

git-svn-id: https://svn.apache.org/repos/asf/jakarta/commons/proper/lang/trunk@448054 13f79535-47bb-0310-9956-ffa450edef68",2006-09
57964fe0e933187681d5f20530b453e37e5cb4bf,2006-09-20 04:31:04,test,LANG_2_2_RC1/src/test/org/apache/commons/lang/mutable/MutableLongTest.java,MutableLongTest,org/apache/commons/lang/mutable,202,0,1494,259,"Tagging 2.2-rc1

git-svn-id: https://svn.apache.org/repos/asf/jakarta/commons/proper/lang/trunk@448054 13f79535-47bb-0310-9956-ffa450edef68",2006-09
57964fe0e933187681d5f20530b453e37e5cb4bf,2006-09-20 04:31:04,test,LANG_2_2_RC1/src/test/org/apache/commons/lang/mutable/MutableObjectTest.java,MutableObjectTest,org/apache/commons/lang/mutable,106,0,1494,259,"Tagging 2.2-rc1

git-svn-id: https://svn.apache.org/repos/asf/jakarta/commons/proper/lang/trunk@448054 13f79535-47bb-0310-9956-ffa450edef68",2006-09
57964fe0e933187681d5f20530b453e37e5cb4bf,2006-09-20 04:31:04,test,LANG_2_2_RC1/src/test/org/apache/commons/lang/mutable/MutableShortTest.java,MutableShortTest,org/apache/commons/lang/mutable,198,0,1494,259,"Tagging 2.2-rc1

git-svn-id: https://svn.apache.org/repos/asf/jakarta/commons/proper/lang/trunk@448054 13f79535-47bb-0310-9956-ffa450edef68",2006-09
57964fe0e933187681d5f20530b453e37e5cb4bf,2006-09-20 04:31:04,test,LANG_2_2_RC1/src/test/org/apache/commons/lang/text/CompositeFormatTest.java,CompositeFormatTest,org/apache/commons/lang/text,110,0,1494,259,"Tagging 2.2-rc1

git-svn-id: https://svn.apache.org/repos/asf/jakarta/commons/proper/lang/trunk@448054 13f79535-47bb-0310-9956-ffa450edef68",2006-09
57964fe0e933187681d5f20530b453e37e5cb4bf,2006-09-20 04:31:04,test,LANG_2_2_RC1/src/test/org/apache/commons/lang/text/StrBuilderAppendInsertTest.java,StrBuilderAppendInsertTest,org/apache/commons/lang/text,1037,0,1494,259,"Tagging 2.2-rc1

git-svn-id: https://svn.apache.org/repos/asf/jakarta/commons/proper/lang/trunk@448054 13f79535-47bb-0310-9956-ffa450edef68",2006-09
57964fe0e933187681d5f20530b453e37e5cb4bf,2006-09-20 04:31:04,test,LANG_2_2_RC1/src/test/org/apache/commons/lang/text/StrBuilderTest.java,StrBuilderTest,org/apache/commons/lang/text,1731,0,1494,259,"Tagging 2.2-rc1

git-svn-id: https://svn.apache.org/repos/asf/jakarta/commons/proper/lang/trunk@448054 13f79535-47bb-0310-9956-ffa450edef68",2006-09
57964fe0e933187681d5f20530b453e37e5cb4bf,2006-09-20 04:31:04,test,LANG_2_2_RC1/src/test/org/apache/commons/lang/text/StrLookupTest.java,StrLookupTest,org/apache/commons/lang/text,100,0,1494,259,"Tagging 2.2-rc1

git-svn-id: https://svn.apache.org/repos/asf/jakarta/commons/proper/lang/trunk@448054 13f79535-47bb-0310-9956-ffa450edef68",2006-09
57964fe0e933187681d5f20530b453e37e5cb4bf,2006-09-20 04:31:04,test,LANG_2_2_RC1/src/test/org/apache/commons/lang/text/StrMatcherTest.java,StrMatcherTest,org/apache/commons/lang/text,230,0,1494,259,"Tagging 2.2-rc1

git-svn-id: https://svn.apache.org/repos/asf/jakarta/commons/proper/lang/trunk@448054 13f79535-47bb-0310-9956-ffa450edef68",2006-09
57964fe0e933187681d5f20530b453e37e5cb4bf,2006-09-20 04:31:04,test,LANG_2_2_RC1/src/test/org/apache/commons/lang/text/StrSubstitutorTest.java,StrSubstitutorTest,org/apache/commons/lang/text,517,0,1494,259,"Tagging 2.2-rc1

git-svn-id: https://svn.apache.org/repos/asf/jakarta/commons/proper/lang/trunk@448054 13f79535-47bb-0310-9956-ffa450edef68",2006-09
57964fe0e933187681d5f20530b453e37e5cb4bf,2006-09-20 04:31:04,test,LANG_2_2_RC1/src/test/org/apache/commons/lang/text/StrTokenizerTest.java,StrTokenizerTest,org/apache/commons/lang/text,845,0,1494,259,"Tagging 2.2-rc1

git-svn-id: https://svn.apache.org/repos/asf/jakarta/commons/proper/lang/trunk@448054 13f79535-47bb-0310-9956-ffa450edef68",2006-09
57964fe0e933187681d5f20530b453e37e5cb4bf,2006-09-20 04:31:04,test,LANG_2_2_RC1/src/test/org/apache/commons/lang/time/DateFormatUtilsTest.java,DateFormatUtilsTest,org/apache/commons/lang/time,214,0,1494,259,"Tagging 2.2-rc1

git-svn-id: https://svn.apache.org/repos/asf/jakarta/commons/proper/lang/trunk@448054 13f79535-47bb-0310-9956-ffa450edef68",2006-09
57964fe0e933187681d5f20530b453e37e5cb4bf,2006-09-20 04:31:04,test,LANG_2_2_RC1/src/test/org/apache/commons/lang/time/DateUtilsTest.java,DateUtilsTest,org/apache/commons/lang/time,1127,0,1494,259,"Tagging 2.2-rc1

git-svn-id: https://svn.apache.org/repos/asf/jakarta/commons/proper/lang/trunk@448054 13f79535-47bb-0310-9956-ffa450edef68",2006-09
57964fe0e933187681d5f20530b453e37e5cb4bf,2006-09-20 04:31:04,test,LANG_2_2_RC1/src/test/org/apache/commons/lang/time/DurationFormatUtilsTest.java,DurationFormatUtilsTest,org/apache/commons/lang/time,421,0,1494,259,"Tagging 2.2-rc1

git-svn-id: https://svn.apache.org/repos/asf/jakarta/commons/proper/lang/trunk@448054 13f79535-47bb-0310-9956-ffa450edef68",2006-09
57964fe0e933187681d5f20530b453e37e5cb4bf,2006-09-20 04:31:04,test,LANG_2_2_RC1/src/test/org/apache/commons/lang/time/FastDateFormatTest.java,FastDateFormatTest,org/apache/commons/lang/time,281,0,1494,259,"Tagging 2.2-rc1

git-svn-id: https://svn.apache.org/repos/asf/jakarta/commons/proper/lang/trunk@448054 13f79535-47bb-0310-9956-ffa450edef68",2006-09
57964fe0e933187681d5f20530b453e37e5cb4bf,2006-09-20 04:31:04,test,LANG_2_2_RC1/src/test/org/apache/commons/lang/time/StopWatchTest.java,StopWatchTest,org/apache/commons/lang/time,197,0,1494,259,"Tagging 2.2-rc1

git-svn-id: https://svn.apache.org/repos/asf/jakarta/commons/proper/lang/trunk@448054 13f79535-47bb-0310-9956-ffa450edef68",2006-09
899e67f0de51deef0b4a826ed3c484fe710deb46,2007-06-30 03:25:53,test,src/test/org/apache/commons/lang/StringUtilsStartsEndsWithTest.java,StringUtilsStartsEndsWithTest,org/apache/commons/lang,154,0,1628,4,"LANG-326 - StringUtils: startsWith / endsWith / startsWithIgnoreCase / endsWithIgnoreCase / removeStartIgnoreCase / removeEndIgnoreCase methods

git-svn-id: https://svn.apache.org/repos/asf/jakarta/commons/proper/lang/trunk@552088 13f79535-47bb-0310-9956-ffa450edef68",2007-06
013f19fdafcc2ab11c5f9da061fcef18093a63b9,2007-10-29 14:50:23,prod,src/java/org/apache/commons/lang/text/MultiFormat.java,MultiFormat,org/apache/commons/lang/text,159,0,1676,3,"[LANG-366] Add MultiFormat

git-svn-id: https://svn.apache.org/repos/asf/commons/proper/lang/trunk@589646 13f79535-47bb-0310-9956-ffa450edef68",2007-10
013f19fdafcc2ab11c5f9da061fcef18093a63b9,2007-10-29 14:50:23,test,src/test/org/apache/commons/lang/text/MultiFormatTest.java,MultiFormatTest,org/apache/commons/lang/text,133,0,1676,3,"[LANG-366] Add MultiFormat

git-svn-id: https://svn.apache.org/repos/asf/commons/proper/lang/trunk@589646 13f79535-47bb-0310-9956-ffa450edef68",2007-10
43cf3f491e7b9b42dc4a5fa4d7bc00cef1d38f7e,2007-10-30 15:06:54,prod,src/java/org/apache/commons/lang/text/ChoiceMetaFormat.java,ChoiceMetaFormat,org/apache/commons/lang/text,72,0,1677,14,"[LANG-362] Add ExtendedMessageFormat

git-svn-id: https://svn.apache.org/repos/asf/commons/proper/lang/trunk@590106 13f79535-47bb-0310-9956-ffa450edef68",2007-10
43cf3f491e7b9b42dc4a5fa4d7bc00cef1d38f7e,2007-10-30 15:06:54,prod,src/java/org/apache/commons/lang/text/DateMetaFormat.java,DateMetaFormat,org/apache/commons/lang/text,57,0,1677,14,"[LANG-362] Add ExtendedMessageFormat

git-svn-id: https://svn.apache.org/repos/asf/commons/proper/lang/trunk@590106 13f79535-47bb-0310-9956-ffa450edef68",2007-10
43cf3f491e7b9b42dc4a5fa4d7bc00cef1d38f7e,2007-10-30 15:06:54,prod,src/java/org/apache/commons/lang/text/DateMetaFormatSupport.java,DateMetaFormatSupport,org/apache/commons/lang/text,231,0,1677,14,"[LANG-362] Add ExtendedMessageFormat

git-svn-id: https://svn.apache.org/repos/asf/commons/proper/lang/trunk@590106 13f79535-47bb-0310-9956-ffa450edef68",2007-10
43cf3f491e7b9b42dc4a5fa4d7bc00cef1d38f7e,2007-10-30 15:06:54,prod,src/java/org/apache/commons/lang/text/DefaultMetaFormatFactory.java,DefaultMetaFormatFactory,org/apache/commons/lang/text,114,0,1677,14,"[LANG-362] Add ExtendedMessageFormat

git-svn-id: https://svn.apache.org/repos/asf/commons/proper/lang/trunk@590106 13f79535-47bb-0310-9956-ffa450edef68",2007-10
43cf3f491e7b9b42dc4a5fa4d7bc00cef1d38f7e,2007-10-30 15:06:54,prod,src/java/org/apache/commons/lang/text/ExtendedMessageFormat.java,ExtendedMessageFormat,org/apache/commons/lang/text,344,0,1677,14,"[LANG-362] Add ExtendedMessageFormat

git-svn-id: https://svn.apache.org/repos/asf/commons/proper/lang/trunk@590106 13f79535-47bb-0310-9956-ffa450edef68",2007-10
43cf3f491e7b9b42dc4a5fa4d7bc00cef1d38f7e,2007-10-30 15:06:54,prod,src/java/org/apache/commons/lang/text/MetaFormatSupport.java,MetaFormatSupport,org/apache/commons/lang/text,131,0,1677,14,"[LANG-362] Add ExtendedMessageFormat

git-svn-id: https://svn.apache.org/repos/asf/commons/proper/lang/trunk@590106 13f79535-47bb-0310-9956-ffa450edef68",2007-10
43cf3f491e7b9b42dc4a5fa4d7bc00cef1d38f7e,2007-10-30 15:06:54,prod,src/java/org/apache/commons/lang/text/NameKeyedMetaFormat.java,NameKeyedMetaFormat,org/apache/commons/lang/text,163,0,1677,14,"[LANG-362] Add ExtendedMessageFormat

git-svn-id: https://svn.apache.org/repos/asf/commons/proper/lang/trunk@590106 13f79535-47bb-0310-9956-ffa450edef68",2007-10
43cf3f491e7b9b42dc4a5fa4d7bc00cef1d38f7e,2007-10-30 15:06:54,prod,src/java/org/apache/commons/lang/text/NumberMetaFormat.java,NumberMetaFormat,org/apache/commons/lang/text,133,0,1677,14,"[LANG-362] Add ExtendedMessageFormat

git-svn-id: https://svn.apache.org/repos/asf/commons/proper/lang/trunk@590106 13f79535-47bb-0310-9956-ffa450edef68",2007-10
43cf3f491e7b9b42dc4a5fa4d7bc00cef1d38f7e,2007-10-30 15:06:54,prod,src/java/org/apache/commons/lang/text/TimeMetaFormat.java,TimeMetaFormat,org/apache/commons/lang/text,70,0,1677,14,"[LANG-362] Add ExtendedMessageFormat

git-svn-id: https://svn.apache.org/repos/asf/commons/proper/lang/trunk@590106 13f79535-47bb-0310-9956-ffa450edef68",2007-10
43cf3f491e7b9b42dc4a5fa4d7bc00cef1d38f7e,2007-10-30 15:06:54,test,src/test/org/apache/commons/lang/text/AbstractMessageFormatTest.java,AbstractMessageFormatTest,org/apache/commons/lang/text,294,0,1677,14,"[LANG-362] Add ExtendedMessageFormat

git-svn-id: https://svn.apache.org/repos/asf/commons/proper/lang/trunk@590106 13f79535-47bb-0310-9956-ffa450edef68",2007-10
43cf3f491e7b9b42dc4a5fa4d7bc00cef1d38f7e,2007-10-30 15:06:54,test,src/test/org/apache/commons/lang/text/ExtendedMessageFormatBaselineTest.java,ExtendedMessageFormatBaselineTest,org/apache/commons/lang/text,40,0,1677,14,"[LANG-362] Add ExtendedMessageFormat

git-svn-id: https://svn.apache.org/repos/asf/commons/proper/lang/trunk@590106 13f79535-47bb-0310-9956-ffa450edef68",2007-10
43cf3f491e7b9b42dc4a5fa4d7bc00cef1d38f7e,2007-10-30 15:06:54,test,src/test/org/apache/commons/lang/text/MessageFormatExtensionTest.java,MessageFormatExtensionTest,org/apache/commons/lang/text,120,0,1677,14,"[LANG-362] Add ExtendedMessageFormat

git-svn-id: https://svn.apache.org/repos/asf/commons/proper/lang/trunk@590106 13f79535-47bb-0310-9956-ffa450edef68",2007-10
43cf3f491e7b9b42dc4a5fa4d7bc00cef1d38f7e,2007-10-30 15:06:54,test,src/test/org/apache/commons/lang/text/MessageFormatTest.java,MessageFormatTest,org/apache/commons/lang/text,22,0,1677,14,"[LANG-362] Add ExtendedMessageFormat

git-svn-id: https://svn.apache.org/repos/asf/commons/proper/lang/trunk@590106 13f79535-47bb-0310-9956-ffa450edef68",2007-10
bee5b923c54e59f877d392e35cb04ab62484c723,2008-01-06 23:58:59,prod,src/java/org/apache/commons/lang/math/IEEE754rUtils.java,IEEE754rUtils,org/apache/commons/lang/math,265,0,1740,4,"Applying third patch from LANG-381. Fixes the minimum(float[]) type methods to correctly return NaN when it is in the array, and adds an IEEE754rUtils class that obeys the IEEE 754r update in which NaN in min/max methods should be ignored unless all values are NaN. 

git-svn-id: https://svn.apache.org/repos/asf/commons/proper/lang/trunk@609475 13f79535-47bb-0310-9956-ffa450edef68",2008-01
bee5b923c54e59f877d392e35cb04ab62484c723,2008-01-06 23:58:59,test,src/test/org/apache/commons/lang/math/IEEE754rUtilsTest.java,IEEE754rUtilsTest,org/apache/commons/lang/math,53,0,1740,4,"Applying third patch from LANG-381. Fixes the minimum(float[]) type methods to correctly return NaN when it is in the array, and adds an IEEE754rUtils class that obeys the IEEE 754r update in which NaN in min/max methods should be ignored unless all values are NaN. 

git-svn-id: https://svn.apache.org/repos/asf/commons/proper/lang/trunk@609475 13f79535-47bb-0310-9956-ffa450edef68",2008-01
16120b386c60ad4385ae66329d4d14b9eb9dc22c,2008-02-01 07:12:56,test,src/test/org/apache/commons/lang/time/DateUtilsFragmentTest.java,DateUtilsFragmentTest,org/apache/commons/lang/time,491,0,1766,3,"Applying my patch from LANG-379, based on Robert Scholte's patch adding the 'getFragment' family of methods

git-svn-id: https://svn.apache.org/repos/asf/commons/proper/lang/trunk@617360 13f79535-47bb-0310-9956-ffa450edef68",2008-02
2e3057caa837ce853eaa3bbaa94911f9c9c62aab,2008-02-25 19:51:18,prod,src/java/org/apache/commons/lang/text/FormatFactory.java,FormatFactory,org/apache/commons/lang/text,24,0,1780,12,"[LANG-362] simplify ExtendedMessageFormat design; recycle as much of super implementation as possible

git-svn-id: https://svn.apache.org/repos/asf/commons/proper/lang/trunk@630969 13f79535-47bb-0310-9956-ffa450edef68",2008-02
7f5ffc6036d4b2199af5b2d655691bc0af4478ee,2008-02-27 16:44:17,test,src/test/org/apache/commons/lang/text/ExtendedMessageFormatTest.java,ExtendedMessageFormatTest,org/apache/commons/lang/text,297,0,1784,1,"Add new test case for ExtendedMessageFormat

git-svn-id: https://svn.apache.org/repos/asf/commons/proper/lang/trunk@631639 13f79535-47bb-0310-9956-ffa450edef68",2008-02
04e9eb14e7f5dbf55ba41819b9cb2d2f0c3c4b55,2008-05-06 20:45:11,prod,src/java/org/apache/commons/lang/reflect/ConstructorUtils.java,ConstructorUtils,org/apache/commons/lang/reflect,340,0,1848,19,"merge [LANG-416] from LANG_POST_2_4 branch

git-svn-id: https://svn.apache.org/repos/asf/commons/proper/lang/trunk@653918 13f79535-47bb-0310-9956-ffa450edef68",2008-05
04e9eb14e7f5dbf55ba41819b9cb2d2f0c3c4b55,2008-05-06 20:45:11,prod,src/java/org/apache/commons/lang/reflect/FieldUtils.java,FieldUtils,org/apache/commons/lang/reflect,605,0,1848,19,"merge [LANG-416] from LANG_POST_2_4 branch

git-svn-id: https://svn.apache.org/repos/asf/commons/proper/lang/trunk@653918 13f79535-47bb-0310-9956-ffa450edef68",2008-05
04e9eb14e7f5dbf55ba41819b9cb2d2f0c3c4b55,2008-05-06 20:45:11,prod,src/java/org/apache/commons/lang/reflect/MemberUtils.java,MemberUtils,org/apache/commons/lang/reflect,220,0,1848,19,"merge [LANG-416] from LANG_POST_2_4 branch

git-svn-id: https://svn.apache.org/repos/asf/commons/proper/lang/trunk@653918 13f79535-47bb-0310-9956-ffa450edef68",2008-05
04e9eb14e7f5dbf55ba41819b9cb2d2f0c3c4b55,2008-05-06 20:45:11,prod,src/java/org/apache/commons/lang/reflect/MethodUtils.java,MethodUtils,org/apache/commons/lang/reflect,847,0,1848,19,"merge [LANG-416] from LANG_POST_2_4 branch

git-svn-id: https://svn.apache.org/repos/asf/commons/proper/lang/trunk@653918 13f79535-47bb-0310-9956-ffa450edef68",2008-05
04e9eb14e7f5dbf55ba41819b9cb2d2f0c3c4b55,2008-05-06 20:45:11,test,src/test/org/apache/commons/lang/reflect/ConstructorUtilsTest.java,ConstructorUtilsTest,org/apache/commons/lang/reflect,229,0,1848,19,"merge [LANG-416] from LANG_POST_2_4 branch

git-svn-id: https://svn.apache.org/repos/asf/commons/proper/lang/trunk@653918 13f79535-47bb-0310-9956-ffa450edef68",2008-05
04e9eb14e7f5dbf55ba41819b9cb2d2f0c3c4b55,2008-05-06 20:45:11,test,src/test/org/apache/commons/lang/reflect/FieldUtilsTest.java,FieldUtilsTest,org/apache/commons/lang/reflect,920,0,1848,19,"merge [LANG-416] from LANG_POST_2_4 branch

git-svn-id: https://svn.apache.org/repos/asf/commons/proper/lang/trunk@653918 13f79535-47bb-0310-9956-ffa450edef68",2008-05
04e9eb14e7f5dbf55ba41819b9cb2d2f0c3c4b55,2008-05-06 20:45:11,test,src/test/org/apache/commons/lang/reflect/MethodUtilsTest.java,MethodUtilsTest,org/apache/commons/lang/reflect,342,0,1848,19,"merge [LANG-416] from LANG_POST_2_4 branch

git-svn-id: https://svn.apache.org/repos/asf/commons/proper/lang/trunk@653918 13f79535-47bb-0310-9956-ffa450edef68",2008-05
3ed99652c84339375f1e6b99bd9c7f71d565e023,2008-09-16 16:03:14,prod,src/java/org/apache/commons/lang/IDKey.java,IDKey,org/apache/commons/lang,72,0,1873,2,"LANG-459 HashCodeBuilder.reflectionHashCode() can generate incorrect hashcodes

git-svn-id: https://svn.apache.org/repos/asf/commons/proper/lang/trunk@695951 13f79535-47bb-0310-9956-ffa450edef68",2008-09
a6a2d04877d91a4c7cfff889bb64e2627ca60994,2008-11-05 17:00:43,test,src/test/org/apache/commons/lang/time/DateUtilsRoundingTest.java,DateUtilsRoundingTest,org/apache/commons/lang/time,713,0,1879,4,"Applying Robert Scholte's excellent unit tests from LANG-443 and his second patch from LANG-440 fixing a discovered boundary case for AM_PM in round

git-svn-id: https://svn.apache.org/repos/asf/commons/proper/lang/trunk@711616 13f79535-47bb-0310-9956-ffa450edef68",2008-11
bcf6e9d662ea40114d0908e98d3bf10db4c95309,2009-03-08 01:37:57,prod,src/java/org/apache/commons/lang/EnumUtils.java,EnumUtils,org/apache/commons/lang,48,0,1898,3,"Adding Java5 EnumUtils class with getEnumMap method. LANG-290

git-svn-id: https://svn.apache.org/repos/asf/commons/proper/lang/trunk@751347 13f79535-47bb-0310-9956-ffa450edef68",2009-03
bcf6e9d662ea40114d0908e98d3bf10db4c95309,2009-03-08 01:37:57,test,src/test/org/apache/commons/lang/EnumUtilsTest.java,EnumUtilsTest,org/apache/commons/lang,54,0,1898,3,"Adding Java5 EnumUtils class with getEnumMap method. LANG-290

git-svn-id: https://svn.apache.org/repos/asf/commons/proper/lang/trunk@751347 13f79535-47bb-0310-9956-ffa450edef68",2009-03
c404121979002fca1140b90fb909157549de286f,2009-06-23 06:15:50,prod,src/java/org/apache/commons/lang/text/translate/AggregateTranslator.java,AggregateTranslator,org/apache/commons/lang/text/translate,53,0,2022,21,"Committing a rewrite of StringEscapeUtils guts - LANG-505. Entities.java can now go away. Most of the code is in the new text.translate package. More work is needed, including what to actually define as 'ESCAPE_XML' etc, but it's now easy for someone to look at the source to EscapeUtils and UnescapeUtils and put their own ESCAPE_XML variable together, and with lots of reuse value. 

git-svn-id: https://svn.apache.org/repos/asf/commons/proper/lang/trunk@787560 13f79535-47bb-0310-9956-ffa450edef68",2009-06
c404121979002fca1140b90fb909157549de286f,2009-06-23 06:15:50,prod,src/java/org/apache/commons/lang/text/translate/CharSequenceTranslator.java,CharSequenceTranslator,org/apache/commons/lang/text/translate,117,0,2022,21,"Committing a rewrite of StringEscapeUtils guts - LANG-505. Entities.java can now go away. Most of the code is in the new text.translate package. More work is needed, including what to actually define as 'ESCAPE_XML' etc, but it's now easy for someone to look at the source to EscapeUtils and UnescapeUtils and put their own ESCAPE_XML variable together, and with lots of reuse value. 

git-svn-id: https://svn.apache.org/repos/asf/commons/proper/lang/trunk@787560 13f79535-47bb-0310-9956-ffa450edef68",2009-06
c404121979002fca1140b90fb909157549de286f,2009-06-23 06:15:50,prod,src/java/org/apache/commons/lang/text/translate/CodePointTranslator.java,CodePointTranslator,org/apache/commons/lang/text/translate,52,0,2022,21,"Committing a rewrite of StringEscapeUtils guts - LANG-505. Entities.java can now go away. Most of the code is in the new text.translate package. More work is needed, including what to actually define as 'ESCAPE_XML' etc, but it's now easy for someone to look at the source to EscapeUtils and UnescapeUtils and put their own ESCAPE_XML variable together, and with lots of reuse value. 

git-svn-id: https://svn.apache.org/repos/asf/commons/proper/lang/trunk@787560 13f79535-47bb-0310-9956-ffa450edef68",2009-06
c404121979002fca1140b90fb909157549de286f,2009-06-23 06:15:50,prod,src/java/org/apache/commons/lang/text/translate/EntityArrays.java,EntityArrays,org/apache/commons/lang/text/translate,357,0,2022,21,"Committing a rewrite of StringEscapeUtils guts - LANG-505. Entities.java can now go away. Most of the code is in the new text.translate package. More work is needed, including what to actually define as 'ESCAPE_XML' etc, but it's now easy for someone to look at the source to EscapeUtils and UnescapeUtils and put their own ESCAPE_XML variable together, and with lots of reuse value. 

git-svn-id: https://svn.apache.org/repos/asf/commons/proper/lang/trunk@787560 13f79535-47bb-0310-9956-ffa450edef68",2009-06
c404121979002fca1140b90fb909157549de286f,2009-06-23 06:15:50,prod,src/java/org/apache/commons/lang/text/translate/EscapeLowAsciiAsUnicode.java,EscapeLowAsciiAsUnicode,org/apache/commons/lang/text/translate,69,0,2022,21,"Committing a rewrite of StringEscapeUtils guts - LANG-505. Entities.java can now go away. Most of the code is in the new text.translate package. More work is needed, including what to actually define as 'ESCAPE_XML' etc, but it's now easy for someone to look at the source to EscapeUtils and UnescapeUtils and put their own ESCAPE_XML variable together, and with lots of reuse value. 

git-svn-id: https://svn.apache.org/repos/asf/commons/proper/lang/trunk@787560 13f79535-47bb-0310-9956-ffa450edef68",2009-06
c404121979002fca1140b90fb909157549de286f,2009-06-23 06:15:50,prod,src/java/org/apache/commons/lang/text/translate/EscapeNonAsciiAsNumericEntity.java,EscapeNonAsciiAsNumericEntity,org/apache/commons/lang/text/translate,44,0,2022,21,"Committing a rewrite of StringEscapeUtils guts - LANG-505. Entities.java can now go away. Most of the code is in the new text.translate package. More work is needed, including what to actually define as 'ESCAPE_XML' etc, but it's now easy for someone to look at the source to EscapeUtils and UnescapeUtils and put their own ESCAPE_XML variable together, and with lots of reuse value. 

git-svn-id: https://svn.apache.org/repos/asf/commons/proper/lang/trunk@787560 13f79535-47bb-0310-9956-ffa450edef68",2009-06
c404121979002fca1140b90fb909157549de286f,2009-06-23 06:15:50,prod,src/java/org/apache/commons/lang/text/translate/EscapeNonAsciiAsUnicode.java,EscapeNonAsciiAsUnicode,org/apache/commons/lang/text/translate,44,0,2022,21,"Committing a rewrite of StringEscapeUtils guts - LANG-505. Entities.java can now go away. Most of the code is in the new text.translate package. More work is needed, including what to actually define as 'ESCAPE_XML' etc, but it's now easy for someone to look at the source to EscapeUtils and UnescapeUtils and put their own ESCAPE_XML variable together, and with lots of reuse value. 

git-svn-id: https://svn.apache.org/repos/asf/commons/proper/lang/trunk@787560 13f79535-47bb-0310-9956-ffa450edef68",2009-06
c404121979002fca1140b90fb909157549de286f,2009-06-23 06:15:50,prod,src/java/org/apache/commons/lang/text/translate/EscapeUtils.java,EscapeUtils,org/apache/commons/lang/text/translate,108,0,2022,21,"Committing a rewrite of StringEscapeUtils guts - LANG-505. Entities.java can now go away. Most of the code is in the new text.translate package. More work is needed, including what to actually define as 'ESCAPE_XML' etc, but it's now easy for someone to look at the source to EscapeUtils and UnescapeUtils and put their own ESCAPE_XML variable together, and with lots of reuse value. 

git-svn-id: https://svn.apache.org/repos/asf/commons/proper/lang/trunk@787560 13f79535-47bb-0310-9956-ffa450edef68",2009-06
c404121979002fca1140b90fb909157549de286f,2009-06-23 06:15:50,prod,src/java/org/apache/commons/lang/text/translate/LookupTranslator.java,LookupTranslator,org/apache/commons/lang/text/translate,52,0,2022,21,"Committing a rewrite of StringEscapeUtils guts - LANG-505. Entities.java can now go away. Most of the code is in the new text.translate package. More work is needed, including what to actually define as 'ESCAPE_XML' etc, but it's now easy for someone to look at the source to EscapeUtils and UnescapeUtils and put their own ESCAPE_XML variable together, and with lots of reuse value. 

git-svn-id: https://svn.apache.org/repos/asf/commons/proper/lang/trunk@787560 13f79535-47bb-0310-9956-ffa450edef68",2009-06
c404121979002fca1140b90fb909157549de286f,2009-06-23 06:15:50,prod,src/java/org/apache/commons/lang/text/translate/NumericEntityUnescaper.java,NumericEntityUnescaper,org/apache/commons/lang/text/translate,66,0,2022,21,"Committing a rewrite of StringEscapeUtils guts - LANG-505. Entities.java can now go away. Most of the code is in the new text.translate package. More work is needed, including what to actually define as 'ESCAPE_XML' etc, but it's now easy for someone to look at the source to EscapeUtils and UnescapeUtils and put their own ESCAPE_XML variable together, and with lots of reuse value. 

git-svn-id: https://svn.apache.org/repos/asf/commons/proper/lang/trunk@787560 13f79535-47bb-0310-9956-ffa450edef68",2009-06
c404121979002fca1140b90fb909157549de286f,2009-06-23 06:15:50,prod,src/java/org/apache/commons/lang/text/translate/UnescapeUtils.java,UnescapeUtils,org/apache/commons/lang/text/translate,101,0,2022,21,"Committing a rewrite of StringEscapeUtils guts - LANG-505. Entities.java can now go away. Most of the code is in the new text.translate package. More work is needed, including what to actually define as 'ESCAPE_XML' etc, but it's now easy for someone to look at the source to EscapeUtils and UnescapeUtils and put their own ESCAPE_XML variable together, and with lots of reuse value. 

git-svn-id: https://svn.apache.org/repos/asf/commons/proper/lang/trunk@787560 13f79535-47bb-0310-9956-ffa450edef68",2009-06
c404121979002fca1140b90fb909157549de286f,2009-06-23 06:15:50,prod,src/java/org/apache/commons/lang/text/translate/UnicodeEscaper.java,UnicodeEscaper,org/apache/commons/lang/text/translate,47,0,2022,21,"Committing a rewrite of StringEscapeUtils guts - LANG-505. Entities.java can now go away. Most of the code is in the new text.translate package. More work is needed, including what to actually define as 'ESCAPE_XML' etc, but it's now easy for someone to look at the source to EscapeUtils and UnescapeUtils and put their own ESCAPE_XML variable together, and with lots of reuse value. 

git-svn-id: https://svn.apache.org/repos/asf/commons/proper/lang/trunk@787560 13f79535-47bb-0310-9956-ffa450edef68",2009-06
c404121979002fca1140b90fb909157549de286f,2009-06-23 06:15:50,prod,src/java/org/apache/commons/lang/text/translate/UnicodeUnescaper.java,UnicodeUnescaper,org/apache/commons/lang/text/translate,63,0,2022,21,"Committing a rewrite of StringEscapeUtils guts - LANG-505. Entities.java can now go away. Most of the code is in the new text.translate package. More work is needed, including what to actually define as 'ESCAPE_XML' etc, but it's now easy for someone to look at the source to EscapeUtils and UnescapeUtils and put their own ESCAPE_XML variable together, and with lots of reuse value. 

git-svn-id: https://svn.apache.org/repos/asf/commons/proper/lang/trunk@787560 13f79535-47bb-0310-9956-ffa450edef68",2009-06
b4bdbdfe9c9dbc31e90ccf3ab37761e2abdae0f1,2009-06-25 04:56:18,prod,src/java/org/apache/commons/lang/text/translate/NumericEntityEscaper.java,NumericEntityEscaper,org/apache/commons/lang/text/translate,75,0,2033,3,"Replacing the NonAsciiAsNumericEntity class with a more generic NumericEntityEscaper. cf LANG-505

git-svn-id: https://svn.apache.org/repos/asf/commons/proper/lang/trunk@788256 13f79535-47bb-0310-9956-ffa450edef68",2009-06
df0d0cc96a57b432669f38cbdd67f2e7dcfa98cf,2009-06-30 05:46:08,test,src/test/org/apache/commons/lang/text/translate/LookupTranslatorTest.java,LookupTranslatorTest,org/apache/commons/lang/text/translate,39,0,2041,1,"Adding a simple unit test for text translate. More needed, though StringEscapeUtils does do a good job of hitting a high level of coverage for these classes already. It's easier to debug when you have tighter testing. 

git-svn-id: https://svn.apache.org/repos/asf/commons/proper/lang/trunk@789566 13f79535-47bb-0310-9956-ffa450edef68",2009-06
cc6281fc3eac8fb781be34f38a36b12d5ccc718e,2009-07-20 23:28:45,test,src/test/org/apache/commons/lang/text/translate/EntityArraysTest.java,EntityArraysTest,org/apache/commons/lang/text/translate,33,0,2064,6,"Improving code coverage with more tests

git-svn-id: https://svn.apache.org/repos/asf/commons/proper/lang/trunk@796062 13f79535-47bb-0310-9956-ffa450edef68",2009-07
cc6281fc3eac8fb781be34f38a36b12d5ccc718e,2009-07-20 23:28:45,test,src/test/org/apache/commons/lang/text/translate/EscapeUtilsTest.java,EscapeUtilsTest,org/apache/commons/lang/text/translate,33,0,2064,6,"Improving code coverage with more tests

git-svn-id: https://svn.apache.org/repos/asf/commons/proper/lang/trunk@796062 13f79535-47bb-0310-9956-ffa450edef68",2009-07
cc6281fc3eac8fb781be34f38a36b12d5ccc718e,2009-07-20 23:28:45,test,src/test/org/apache/commons/lang/text/translate/NumericEntityEscaperTest.java,NumericEntityEscaperTest,org/apache/commons/lang/text/translate,53,0,2064,6,"Improving code coverage with more tests

git-svn-id: https://svn.apache.org/repos/asf/commons/proper/lang/trunk@796062 13f79535-47bb-0310-9956-ffa450edef68",2009-07
cc6281fc3eac8fb781be34f38a36b12d5ccc718e,2009-07-20 23:28:45,test,src/test/org/apache/commons/lang/text/translate/UnescapeUtilsTest.java,UnescapeUtilsTest,org/apache/commons/lang/text/translate,33,0,2064,6,"Improving code coverage with more tests

git-svn-id: https://svn.apache.org/repos/asf/commons/proper/lang/trunk@796062 13f79535-47bb-0310-9956-ffa450edef68",2009-07
cc6281fc3eac8fb781be34f38a36b12d5ccc718e,2009-07-20 23:28:45,test,src/test/org/apache/commons/lang/text/translate/UnicodeEscaperTest.java,UnicodeEscaperTest,org/apache/commons/lang/text/translate,53,0,2064,6,"Improving code coverage with more tests

git-svn-id: https://svn.apache.org/repos/asf/commons/proper/lang/trunk@796062 13f79535-47bb-0310-9956-ffa450edef68",2009-07
cc6281fc3eac8fb781be34f38a36b12d5ccc718e,2009-07-20 23:28:45,test,src/test/org/apache/commons/lang/text/translate/UnicodeUnescaperTest.java,UnicodeUnescaperTest,org/apache/commons/lang/text/translate,49,0,2064,6,"Improving code coverage with more tests

git-svn-id: https://svn.apache.org/repos/asf/commons/proper/lang/trunk@796062 13f79535-47bb-0310-9956-ffa450edef68",2009-07
ad922624dae76330edab3ba8831a49c77cbcb69e,2009-08-09 17:46:13,prod,src/java/org/apache/commons/lang/exception/ContextedException.java,ContextedException,org/apache/commons/lang/exception,184,0,2078,9,"Add ExceptionContext package (LANG-497, contributed by Derek Ashmore).

git-svn-id: https://svn.apache.org/repos/asf/commons/proper/lang/trunk@802566 13f79535-47bb-0310-9956-ffa450edef68",2009-08
ad922624dae76330edab3ba8831a49c77cbcb69e,2009-08-09 17:46:13,prod,src/java/org/apache/commons/lang/exception/ContextedRuntimeException.java,ContextedRuntimeException,org/apache/commons/lang/exception,138,0,2078,9,"Add ExceptionContext package (LANG-497, contributed by Derek Ashmore).

git-svn-id: https://svn.apache.org/repos/asf/commons/proper/lang/trunk@802566 13f79535-47bb-0310-9956-ffa450edef68",2009-08
ad922624dae76330edab3ba8831a49c77cbcb69e,2009-08-09 17:46:13,prod,src/java/org/apache/commons/lang/exception/DefaultExceptionContext.java,DefaultExceptionContext,org/apache/commons/lang/exception,129,0,2078,9,"Add ExceptionContext package (LANG-497, contributed by Derek Ashmore).

git-svn-id: https://svn.apache.org/repos/asf/commons/proper/lang/trunk@802566 13f79535-47bb-0310-9956-ffa450edef68",2009-08
ad922624dae76330edab3ba8831a49c77cbcb69e,2009-08-09 17:46:13,prod,src/java/org/apache/commons/lang/exception/ExceptionContext.java,ExceptionContext,org/apache/commons/lang/exception,69,0,2078,9,"Add ExceptionContext package (LANG-497, contributed by Derek Ashmore).

git-svn-id: https://svn.apache.org/repos/asf/commons/proper/lang/trunk@802566 13f79535-47bb-0310-9956-ffa450edef68",2009-08
ad922624dae76330edab3ba8831a49c77cbcb69e,2009-08-09 17:46:13,test,src/test/org/apache/commons/lang/exception/ContextedExceptionTest.java,ContextedExceptionTest,org/apache/commons/lang/exception,151,0,2078,9,"Add ExceptionContext package (LANG-497, contributed by Derek Ashmore).

git-svn-id: https://svn.apache.org/repos/asf/commons/proper/lang/trunk@802566 13f79535-47bb-0310-9956-ffa450edef68",2009-08
ad922624dae76330edab3ba8831a49c77cbcb69e,2009-08-09 17:46:13,test,src/test/org/apache/commons/lang/exception/ContextedRuntimeExceptionTest.java,ContextedRuntimeExceptionTest,org/apache/commons/lang/exception,141,0,2078,9,"Add ExceptionContext package (LANG-497, contributed by Derek Ashmore).

git-svn-id: https://svn.apache.org/repos/asf/commons/proper/lang/trunk@802566 13f79535-47bb-0310-9956-ffa450edef68",2009-08
ad922624dae76330edab3ba8831a49c77cbcb69e,2009-08-09 17:46:13,test,src/test/org/apache/commons/lang/exception/DefaultExceptionContextTest.java,DefaultExceptionContextTest,org/apache/commons/lang/exception,86,0,2078,9,"Add ExceptionContext package (LANG-497, contributed by Derek Ashmore).

git-svn-id: https://svn.apache.org/repos/asf/commons/proper/lang/trunk@802566 13f79535-47bb-0310-9956-ffa450edef68",2009-08
8958fdcc73c33520ef1627e5e2ed65b19cbb54c9,2009-09-26 14:27:32,prod,src/java/org/apache/commons/lang/concurrent/LazyInitializer.java,LazyInitializer,org/apache/commons/lang/concurrent,113,0,2092,2,"[LANG-496] Added LazyInitializer class plus test class.

git-svn-id: https://svn.apache.org/repos/asf/commons/proper/lang/trunk@819141 13f79535-47bb-0310-9956-ffa450edef68",2009-09
8958fdcc73c33520ef1627e5e2ed65b19cbb54c9,2009-09-26 14:27:32,test,src/test/org/apache/commons/lang/concurrent/LazyInitializerTest.java,LazyInitializerTest,org/apache/commons/lang/concurrent,109,0,2092,2,"[LANG-496] Added LazyInitializer class plus test class.

git-svn-id: https://svn.apache.org/repos/asf/commons/proper/lang/trunk@819141 13f79535-47bb-0310-9956-ffa450edef68",2009-09
13ef1d725f1c006af92c0b0747862b112f9db3d9,2009-09-29 19:14:17,prod,src/java/org/apache/commons/lang/concurrent/ConcurrentException.java,ConcurrentException,org/apache/commons/lang/concurrent,69,0,2100,2,"[LANG-499] Added ConcurrentException and ConcurrentUtils classes.

git-svn-id: https://svn.apache.org/repos/asf/commons/proper/lang/trunk@820070 13f79535-47bb-0310-9956-ffa450edef68",2009-09
13ef1d725f1c006af92c0b0747862b112f9db3d9,2009-09-29 19:14:17,prod,src/java/org/apache/commons/lang/concurrent/ConcurrentUtils.java,ConcurrentUtils,org/apache/commons/lang/concurrent,119,0,2100,2,"[LANG-499] Added ConcurrentException and ConcurrentUtils classes.

git-svn-id: https://svn.apache.org/repos/asf/commons/proper/lang/trunk@820070 13f79535-47bb-0310-9956-ffa450edef68",2009-09
169a20fb98898d3d6763796896c735f23da07c6d,2009-09-29 19:14:56,test,src/test/org/apache/commons/lang/concurrent/ConcurrentUtilsTest.java,ConcurrentUtilsTest,org/apache/commons/lang/concurrent,164,0,2101,1,"[LANG-499] Test class for ConcurrentUtils

git-svn-id: https://svn.apache.org/repos/asf/commons/proper/lang/trunk@820071 13f79535-47bb-0310-9956-ffa450edef68",2009-09
8c413aecd8381c6cc440544dfba8b43cd781023f,2009-10-31 19:48:52,prod,src/java/org/apache/commons/lang/concurrent/BackgroundInitializer.java,BackgroundInitializer,org/apache/commons/lang/concurrent,331,0,2179,2,"[LANG-501] Added BackgroundInitializer class with JUnit tests.

git-svn-id: https://svn.apache.org/repos/asf/commons/proper/lang/trunk@831586 13f79535-47bb-0310-9956-ffa450edef68",2009-10
8c413aecd8381c6cc440544dfba8b43cd781023f,2009-10-31 19:48:52,test,src/test/org/apache/commons/lang/concurrent/BackgroundInitializerTest.java,BackgroundInitializerTest,org/apache/commons/lang/concurrent,294,0,2179,2,"[LANG-501] Added BackgroundInitializer class with JUnit tests.

git-svn-id: https://svn.apache.org/repos/asf/commons/proper/lang/trunk@831586 13f79535-47bb-0310-9956-ffa450edef68",2009-10
a3e3a0b08ff2d44398e072cb789efc9fa86cface,2009-10-31 19:52:58,prod,src/java/org/apache/commons/lang/concurrent/MultiBackgroundInitializer.java,MultiBackgroundInitializer,org/apache/commons/lang/concurrent,340,0,2180,2,"[LANG-501] Added MultiBackgroundInitializer class with JUnit tests.

git-svn-id: https://svn.apache.org/repos/asf/commons/proper/lang/trunk@831587 13f79535-47bb-0310-9956-ffa450edef68",2009-10
a3e3a0b08ff2d44398e072cb789efc9fa86cface,2009-10-31 19:52:58,test,src/test/org/apache/commons/lang/concurrent/MultiBackgroundInitializerTest.java,MultiBackgroundInitializerTest,org/apache/commons/lang/concurrent,364,0,2180,2,"[LANG-501] Added MultiBackgroundInitializer class with JUnit tests.

git-svn-id: https://svn.apache.org/repos/asf/commons/proper/lang/trunk@831587 13f79535-47bb-0310-9956-ffa450edef68",2009-10
ff1102d68d29d60b1215a723821bbee194c97fa0,2009-11-06 07:56:22,prod,src/java/org/apache/commons/lang/Range.java,Range,org/apache/commons/lang,345,0,2188,2,"Committing work in progress version of a new Range class to replace the math.*Range classes as discussed in LANG-551

git-svn-id: https://svn.apache.org/repos/asf/commons/proper/lang/trunk@833308 13f79535-47bb-0310-9956-ffa450edef68",2009-11
ff1102d68d29d60b1215a723821bbee194c97fa0,2009-11-06 07:56:22,test,src/test/org/apache/commons/lang/RangeTest.java,RangeTest,org/apache/commons/lang,98,0,2188,2,"Committing work in progress version of a new Range class to replace the math.*Range classes as discussed in LANG-551

git-svn-id: https://svn.apache.org/repos/asf/commons/proper/lang/trunk@833308 13f79535-47bb-0310-9956-ffa450edef68",2009-11
56463552475746e982e46f54c1b18487ef434c17,2009-11-13 20:17:47,prod,src/java/org/apache/commons/lang/reflect/TypeUtils.java,TypeUtils,org/apache/commons/lang/reflect,125,0,2198,5,"[LANG-553] Add TypeUtils

git-svn-id: https://svn.apache.org/repos/asf/commons/proper/lang/trunk@835975 13f79535-47bb-0310-9956-ffa450edef68",2009-11
56463552475746e982e46f54c1b18487ef434c17,2009-11-13 20:17:47,test,src/test/org/apache/commons/lang/reflect/TypeUtilsTest.java,TypeUtilsTest,org/apache/commons/lang/reflect,89,0,2198,5,"[LANG-553] Add TypeUtils

git-svn-id: https://svn.apache.org/repos/asf/commons/proper/lang/trunk@835975 13f79535-47bb-0310-9956-ffa450edef68",2009-11
21df5c4fceb6197536711d4a1801a5c2e119a1f5,2009-11-22 16:57:39,prod,src/java/org/apache/commons/lang/concurrent/CallableBackgroundInitializer.java,CallableBackgroundInitializer,org/apache/commons/lang/concurrent,127,0,2223,2,"[LANG-501] Added CallableBackgroundInitializer class with unit tests.

git-svn-id: https://svn.apache.org/repos/asf/commons/proper/lang/trunk@883100 13f79535-47bb-0310-9956-ffa450edef68",2009-11
21df5c4fceb6197536711d4a1801a5c2e119a1f5,2009-11-22 16:57:39,test,src/test/org/apache/commons/lang/concurrent/CallableBackgroundInitializerTest.java,CallableBackgroundInitializerTest,org/apache/commons/lang/concurrent,99,0,2223,2,"[LANG-501] Added CallableBackgroundInitializer class with unit tests.

git-svn-id: https://svn.apache.org/repos/asf/commons/proper/lang/trunk@883100 13f79535-47bb-0310-9956-ffa450edef68",2009-11
ee00c7a6f77266e0af30fb581fff503737101087,2010-01-03 19:04:08,prod,src/main/java/org/apache/commons/lang3/concurrent/TimedSemaphore.java,TimedSemaphore,org/apache/commons/lang3/concurrent,420,0,2296,3,"[LANG-560] Added TimedSemaphore class to concurrent package.

git-svn-id: https://svn.apache.org/repos/asf/commons/proper/lang/trunk@895466 13f79535-47bb-0310-9956-ffa450edef68",2010-01
ee00c7a6f77266e0af30fb581fff503737101087,2010-01-03 19:04:08,test,src/test/java/org/apache/commons/lang3/concurrent/TimedSemaphoreTest.java,TimedSemaphoreTest,org/apache/commons/lang3/concurrent,481,0,2296,3,"[LANG-560] Added TimedSemaphore class to concurrent package.

git-svn-id: https://svn.apache.org/repos/asf/commons/proper/lang/trunk@895466 13f79535-47bb-0310-9956-ffa450edef68",2010-01
7b6ab58a018b5f6608ea07bc414d3f34a576c6a2,2010-02-10 23:22:05,prod,src/main/java/org/apache/commons/lang3/exception/CloneFailedException.java,CloneFailedException,org/apache/commons/lang3/exception,63,0,2359,3,"Add methods for Cloneables to ObjectUtils (LANG-576).

git-svn-id: https://svn.apache.org/repos/asf/commons/proper/lang/trunk@908745 13f79535-47bb-0310-9956-ffa450edef68",2010-02
e0ddfa767c2bdca2d7273dc4eec9eece990d01e5,2010-02-25 02:53:04,prod,src/main/java/org/apache/commons/lang3/concurrent/BasicThreadFactory.java,BasicThreadFactory,org/apache/commons/lang3/concurrent,379,0,2366,2,"Adding BasicThreadFactory class. Same as Oliver's original patch in LANG-582, with an @since 3.0 added

git-svn-id: https://svn.apache.org/repos/asf/commons/proper/lang/trunk@916095 13f79535-47bb-0310-9956-ffa450edef68",2010-02
e0ddfa767c2bdca2d7273dc4eec9eece990d01e5,2010-02-25 02:53:04,test,src/test/java/org/apache/commons/lang3/concurrent/BasicThreadFactoryTest.java,BasicThreadFactoryTest,org/apache/commons/lang3/concurrent,302,0,2366,2,"Adding BasicThreadFactory class. Same as Oliver's original patch in LANG-582, with an @since 3.0 added

git-svn-id: https://svn.apache.org/repos/asf/commons/proper/lang/trunk@916095 13f79535-47bb-0310-9956-ffa450edef68",2010-02
88d44051a14d67e9cc27f2033682cbe5ed51f8b2,2010-02-25 03:04:19,prod,src/main/java/org/apache/commons/lang3/Pair.java,Pair,org/apache/commons/lang3,94,0,2367,2,"Applying Matt's patch with my modifications from LANG-588. Adds a Pair class to Lang. 

git-svn-id: https://svn.apache.org/repos/asf/commons/proper/lang/trunk@916098 13f79535-47bb-0310-9956-ffa450edef68",2010-02
88d44051a14d67e9cc27f2033682cbe5ed51f8b2,2010-02-25 03:04:19,test,src/test/java/org/apache/commons/lang3/PairTest.java,PairTest,org/apache/commons/lang3,77,0,2367,2,"Applying Matt's patch with my modifications from LANG-588. Adds a Pair class to Lang. 

git-svn-id: https://svn.apache.org/repos/asf/commons/proper/lang/trunk@916098 13f79535-47bb-0310-9956-ffa450edef68",2010-02
7cfa8a932869b98c3737f4ed41312d92eb50d636,2010-03-08 22:15:08,prod,src/main/java/org/apache/commons/lang3/CharSequenceUtils.java,CharSequenceUtils,org/apache/commons/lang3,81,0,2391,4,"Change StringUtils arguments from String to CharSequence.

Details: Working with (trunk) StringUtils (SU) I see the following emerge: 

- In SVN already and continuing: Change StringUtils arguments from String to CharSequence (CS).

- This leads to replacing calls to String.substring(int[,int]) with calls to CharSequence.subSequence(int)

- This leads to creating a CharSequenceUtils class (in SVN now, more on this new class below) and CharSequenceUtils.subSequence(CharSequence,int) to avoid changing ""str.substring(start)"" over and over to ""str.subSequence(start, str.length())"". For examples, see new versions of capitalize and uncapitalize.

- We end up using a toString() on CharSequence to return a String from StringUtil when working with a CharSequence.

So we have StringUtils using CharSequence inputs as much as possible instead of String, which is nice. 

The CharSequence method subSequence returns a CharSequence; though the Javadoc states ""Returns a new CharSequence that is a subsequence of this sequence."", this does not guaranteed the return value to be the same kind of CharSequence as the receiver). Since we are after all in a class called StringUtil, calling toString() is a must.

I propose that we create when possible the methods that are now StringUtils CharSequence methods into CharSequenceUtils and let StringUtil call CharSequenceUtils and then do its toString() and other String specific logic. Later we could have other CharSequence type of utils (for CharBuffer, StringBuiler, StringBuffer, etc) that use the 'primitives' from CharSequenceUtils.
This means that for methods that are based solely on methods that are now in CharSequence, these can be moved to CharSequenceUtils without effort (all is* methods only call CharSequence#length() and charAt() for example and are now typed as CS, still in SU). 

We can leave @deprecateds method in SU as a nicety to avoid too much porting pain: First change the package to lang3 then you can 'optimize' by changing call sites from SU to CSU.

As a start, I put in SVN a CharSequenceUtils (CSU) implementation for length() and subSequence().


git-svn-id: https://svn.apache.org/repos/asf/commons/proper/lang/trunk@920543 13f79535-47bb-0310-9956-ffa450edef68",2010-03
7cfa8a932869b98c3737f4ed41312d92eb50d636,2010-03-08 22:15:08,test,src/test/java/org/apache/commons/lang3/CharSequenceUtilsTest.java,CharSequenceUtilsTest,org/apache/commons/lang3,92,0,2391,4,"Change StringUtils arguments from String to CharSequence.

Details: Working with (trunk) StringUtils (SU) I see the following emerge: 

- In SVN already and continuing: Change StringUtils arguments from String to CharSequence (CS).

- This leads to replacing calls to String.substring(int[,int]) with calls to CharSequence.subSequence(int)

- This leads to creating a CharSequenceUtils class (in SVN now, more on this new class below) and CharSequenceUtils.subSequence(CharSequence,int) to avoid changing ""str.substring(start)"" over and over to ""str.subSequence(start, str.length())"". For examples, see new versions of capitalize and uncapitalize.

- We end up using a toString() on CharSequence to return a String from StringUtil when working with a CharSequence.

So we have StringUtils using CharSequence inputs as much as possible instead of String, which is nice. 

The CharSequence method subSequence returns a CharSequence; though the Javadoc states ""Returns a new CharSequence that is a subsequence of this sequence."", this does not guaranteed the return value to be the same kind of CharSequence as the receiver). Since we are after all in a class called StringUtil, calling toString() is a must.

I propose that we create when possible the methods that are now StringUtils CharSequence methods into CharSequenceUtils and let StringUtil call CharSequenceUtils and then do its toString() and other String specific logic. Later we could have other CharSequence type of utils (for CharBuffer, StringBuiler, StringBuffer, etc) that use the 'primitives' from CharSequenceUtils.
This means that for methods that are based solely on methods that are now in CharSequence, these can be moved to CharSequenceUtils without effort (all is* methods only call CharSequence#length() and charAt() for example and are now typed as CS, still in SU). 

We can leave @deprecateds method in SU as a nicety to avoid too much porting pain: First change the package to lang3 then you can 'optimize' by changing call sites from SU to CSU.

As a start, I put in SVN a CharSequenceUtils (CSU) implementation for length() and subSequence().


git-svn-id: https://svn.apache.org/repos/asf/commons/proper/lang/trunk@920543 13f79535-47bb-0310-9956-ffa450edef68",2010-03
bc22af91e7e8fd7a530de48cd164056ef05829e0,2010-03-20 20:20:26,prod,src/main/java/org/apache/commons/lang3/builder/Builder.java,Builder,org/apache/commons/lang3/builder,89,0,2412,10,"Adding Builder interface, and refactoring the builder classes and BasicThreadFactory to implement this interface. Patch from Michael Wooten in LANG-601

git-svn-id: https://svn.apache.org/repos/asf/commons/proper/lang/trunk@925674 13f79535-47bb-0310-9956-ffa450edef68",2010-03
0769eb977b3a56adf5ec8bd4e9f123b75bdf38ed,2010-03-21 16:35:22,prod,src/main/java/org/apache/commons/lang3/concurrent/ConcurrentRuntimeException.java,ConcurrentRuntimeException,org/apache/commons/lang3/concurrent,72,0,2413,3,"[LANG-610] Introduced ConcurrentRuntimeException and extended the exception handling methods of ConcurrentUtils to support runtime exceptions, too.

git-svn-id: https://svn.apache.org/repos/asf/commons/proper/lang/trunk@925818 13f79535-47bb-0310-9956-ffa450edef68",2010-03
f96d4df26e3b16ce6407b854e6c89e882c51e435,2010-03-30 16:49:22,prod,src/main/java/org/apache/commons/lang3/concurrent/AtomicInitializer.java,AtomicInitializer,org/apache/commons/lang3/concurrent,106,0,2424,9,"LANG-609: Added AtomicInitializer class. Introduced new ConcurrentInitializer interface which is now implemented by all all initializer classes.

git-svn-id: https://svn.apache.org/repos/asf/commons/proper/lang/trunk@929189 13f79535-47bb-0310-9956-ffa450edef68",2010-03
f96d4df26e3b16ce6407b854e6c89e882c51e435,2010-03-30 16:49:22,prod,src/main/java/org/apache/commons/lang3/concurrent/ConcurrentInitializer.java,ConcurrentInitializer,org/apache/commons/lang3/concurrent,54,0,2424,9,"LANG-609: Added AtomicInitializer class. Introduced new ConcurrentInitializer interface which is now implemented by all all initializer classes.

git-svn-id: https://svn.apache.org/repos/asf/commons/proper/lang/trunk@929189 13f79535-47bb-0310-9956-ffa450edef68",2010-03
f96d4df26e3b16ce6407b854e6c89e882c51e435,2010-03-30 16:49:22,test,src/test/java/org/apache/commons/lang3/concurrent/AbstractConcurrentInitializerTest.java,AbstractConcurrentInitializerTest,org/apache/commons/lang3/concurrent,116,0,2424,9,"LANG-609: Added AtomicInitializer class. Introduced new ConcurrentInitializer interface which is now implemented by all all initializer classes.

git-svn-id: https://svn.apache.org/repos/asf/commons/proper/lang/trunk@929189 13f79535-47bb-0310-9956-ffa450edef68",2010-03
f96d4df26e3b16ce6407b854e6c89e882c51e435,2010-03-30 16:49:22,test,src/test/java/org/apache/commons/lang3/concurrent/AtomicInitializerTest.java,AtomicInitializerTest,org/apache/commons/lang3/concurrent,40,0,2424,9,"LANG-609: Added AtomicInitializer class. Introduced new ConcurrentInitializer interface which is now implemented by all all initializer classes.

git-svn-id: https://svn.apache.org/repos/asf/commons/proper/lang/trunk@929189 13f79535-47bb-0310-9956-ffa450edef68",2010-03
bef3eb6ed060d5ae14da6ce5a1909675b8cf5650,2010-06-22 06:34:18,test,src/test/java/org/apache/commons/lang3/text/translate/NumericEntityUnescaperTest.java,NumericEntityUnescaperTest,org/apache/commons/lang3/text/translate,36,0,2452,2,"Adding a test, and code fix, to have supplementary chars working in numeric entity unescaping. See LANG-617

git-svn-id: https://svn.apache.org/repos/asf/commons/proper/lang/trunk@956787 13f79535-47bb-0310-9956-ffa450edef68",2010-06
faa336fadb2eecce03aa98b5c7b255d468951fc6,2010-07-18 06:05:51,prod,src/main/java/org/apache/commons/lang3/event/AbstractEventSupport.java,AbstractEventSupport,org/apache/commons/lang3/event,157,0,2464,5,"Adding Michael Wooten's event support utilities from LANG-580

git-svn-id: https://svn.apache.org/repos/asf/commons/proper/lang/trunk@965165 13f79535-47bb-0310-9956-ffa450edef68",2010-07
faa336fadb2eecce03aa98b5c7b255d468951fc6,2010-07-18 06:05:51,prod,src/main/java/org/apache/commons/lang3/event/EventSupport.java,EventSupport,org/apache/commons/lang3/event,53,0,2464,5,"Adding Michael Wooten's event support utilities from LANG-580

git-svn-id: https://svn.apache.org/repos/asf/commons/proper/lang/trunk@965165 13f79535-47bb-0310-9956-ffa450edef68",2010-07
faa336fadb2eecce03aa98b5c7b255d468951fc6,2010-07-18 06:05:51,prod,src/main/java/org/apache/commons/lang3/event/ReflectiveEventSupport.java,ReflectiveEventSupport,org/apache/commons/lang3/event,148,0,2464,5,"Adding Michael Wooten's event support utilities from LANG-580

git-svn-id: https://svn.apache.org/repos/asf/commons/proper/lang/trunk@965165 13f79535-47bb-0310-9956-ffa450edef68",2010-07
faa336fadb2eecce03aa98b5c7b255d468951fc6,2010-07-18 06:05:51,test,src/test/java/org/apache/commons/lang3/event/AbstractEventSupportTest.java,AbstractEventSupportTest,org/apache/commons/lang3/event,150,0,2464,5,"Adding Michael Wooten's event support utilities from LANG-580

git-svn-id: https://svn.apache.org/repos/asf/commons/proper/lang/trunk@965165 13f79535-47bb-0310-9956-ffa450edef68",2010-07
faa336fadb2eecce03aa98b5c7b255d468951fc6,2010-07-18 06:05:51,test,src/test/java/org/apache/commons/lang3/event/ReflectiveEventSupportTest.java,ReflectiveEventSupportTest,org/apache/commons/lang3/event,355,0,2464,5,"Adding Michael Wooten's event support utilities from LANG-580

git-svn-id: https://svn.apache.org/repos/asf/commons/proper/lang/trunk@965165 13f79535-47bb-0310-9956-ffa450edef68",2010-07
6ef1437ef4449459bd6167b427119c7c827d3af7,2010-07-22 11:35:07,prod,src/main/java/org/apache/commons/lang3/event/EventListenerSupport.java,EventListenerSupport,org/apache/commons/lang3/event,143,0,2478,4,"Misc. event utils.

git-svn-id: https://svn.apache.org/repos/asf/commons/proper/lang/trunk@966589 13f79535-47bb-0310-9956-ffa450edef68",2010-07
6ef1437ef4449459bd6167b427119c7c827d3af7,2010-07-22 11:35:07,prod,src/main/java/org/apache/commons/lang3/event/EventUtils.java,EventUtils,org/apache/commons/lang3/event,102,0,2478,4,"Misc. event utils.

git-svn-id: https://svn.apache.org/repos/asf/commons/proper/lang/trunk@966589 13f79535-47bb-0310-9956-ffa450edef68",2010-07
6ef1437ef4449459bd6167b427119c7c827d3af7,2010-07-22 11:35:07,test,src/test/java/org/apache/commons/lang3/event/EventListenerSupportTest.java,EventListenerSupportTest,org/apache/commons/lang3/event,77,0,2478,4,"Misc. event utils.

git-svn-id: https://svn.apache.org/repos/asf/commons/proper/lang/trunk@966589 13f79535-47bb-0310-9956-ffa450edef68",2010-07
6ef1437ef4449459bd6167b427119c7c827d3af7,2010-07-22 11:35:07,test,src/test/java/org/apache/commons/lang3/event/EventUtilsTest.java,EventUtilsTest,org/apache/commons/lang3/event,123,0,2478,4,"Misc. event utils.

git-svn-id: https://svn.apache.org/repos/asf/commons/proper/lang/trunk@966589 13f79535-47bb-0310-9956-ffa450edef68",2010-07
83efbc505b35aac2449e141984ba58bcf9bdebda,2010-09-13 21:38:02,prod,src/main/java/org/apache/commons/lang3/AnnotationUtils.java,AnnotationUtils,org/apache/commons/lang3,157,0,2559,2,"AnnotationUtils

git-svn-id: https://svn.apache.org/repos/asf/commons/proper/lang/trunk@996695 13f79535-47bb-0310-9956-ffa450edef68",2010-09
83efbc505b35aac2449e141984ba58bcf9bdebda,2010-09-13 21:38:02,test,src/test/java/org/apache/commons/lang3/AnnotationUtilsTest.java,AnnotationUtilsTest,org/apache/commons/lang3,430,0,2559,2,"AnnotationUtils

git-svn-id: https://svn.apache.org/repos/asf/commons/proper/lang/trunk@996695 13f79535-47bb-0310-9956-ffa450edef68",2010-09
fda34fa818154bf07195ea20214339c9997f244d,2010-10-09 14:56:18,prod,src/main/java/org/apache/commons/lang3/concurrent/AtomicSafeInitializer.java,AtomicSafeInitializer,org/apache/commons/lang3/concurrent,94,0,2580,2,"[LANG-609] Added AtomicSafeInitializer class. Thanks to alexander dot apanasovich at gmail dot com for the proposal.

git-svn-id: https://svn.apache.org/repos/asf/commons/proper/lang/trunk@1006172 13f79535-47bb-0310-9956-ffa450edef68",2010-10
fda34fa818154bf07195ea20214339c9997f244d,2010-10-09 14:56:18,test,src/test/java/org/apache/commons/lang3/concurrent/AtomicSafeInitializerTest.java,AtomicSafeInitializerTest,org/apache/commons/lang3/concurrent,79,0,2580,2,"[LANG-609] Added AtomicSafeInitializer class. Thanks to alexander dot apanasovich at gmail dot com for the proposal.

git-svn-id: https://svn.apache.org/repos/asf/commons/proper/lang/trunk@1006172 13f79535-47bb-0310-9956-ffa450edef68",2010-10
d0b2b05af5ca01ee7868eb4775e548c347940b3e,2010-10-22 20:32:09,prod,src/main/java/org/apache/commons/lang3/concurrent/ConstantInitializer.java,ConstantInitializer,org/apache/commons/lang3/concurrent,128,0,2584,2,"[LANG-653] Added ConstantInitializer class

git-svn-id: https://svn.apache.org/repos/asf/commons/proper/lang/trunk@1026485 13f79535-47bb-0310-9956-ffa450edef68",2010-10
d0b2b05af5ca01ee7868eb4775e548c347940b3e,2010-10-22 20:32:09,test,src/test/java/org/apache/commons/lang3/concurrent/ConstantInitializerTest.java,ConstantInitializerTest,org/apache/commons/lang3/concurrent,134,0,2584,2,"[LANG-653] Added ConstantInitializer class

git-svn-id: https://svn.apache.org/repos/asf/commons/proper/lang/trunk@1026485 13f79535-47bb-0310-9956-ffa450edef68",2010-10
345b4836f6e34ba29564dbead73ede2f2309aa74,2011-01-17 05:33:33,prod,src/main/java/org/apache/commons/lang3/text/translate/OctalUnescaper.java,OctalUnescaper,org/apache/commons/lang3/text/translate,61,0,2627,3,"Adding an OctalUnescaper to handle Java's support of 1->377 Octal values. LANG-646

git-svn-id: https://svn.apache.org/repos/asf/commons/proper/lang/trunk@1059753 13f79535-47bb-0310-9956-ffa450edef68",2011-01
345b4836f6e34ba29564dbead73ede2f2309aa74,2011-01-17 05:33:33,test,src/test/java/org/apache/commons/lang3/text/translate/OctalUnescaperTest.java,OctalUnescaperTest,org/apache/commons/lang3/text/translate,56,0,2627,3,"Adding an OctalUnescaper to handle Java's support of 1->377 Octal values. LANG-646

git-svn-id: https://svn.apache.org/repos/asf/commons/proper/lang/trunk@1059753 13f79535-47bb-0310-9956-ffa450edef68",2011-01
9ae054b7c894706fcaea519a14f48cc773835069,2011-01-30 03:48:40,prod,src/main/java/org/apache/commons/lang3/JavaVersion.java,JavaVersion,org/apache/commons/lang3,82,0,2633,10,"Removed isJavaVersionAtLeast(float) and (int), and added an enum variant with the new JavaVersion enum. Updated the rest of the code, switched isJavaVersionAtLeast over to using java.specification.version and not java.version (the vendor code) and dropped JAVA_VERSION_TRIMMED, JAVA_VERSION_FLOAT and JAVA_VERSION_INT. See: LANG-624

git-svn-id: https://svn.apache.org/repos/asf/commons/proper/lang/trunk@1065174 13f79535-47bb-0310-9956-ffa450edef68",2011-01
51bf2ce1c0b95922fb83bb03bf31ed73ef60bfd0,2011-01-30 07:54:29,test,src/test/java/org/apache/commons/lang3/JavaVersionTest.java,JavaVersionTest,org/apache/commons/lang3,53,0,2642,2,"Adding unit test for JavaVersion

git-svn-id: https://svn.apache.org/repos/asf/commons/proper/lang/trunk@1065212 13f79535-47bb-0310-9956-ffa450edef68",2011-01
b4e69a6efc245c07bdd2ce55f9c80b6ae16544a3,2011-03-07 18:47:09,prod,src/main/java/org/apache/commons/lang3/ImmutablePair.java,ImmutablePair,org/apache/commons/lang3,89,0,2721,7,"Decompose pair into an abstract class with element accessor methods + mutable/immutable concrete expression classes

git-svn-id: https://svn.apache.org/repos/asf/commons/proper/lang/trunk@1078889 13f79535-47bb-0310-9956-ffa450edef68",2011-03
b4e69a6efc245c07bdd2ce55f9c80b6ae16544a3,2011-03-07 18:47:09,prod,src/main/java/org/apache/commons/lang3/MutablePair.java,MutablePair,org/apache/commons/lang3,112,0,2721,7,"Decompose pair into an abstract class with element accessor methods + mutable/immutable concrete expression classes

git-svn-id: https://svn.apache.org/repos/asf/commons/proper/lang/trunk@1078889 13f79535-47bb-0310-9956-ffa450edef68",2011-03
b4e69a6efc245c07bdd2ce55f9c80b6ae16544a3,2011-03-07 18:47:09,test,src/test/java/org/apache/commons/lang3/ImmutablePairTest.java,ImmutablePairTest,org/apache/commons/lang3,102,0,2721,7,"Decompose pair into an abstract class with element accessor methods + mutable/immutable concrete expression classes

git-svn-id: https://svn.apache.org/repos/asf/commons/proper/lang/trunk@1078889 13f79535-47bb-0310-9956-ffa450edef68",2011-03
b4e69a6efc245c07bdd2ce55f9c80b6ae16544a3,2011-03-07 18:47:09,test,src/test/java/org/apache/commons/lang3/MutablePairTest.java,MutablePairTest,org/apache/commons/lang3,110,0,2721,7,"Decompose pair into an abstract class with element accessor methods + mutable/immutable concrete expression classes

git-svn-id: https://svn.apache.org/repos/asf/commons/proper/lang/trunk@1078889 13f79535-47bb-0310-9956-ffa450edef68",2011-03
2541a62def1c6e106ab4f4e0c72c45872dffca00,2011-04-07 06:28:21,prod,src/main/java/org/apache/commons/lang3/CharSequenceUtils.java,CharSequenceUtils,org/apache/commons/lang3,196,0,2820,4,"Moving the CharSequence specific methods out of StringUtils and reintroducing the CharSequenceUtils class

git-svn-id: https://svn.apache.org/repos/asf/commons/proper/lang/trunk@1089751 13f79535-47bb-0310-9956-ffa450edef68",2011-04
2541a62def1c6e106ab4f4e0c72c45872dffca00,2011-04-07 06:28:21,test,src/test/java/org/apache/commons/lang3/CharSequenceUtilsTest.java,CharSequenceUtilsTest,org/apache/commons/lang3,76,0,2820,4,"Moving the CharSequence specific methods out of StringUtils and reintroducing the CharSequenceUtils class

git-svn-id: https://svn.apache.org/repos/asf/commons/proper/lang/trunk@1089751 13f79535-47bb-0310-9956-ffa450edef68",2011-04
9ef322c33c465d8ae9a1d854dfa977f47f629009,2011-04-20 06:51:16,prod,src/main/java/org/apache/commons/lang3/time/FormatCache.java,FormatCache,org/apache/commons/lang3/time,201,0,2888,3,"Refactoring FastDateFormat per LANG-462 to use the FormatCache class created for an upcoming DateParser functionality. I've kept FormatCache package-private for now. 

git-svn-id: https://svn.apache.org/repos/asf/commons/proper/lang/trunk@1095299 13f79535-47bb-0310-9956-ffa450edef68",2011-04
2fb208b8d8c77bd0abc425c41a7a4f9bd43495ba,2011-04-21 22:21:13,prod,src/main/java/org/apache/commons/lang3/util/FormattableUtils.java,FormattableUtils,org/apache/commons/lang3/util,141,0,2890,3,"[LANG-697] Add FormattableUtils class

git-svn-id: https://svn.apache.org/repos/asf/commons/proper/lang/trunk@1095833 13f79535-47bb-0310-9956-ffa450edef68",2011-04
2fb208b8d8c77bd0abc425c41a7a4f9bd43495ba,2011-04-21 22:21:13,test,src/test/java/org/apache/commons/lang3/util/FormattableUtilsTest.java,FormattableUtilsTest,org/apache/commons/lang3/util,122,0,2890,3,"[LANG-697] Add FormattableUtils class

git-svn-id: https://svn.apache.org/repos/asf/commons/proper/lang/trunk@1095833 13f79535-47bb-0310-9956-ffa450edef68",2011-04
6be2343397b8192fc1328da21962dea27a8b2422,2011-07-06 23:54:57,test,src/test/java/org/apache/commons/lang3/exception/AbstractExceptionContextTest.java,AbstractExceptionContextTest,org/apache/commons/lang3/exception,170,0,2971,8,"Refactor ExceptionContext and derived. Context contract stipulates a sequence of label-value entries with support for multiple entries for the same label.

git-svn-id: https://svn.apache.org/repos/asf/commons/proper/lang/trunk@1143612 13f79535-47bb-0310-9956-ffa450edef68",2011-07
4b047fc607fef0bf307bcdab09583725bcd20fb3,2011-07-17 00:30:04,test,src/test/java/org/apache/commons/lang3/ArrayUtilsRemoveMultipleTest.java,ArrayUtilsRemoveMultipleTest,org/apache/commons/lang3,1045,0,3003,2,"[LANG-721] Complement ArrayUtils.addAll() variants with by-index and by-value removal methods

git-svn-id: https://svn.apache.org/repos/asf/commons/proper/lang/trunk@1147507 13f79535-47bb-0310-9956-ffa450edef68",2011-07
8fb580f1a81db3e1f965245ae71aa5585485a754,2011-08-08 05:10:00,prod,src/main/java/org/apache/commons/lang3/compare/ComparatorUtils.java,ComparatorUtils,org/apache/commons/lang3/compare,247,0,3079,1,"Copying from Collections to Lang

git-svn-id: https://svn.apache.org/repos/asf/commons/proper/lang/trunk@1154826 13f79535-47bb-0310-9956-ffa450edef68",2011-08
8650ed30a0dd447282e61264b6e0e98280a01dde,2011-08-08 05:10:33,prod,src/main/java/org/apache/commons/lang3/compare/ComparableComparator.java,ComparableComparator,org/apache/commons/lang3/compare,129,0,3080,1,"Copying from Collections to Lang

git-svn-id: https://svn.apache.org/repos/asf/commons/proper/lang/trunk@1154827 13f79535-47bb-0310-9956-ffa450edef68",2011-08
c409d491537d8fae5f90b71be1b90c045933b9cd,2011-08-08 05:10:47,prod,src/main/java/org/apache/commons/lang3/compare/ComparatorChain.java,ComparatorChain,org/apache/commons/lang3/compare,347,0,3081,1,"Copying from Collections to Lang

git-svn-id: https://svn.apache.org/repos/asf/commons/proper/lang/trunk@1154828 13f79535-47bb-0310-9956-ffa450edef68",2011-08
c405a2bac5cae9b0506001e93b3fba934008bd87,2011-08-08 05:10:59,prod,src/main/java/org/apache/commons/lang3/compare/FixedOrderComparator.java,FixedOrderComparator,org/apache/commons/lang3/compare,247,0,3082,1,"Copying from Collections to Lang

git-svn-id: https://svn.apache.org/repos/asf/commons/proper/lang/trunk@1154829 13f79535-47bb-0310-9956-ffa450edef68",2011-08
2276b288b80ca834379716a87b2a6a2a9b7e9a3a,2011-08-08 05:11:16,prod,src/main/java/org/apache/commons/lang3/compare/NullComparator.java,NullComparator,org/apache/commons/lang3/compare,182,0,3083,1,"Copying from Collections to Lang

git-svn-id: https://svn.apache.org/repos/asf/commons/proper/lang/trunk@1154830 13f79535-47bb-0310-9956-ffa450edef68",2011-08
cebecbbca8453eb9f70d3c5948f2cb483bdf30a1,2011-08-08 05:11:26,prod,src/main/java/org/apache/commons/lang3/compare/ReverseComparator.java,ReverseComparator,org/apache/commons/lang3/compare,126,0,3084,1,"Copying from Collections to Lang

git-svn-id: https://svn.apache.org/repos/asf/commons/proper/lang/trunk@1154831 13f79535-47bb-0310-9956-ffa450edef68",2011-08
f32ee938f3faca43e2ac9fae5925802481d40bd0,2011-08-08 05:18:14,test,src/test/java/org/apache/commons/lang3/compare/BulkTest.java,BulkTest,org/apache/commons/lang3/compare,464,0,3087,1,"Copying from Collections to Lang

git-svn-id: https://svn.apache.org/repos/asf/commons/proper/lang/trunk@1154835 13f79535-47bb-0310-9956-ffa450edef68",2011-08
0eaabc4315f9123c8b95f6275d673219edb94031,2011-08-18 04:13:48,test,src/test/java/org/apache/commons/lang3/compare/NullComparatorTest.java,NullComparatorTest,org/apache/commons/lang3/compare,55,0,3119,1,"Adding a basic NullComparatorTest

git-svn-id: https://svn.apache.org/repos/asf/commons/proper/lang/trunk@1159023 13f79535-47bb-0310-9956-ffa450edef68",2011-08
4fd7625f4bf4f2c22ca7fecb3d18925bec53b383,2011-08-18 04:20:40,test,src/test/java/org/apache/commons/lang3/compare/ReverseComparatorTest.java,ReverseComparatorTest,org/apache/commons/lang3/compare,52,0,3120,1,"Adding a basic ReverseComparatorTest

git-svn-id: https://svn.apache.org/repos/asf/commons/proper/lang/trunk@1159024 13f79535-47bb-0310-9956-ffa450edef68",2011-08
8e57642b794b02f1257d04da872932710981aab8,2011-08-18 04:24:57,test,src/test/java/org/apache/commons/lang3/compare/FixedOrderComparatorTest.java,FixedOrderComparatorTest,org/apache/commons/lang3/compare,52,0,3122,1,"Adding a basic FixedOrderComparatorTest

git-svn-id: https://svn.apache.org/repos/asf/commons/proper/lang/trunk@1159026 13f79535-47bb-0310-9956-ffa450edef68",2011-08
07f1732b2f817da6d2f1c267395ec358395759ca,2011-08-18 04:36:12,test,src/test/java/org/apache/commons/lang3/compare/ComparableComparatorTest.java,ComparableComparatorTest,org/apache/commons/lang3/compare,53,0,3124,1,"Adding a basic ComparableComparator test

git-svn-id: https://svn.apache.org/repos/asf/commons/proper/lang/trunk@1159030 13f79535-47bb-0310-9956-ffa450edef68",2011-08
2e30bec7af9ab1ba7fdccd92a2ccf209fba19f32,2011-08-25 15:27:39,prod,src/main/java/org/apache/commons/lang3/compare/ComparatorUtils.java,ComparatorUtils,org/apache/commons/lang3/compare,201,0,3133,1,"Rolling back r1161378. NullComparator and ReverseComparator need the NATURAL_COMPARATOR field and the ComparableComparator.INSTANCE field is not a straight replacement

git-svn-id: https://svn.apache.org/repos/asf/commons/proper/lang/trunk@1161605 13f79535-47bb-0310-9956-ffa450edef68",2011-08
2fcc80e71f59795e6dcb11022bd7a3d33dadce5c,2011-09-11 05:07:14,test,src/test/java/org/apache/commons/lang3/compare/ComparatorChainTest.java,ComparatorChainTest,org/apache/commons/lang3/compare,54,0,3160,2,"Simplifying ComparatorChain version from the version taken from Commons Collections. The ability to modify the comparator list, and the ability to reverse items (rather than simply wrapping in ReverseComparator) was complexity inducing. Also added a unit test. 

git-svn-id: https://svn.apache.org/repos/asf/commons/proper/lang/trunk@1167671 13f79535-47bb-0310-9956-ffa450edef68",2011-09
8819b52ba114f3929621d0446a3bf15bcd90f35e,2011-09-11 05:47:33,prod,src/main/java/org/apache/commons/lang3/compare/UnmodifiableIterator.java,UnmodifiableIterator,org/apache/commons/lang3/compare,61,0,3161,3,"Making ComparatorChain implement Iterable. Including test and package private copy of Collections' UnmodifiableIterator

git-svn-id: https://svn.apache.org/repos/asf/commons/proper/lang/trunk@1167673 13f79535-47bb-0310-9956-ffa450edef68",2011-09
44cd641b4ecea28adc112ddf668380773cff9bb5,2011-11-09 14:34:43,test,src/test/java/org/apache/commons/lang3/builder/ToStringStyleConcurrencyTest.java,ToStringStyleConcurrencyTest,org/apache/commons/lang3/builder,108,0,3201,1,"[LANG-762] Handle or document ReflectionToStringBuilder and ToStringBuilder for collections that are not thread safe.

git-svn-id: https://svn.apache.org/repos/asf/commons/proper/lang/trunk@1199773 13f79535-47bb-0310-9956-ffa450edef68",2011-11
baa994c62720ccb45665aa215344cd03d8e64cd5,2011-11-09 15:07:16,test,src/test/java/org/apache/commons/lang3/builder/ReflectionToStringBuilderConcurrencyTest.java,ReflectionToStringBuilderConcurrencyTest,org/apache/commons/lang3/builder,116,0,3202,1,"[LANG-762] Handle or document ReflectionToStringBuilder and ToStringBuilder for collections that are not thread safe.

git-svn-id: https://svn.apache.org/repos/asf/commons/proper/lang/trunk@1199786 13f79535-47bb-0310-9956-ffa450edef68",2011-11
67d4ef2e920bdd28d797589d3ce5c6f22c049d4a,2011-11-09 15:13:05,test,src/test/java/org/apache/commons/lang3/builder/ReflectionToStringBuilderMutateInspectConcurrencyTest.java,ReflectionToStringBuilderMutateInspectConcurrencyTest,org/apache/commons/lang3/builder,107,0,3205,1,"[LANG-762] Handle or document ReflectionToStringBuilder and ToStringBuilder for collections that are not thread safe.

git-svn-id: https://svn.apache.org/repos/asf/commons/proper/lang/trunk@1199790 13f79535-47bb-0310-9956-ffa450edef68",2011-11
b4011cf021f252460dd2a528545311413c72c584,2011-11-24 06:20:59,prod,src/main/java/org/apache/commons/lang3/tuple/ImmutableTriple.java,ImmutableTriple,org/apache/commons/lang3/tuple,104,0,3239,7,"Adding Henning's GitHub pull request with a Triple implementation. LANG-675

git-svn-id: https://svn.apache.org/repos/asf/commons/proper/lang/trunk@1205734 13f79535-47bb-0310-9956-ffa450edef68",2011-11
b4011cf021f252460dd2a528545311413c72c584,2011-11-24 06:20:59,prod,src/main/java/org/apache/commons/lang3/tuple/MutableTriple.java,MutableTriple,org/apache/commons/lang3/tuple,133,0,3239,7,"Adding Henning's GitHub pull request with a Triple implementation. LANG-675

git-svn-id: https://svn.apache.org/repos/asf/commons/proper/lang/trunk@1205734 13f79535-47bb-0310-9956-ffa450edef68",2011-11
b4011cf021f252460dd2a528545311413c72c584,2011-11-24 06:20:59,prod,src/main/java/org/apache/commons/lang3/tuple/Triple.java,Triple,org/apache/commons/lang3/tuple,159,0,3239,7,"Adding Henning's GitHub pull request with a Triple implementation. LANG-675

git-svn-id: https://svn.apache.org/repos/asf/commons/proper/lang/trunk@1205734 13f79535-47bb-0310-9956-ffa450edef68",2011-11
b4011cf021f252460dd2a528545311413c72c584,2011-11-24 06:20:59,test,src/test/java/org/apache/commons/lang3/tuple/ImmutableTripleTest.java,ImmutableTripleTest,org/apache/commons/lang3/tuple,113,0,3239,7,"Adding Henning's GitHub pull request with a Triple implementation. LANG-675

git-svn-id: https://svn.apache.org/repos/asf/commons/proper/lang/trunk@1205734 13f79535-47bb-0310-9956-ffa450edef68",2011-11
b4011cf021f252460dd2a528545311413c72c584,2011-11-24 06:20:59,test,src/test/java/org/apache/commons/lang3/tuple/MutableTripleTest.java,MutableTripleTest,org/apache/commons/lang3/tuple,121,0,3239,7,"Adding Henning's GitHub pull request with a Triple implementation. LANG-675

git-svn-id: https://svn.apache.org/repos/asf/commons/proper/lang/trunk@1205734 13f79535-47bb-0310-9956-ffa450edef68",2011-11
b4011cf021f252460dd2a528545311413c72c584,2011-11-24 06:20:59,test,src/test/java/org/apache/commons/lang3/tuple/TripleTest.java,TripleTest,org/apache/commons/lang3/tuple,127,0,3239,7,"Adding Henning's GitHub pull request with a Triple implementation. LANG-675

git-svn-id: https://svn.apache.org/repos/asf/commons/proper/lang/trunk@1205734 13f79535-47bb-0310-9956-ffa450edef68",2011-11
cc340ad2eb6a783f6abe8d02f2c32bb02b01505c,2012-01-26 07:00:26,prod,src/main/java/org/apache/commons/lang3/time/DateParser.java,DateParser,org/apache/commons/lang3/time,95,0,3250,12,"Applying Chas Honton's implementation of DateParser and subsequent integration into FastDateFormat and the time package. See LANG-462. 

git-svn-id: https://svn.apache.org/repos/asf/commons/proper/lang/trunk@1236055 13f79535-47bb-0310-9956-ffa450edef68",2012-01
cc340ad2eb6a783f6abe8d02f2c32bb02b01505c,2012-01-26 07:00:26,prod,src/main/java/org/apache/commons/lang3/time/DatePrinter.java,DatePrinter,org/apache/commons/lang3/time,125,0,3250,12,"Applying Chas Honton's implementation of DateParser and subsequent integration into FastDateFormat and the time package. See LANG-462. 

git-svn-id: https://svn.apache.org/repos/asf/commons/proper/lang/trunk@1236055 13f79535-47bb-0310-9956-ffa450edef68",2012-01
cc340ad2eb6a783f6abe8d02f2c32bb02b01505c,2012-01-26 07:00:26,prod,src/main/java/org/apache/commons/lang3/time/FastDateParser.java,FastDateParser,org/apache/commons/lang3/time,816,0,3250,12,"Applying Chas Honton's implementation of DateParser and subsequent integration into FastDateFormat and the time package. See LANG-462. 

git-svn-id: https://svn.apache.org/repos/asf/commons/proper/lang/trunk@1236055 13f79535-47bb-0310-9956-ffa450edef68",2012-01
cc340ad2eb6a783f6abe8d02f2c32bb02b01505c,2012-01-26 07:00:26,prod,src/main/java/org/apache/commons/lang3/time/FastDatePrinter.java,FastDatePrinter,org/apache/commons/lang3/time,1209,0,3250,12,"Applying Chas Honton's implementation of DateParser and subsequent integration into FastDateFormat and the time package. See LANG-462. 

git-svn-id: https://svn.apache.org/repos/asf/commons/proper/lang/trunk@1236055 13f79535-47bb-0310-9956-ffa450edef68",2012-01
cc340ad2eb6a783f6abe8d02f2c32bb02b01505c,2012-01-26 07:00:26,test,src/test/java/org/apache/commons/lang3/time/FastDateFormat_ParserTest.java,FastDateFormat_ParserTest,org/apache/commons/lang3/time,33,0,3250,12,"Applying Chas Honton's implementation of DateParser and subsequent integration into FastDateFormat and the time package. See LANG-462. 

git-svn-id: https://svn.apache.org/repos/asf/commons/proper/lang/trunk@1236055 13f79535-47bb-0310-9956-ffa450edef68",2012-01
cc340ad2eb6a783f6abe8d02f2c32bb02b01505c,2012-01-26 07:00:26,test,src/test/java/org/apache/commons/lang3/time/FastDateFormat_PrinterTest.java,FastDateFormat_PrinterTest,org/apache/commons/lang3/time,33,0,3250,12,"Applying Chas Honton's implementation of DateParser and subsequent integration into FastDateFormat and the time package. See LANG-462. 

git-svn-id: https://svn.apache.org/repos/asf/commons/proper/lang/trunk@1236055 13f79535-47bb-0310-9956-ffa450edef68",2012-01
cc340ad2eb6a783f6abe8d02f2c32bb02b01505c,2012-01-26 07:00:26,test,src/test/java/org/apache/commons/lang3/time/FastDateParserTest.java,FastDateParserTest,org/apache/commons/lang3/time,364,0,3250,12,"Applying Chas Honton's implementation of DateParser and subsequent integration into FastDateFormat and the time package. See LANG-462. 

git-svn-id: https://svn.apache.org/repos/asf/commons/proper/lang/trunk@1236055 13f79535-47bb-0310-9956-ffa450edef68",2012-01
cc340ad2eb6a783f6abe8d02f2c32bb02b01505c,2012-01-26 07:00:26,test,src/test/java/org/apache/commons/lang3/time/FastDatePrinterTest.java,FastDatePrinterTest,org/apache/commons/lang3/time,263,0,3250,12,"Applying Chas Honton's implementation of DateParser and subsequent integration into FastDateFormat and the time package. See LANG-462. 

git-svn-id: https://svn.apache.org/repos/asf/commons/proper/lang/trunk@1236055 13f79535-47bb-0310-9956-ffa450edef68",2012-01
1000d1a1bd5f6ee3da368b4932eb00e55174b93d,2012-09-27 18:09:08,prod,src/main/java/org/apache/commons/lang3/Conversion.java,Conversion,org/apache/commons/lang3,1443,0,3387,4,"LANG-801:  Add Conversion utility to convert between data types on byte level

git-svn-id: https://svn.apache.org/repos/asf/commons/proper/lang/trunk@1391148 13f79535-47bb-0310-9956-ffa450edef68",2012-09
1000d1a1bd5f6ee3da368b4932eb00e55174b93d,2012-09-27 18:09:08,test,src/test/java/org/apache/commons/lang3/ConversionTest.java,ConversionTest,org/apache/commons/lang3,1787,0,3387,4,"LANG-801:  Add Conversion utility to convert between data types on byte level

git-svn-id: https://svn.apache.org/repos/asf/commons/proper/lang/trunk@1391148 13f79535-47bb-0310-9956-ffa450edef68",2012-09
ec242df4608a584320830783953aeecf30a857d1,2012-10-09 01:15:20,test,src/test/java/org/apache/commons/lang3/HashSetvBitSetTest.java,HashSetvBitSetTest,org/apache/commons/lang3,112,0,3411,1,"LANG-839 ArrayUtils removeElements methods use unnecessary HashSet
Add benchmark test to show whether Bitset is faster

git-svn-id: https://svn.apache.org/repos/asf/commons/proper/lang/trunk@1395834 13f79535-47bb-0310-9956-ffa450edef68",2012-10
0c9622b749f3d49798059c74ad66a51f3c782b5a,2012-11-24 01:56:20,prod,src/main/java/org/apache/commons/lang3/text/translate/JavaUnicodeEscaper.java,JavaUnicodeEscaper,org/apache/commons/lang3/text/translate,96,0,3448,5,"<action issue=""LANG-858"" type=""fix"">StringEscapeUtils.escapeJava() and escapeEcmaScript() do not output the escaped surrogate pairs that are Java parsable</action>

git-svn-id: https://svn.apache.org/repos/asf/commons/proper/lang/trunk@1413114 13f79535-47bb-0310-9956-ffa450edef68",2012-11
327593c27dc2b299eea3c56b07f2cedd21958e3f,2013-09-23 22:13:57,prod,src/main/java/org/apache/commons/lang3/reflect/TypeLiteral.java,TypeLiteral,org/apache/commons/lang3/reflect,79,0,3569,3,"[LANG-919] Provide TypeLiteral class similar to javax.enterprise.util.TypeLiteral


git-svn-id: https://svn.apache.org/repos/asf/commons/proper/lang/trunk@1525711 13f79535-47bb-0310-9956-ffa450edef68",2013-09
327593c27dc2b299eea3c56b07f2cedd21958e3f,2013-09-23 22:13:57,prod,src/main/java/org/apache/commons/lang3/reflect/Typed.java,Typed,org/apache/commons/lang3/reflect,32,0,3569,3,"[LANG-919] Provide TypeLiteral class similar to javax.enterprise.util.TypeLiteral


git-svn-id: https://svn.apache.org/repos/asf/commons/proper/lang/trunk@1525711 13f79535-47bb-0310-9956-ffa450edef68",2013-09
327593c27dc2b299eea3c56b07f2cedd21958e3f,2013-09-23 22:13:57,test,src/test/java/org/apache/commons/lang3/reflect/TypeLiteralTest.java,TypeLiteralTest,org/apache/commons/lang3/reflect,56,0,3569,3,"[LANG-919] Provide TypeLiteral class similar to javax.enterprise.util.TypeLiteral


git-svn-id: https://svn.apache.org/repos/asf/commons/proper/lang/trunk@1525711 13f79535-47bb-0310-9956-ffa450edef68",2013-09
dac619c84d257aac5908752777f3f1265bd5c42f,2013-10-21 21:24:47,prod,src/main/java/org/apache/commons/lang3/NotImplementedException.java,NotImplementedException,org/apache/commons/lang3,129,0,3621,2,"Returning NotImplementedException to Lang after it was removed in Lang 3.0 per the request in LANG-769. 

git-svn-id: https://svn.apache.org/repos/asf/commons/proper/lang/trunk@1534380 13f79535-47bb-0310-9956-ffa450edef68",2013-10
dac619c84d257aac5908752777f3f1265bd5c42f,2013-10-21 21:24:47,test,src/test/java/org/apache/commons/lang3/NotImplementedExceptionTest.java,NotImplementedExceptionTest,org/apache/commons/lang3,56,0,3621,2,"Returning NotImplementedException to Lang after it was removed in Lang 3.0 per the request in LANG-769. 

git-svn-id: https://svn.apache.org/repos/asf/commons/proper/lang/trunk@1534380 13f79535-47bb-0310-9956-ffa450edef68",2013-10
cfb488a05fe1369d3b9df3beca0fcbcd5d01904c,2013-11-25 03:38:11,prod,src/main/java/org/apache/commons/lang3/reflect/InheritanceUtils.java,InheritanceUtils,org/apache/commons/lang3/reflect,60,0,3657,6,"LANG-863 Method returns number of inheritance hops between parent and subclass

git-svn-id: https://svn.apache.org/repos/asf/commons/proper/lang/trunk@1545145 13f79535-47bb-0310-9956-ffa450edef68",2013-11
cfb488a05fe1369d3b9df3beca0fcbcd5d01904c,2013-11-25 03:38:11,test,src/test/java/org/apache/commons/lang3/reflect/InheritanceUtilsTest.java,InheritanceUtilsTest,org/apache/commons/lang3/reflect,79,0,3657,6,"LANG-863 Method returns number of inheritance hops between parent and subclass

git-svn-id: https://svn.apache.org/repos/asf/commons/proper/lang/trunk@1545145 13f79535-47bb-0310-9956-ffa450edef68",2013-11
b05a81debb13faed7674c14459bbbddc1d76972f,2014-01-11 19:10:13,prod,src/main/java/org/apache/commons/lang3/RandomUtils.java,RandomUtils,org/apache/commons/lang3,159,0,3730,3,"LANG-900: New RandumUtils class. Thanks to Duncan Jones

git-svn-id: https://svn.apache.org/repos/asf/commons/proper/lang/trunk@1557434 13f79535-47bb-0310-9956-ffa450edef68",2014-01
b05a81debb13faed7674c14459bbbddc1d76972f,2014-01-11 19:10:13,test,src/test/java/org/apache/commons/lang3/RandomUtilsTest.java,RandomUtilsTest,org/apache/commons/lang3,210,0,3730,3,"LANG-900: New RandumUtils class. Thanks to Duncan Jones

git-svn-id: https://svn.apache.org/repos/asf/commons/proper/lang/trunk@1557434 13f79535-47bb-0310-9956-ffa450edef68",2014-01
c20c8fa1bcee012b26190ba89eb4c0ca29a64532,2014-01-15 19:38:15,prod,src/main/java/org/apache/commons/lang3/builder/package-info.java,package-info,org/apache/commons/lang3/builder,30,0,3747,26,"LANG-953: Convert package.html files to package-info.java files

git-svn-id: https://svn.apache.org/repos/asf/commons/proper/lang/trunk@1558546 13f79535-47bb-0310-9956-ffa450edef68",2014-01
c20c8fa1bcee012b26190ba89eb4c0ca29a64532,2014-01-15 19:38:15,prod,src/main/java/org/apache/commons/lang3/concurrent/package-info.java,package-info,org/apache/commons/lang3/concurrent,24,0,3747,26,"LANG-953: Convert package.html files to package-info.java files

git-svn-id: https://svn.apache.org/repos/asf/commons/proper/lang/trunk@1558546 13f79535-47bb-0310-9956-ffa450edef68",2014-01
c20c8fa1bcee012b26190ba89eb4c0ca29a64532,2014-01-15 19:38:15,prod,src/main/java/org/apache/commons/lang3/event/package-info.java,package-info,org/apache/commons/lang3/event,23,0,3747,26,"LANG-953: Convert package.html files to package-info.java files

git-svn-id: https://svn.apache.org/repos/asf/commons/proper/lang/trunk@1558546 13f79535-47bb-0310-9956-ffa450edef68",2014-01
c20c8fa1bcee012b26190ba89eb4c0ca29a64532,2014-01-15 19:38:15,prod,src/main/java/org/apache/commons/lang3/exception/package-info.java,package-info,org/apache/commons/lang3/exception,27,0,3747,26,"LANG-953: Convert package.html files to package-info.java files

git-svn-id: https://svn.apache.org/repos/asf/commons/proper/lang/trunk@1558546 13f79535-47bb-0310-9956-ffa450edef68",2014-01
c20c8fa1bcee012b26190ba89eb4c0ca29a64532,2014-01-15 19:38:15,prod,src/main/java/org/apache/commons/lang3/math/package-info.java,package-info,org/apache/commons/lang3/math,26,0,3747,26,"LANG-953: Convert package.html files to package-info.java files

git-svn-id: https://svn.apache.org/repos/asf/commons/proper/lang/trunk@1558546 13f79535-47bb-0310-9956-ffa450edef68",2014-01
c20c8fa1bcee012b26190ba89eb4c0ca29a64532,2014-01-15 19:38:15,prod,src/main/java/org/apache/commons/lang3/mutable/package-info.java,package-info,org/apache/commons/lang3/mutable,24,0,3747,26,"LANG-953: Convert package.html files to package-info.java files

git-svn-id: https://svn.apache.org/repos/asf/commons/proper/lang/trunk@1558546 13f79535-47bb-0310-9956-ffa450edef68",2014-01
c20c8fa1bcee012b26190ba89eb4c0ca29a64532,2014-01-15 19:38:15,prod,src/main/java/org/apache/commons/lang3/package-info.java,package-info,org/apache/commons/lang3,26,0,3747,26,"LANG-953: Convert package.html files to package-info.java files

git-svn-id: https://svn.apache.org/repos/asf/commons/proper/lang/trunk@1558546 13f79535-47bb-0310-9956-ffa450edef68",2014-01
c20c8fa1bcee012b26190ba89eb4c0ca29a64532,2014-01-15 19:38:15,prod,src/main/java/org/apache/commons/lang3/reflect/package-info.java,package-info,org/apache/commons/lang3/reflect,24,0,3747,26,"LANG-953: Convert package.html files to package-info.java files

git-svn-id: https://svn.apache.org/repos/asf/commons/proper/lang/trunk@1558546 13f79535-47bb-0310-9956-ffa450edef68",2014-01
c20c8fa1bcee012b26190ba89eb4c0ca29a64532,2014-01-15 19:38:15,prod,src/main/java/org/apache/commons/lang3/text/package-info.java,package-info,org/apache/commons/lang3/text,25,0,3747,26,"LANG-953: Convert package.html files to package-info.java files

git-svn-id: https://svn.apache.org/repos/asf/commons/proper/lang/trunk@1558546 13f79535-47bb-0310-9956-ffa450edef68",2014-01
c20c8fa1bcee012b26190ba89eb4c0ca29a64532,2014-01-15 19:38:15,prod,src/main/java/org/apache/commons/lang3/text/translate/package-info.java,package-info,org/apache/commons/lang3/text/translate,25,0,3747,26,"LANG-953: Convert package.html files to package-info.java files

git-svn-id: https://svn.apache.org/repos/asf/commons/proper/lang/trunk@1558546 13f79535-47bb-0310-9956-ffa450edef68",2014-01
c20c8fa1bcee012b26190ba89eb4c0ca29a64532,2014-01-15 19:38:15,prod,src/main/java/org/apache/commons/lang3/time/package-info.java,package-info,org/apache/commons/lang3/time,24,0,3747,26,"LANG-953: Convert package.html files to package-info.java files

git-svn-id: https://svn.apache.org/repos/asf/commons/proper/lang/trunk@1558546 13f79535-47bb-0310-9956-ffa450edef68",2014-01
c20c8fa1bcee012b26190ba89eb4c0ca29a64532,2014-01-15 19:38:15,prod,src/main/java/org/apache/commons/lang3/tuple/package-info.java,package-info,org/apache/commons/lang3/tuple,23,0,3747,26,"LANG-953: Convert package.html files to package-info.java files

git-svn-id: https://svn.apache.org/repos/asf/commons/proper/lang/trunk@1558546 13f79535-47bb-0310-9956-ffa450edef68",2014-01
43008052af8543899996c6bd2410429398f9582d,2014-01-19 13:26:45,prod,src/main/java/org/apache/commons/lang3/ClassPathUtils.java,ClassPathUtils,org/apache/commons/lang3,137,0,3751,3,"LANG-417: New class ClassPathUtils with methods for turning FQN into resource path

git-svn-id: https://svn.apache.org/repos/asf/commons/proper/lang/trunk@1559495 13f79535-47bb-0310-9956-ffa450edef68",2014-01
43008052af8543899996c6bd2410429398f9582d,2014-01-19 13:26:45,test,src/test/java/org/apache/commons/lang3/ClassPathUtilsTest.java,ClassPathUtilsTest,org/apache/commons/lang3,99,0,3751,3,"LANG-417: New class ClassPathUtils with methods for turning FQN into resource path

git-svn-id: https://svn.apache.org/repos/asf/commons/proper/lang/trunk@1559495 13f79535-47bb-0310-9956-ffa450edef68",2014-01
ea47f03c4d6fba945be43d5c676075ba98b28138,2014-01-24 22:37:50,prod,src/main/java/org/apache/commons/lang3/builder/Diff.java,Diff,org/apache/commons/lang3/builder,119,0,3784,8,"LANG-637: There should be a DifferenceBuilder with a ReflectionDifferenceBuilder implementation

git-svn-id: https://svn.apache.org/repos/asf/commons/proper/lang/trunk@1561215 13f79535-47bb-0310-9956-ffa450edef68",2014-01
ea47f03c4d6fba945be43d5c676075ba98b28138,2014-01-24 22:37:50,prod,src/main/java/org/apache/commons/lang3/builder/DiffBuilder.java,DiffBuilder,org/apache/commons/lang3/builder,914,0,3784,8,"LANG-637: There should be a DifferenceBuilder with a ReflectionDifferenceBuilder implementation

git-svn-id: https://svn.apache.org/repos/asf/commons/proper/lang/trunk@1561215 13f79535-47bb-0310-9956-ffa450edef68",2014-01
ea47f03c4d6fba945be43d5c676075ba98b28138,2014-01-24 22:37:50,prod,src/main/java/org/apache/commons/lang3/builder/DiffList.java,DiffList,org/apache/commons/lang3/builder,208,0,3784,8,"LANG-637: There should be a DifferenceBuilder with a ReflectionDifferenceBuilder implementation

git-svn-id: https://svn.apache.org/repos/asf/commons/proper/lang/trunk@1561215 13f79535-47bb-0310-9956-ffa450edef68",2014-01
ea47f03c4d6fba945be43d5c676075ba98b28138,2014-01-24 22:37:50,prod,src/main/java/org/apache/commons/lang3/builder/Diffable.java,Diffable,org/apache/commons/lang3/builder,54,0,3784,8,"LANG-637: There should be a DifferenceBuilder with a ReflectionDifferenceBuilder implementation

git-svn-id: https://svn.apache.org/repos/asf/commons/proper/lang/trunk@1561215 13f79535-47bb-0310-9956-ffa450edef68",2014-01
ea47f03c4d6fba945be43d5c676075ba98b28138,2014-01-24 22:37:50,test,src/test/java/org/apache/commons/lang3/builder/DiffBuilderTest.java,DiffBuilderTest,org/apache/commons/lang3/builder,415,0,3784,8,"LANG-637: There should be a DifferenceBuilder with a ReflectionDifferenceBuilder implementation

git-svn-id: https://svn.apache.org/repos/asf/commons/proper/lang/trunk@1561215 13f79535-47bb-0310-9956-ffa450edef68",2014-01
ea47f03c4d6fba945be43d5c676075ba98b28138,2014-01-24 22:37:50,test,src/test/java/org/apache/commons/lang3/builder/DiffListTest.java,DiffListTest,org/apache/commons/lang3/builder,149,0,3784,8,"LANG-637: There should be a DifferenceBuilder with a ReflectionDifferenceBuilder implementation

git-svn-id: https://svn.apache.org/repos/asf/commons/proper/lang/trunk@1561215 13f79535-47bb-0310-9956-ffa450edef68",2014-01
ea47f03c4d6fba945be43d5c676075ba98b28138,2014-01-24 22:37:50,test,src/test/java/org/apache/commons/lang3/builder/DiffTest.java,DiffTest,org/apache/commons/lang3/builder,72,0,3784,8,"LANG-637: There should be a DifferenceBuilder with a ReflectionDifferenceBuilder implementation

git-svn-id: https://svn.apache.org/repos/asf/commons/proper/lang/trunk@1561215 13f79535-47bb-0310-9956-ffa450edef68",2014-01
74fa00c3c503813da2413b9d5a862bb125ef50e7,2014-02-15 16:13:27,prod,src/main/java/org/apache/commons/lang3/text/translate/UnicodeUnpairedSurrogateRemover.java,UnicodeUnpairedSurrogateRemover,org/apache/commons/lang3/text/translate,43,0,3841,5,"LANG-955: Add methods for removing all invalid characters according to XML 1.0 and XML 1.1 in an input string to StringEscapeUtils. Thanks to Adam Hooper

git-svn-id: https://svn.apache.org/repos/asf/commons/proper/lang/trunk@1568639 13f79535-47bb-0310-9956-ffa450edef68",2014-02
74fa00c3c503813da2413b9d5a862bb125ef50e7,2014-02-15 16:13:27,test,src/test/java/org/apache/commons/lang3/text/translate/UnicodeUnpairedSurrogateRemoverTest.java,UnicodeUnpairedSurrogateRemoverTest,org/apache/commons/lang3/text/translate,48,0,3841,5,"LANG-955: Add methods for removing all invalid characters according to XML 1.0 and XML 1.1 in an input string to StringEscapeUtils. Thanks to Adam Hooper

git-svn-id: https://svn.apache.org/repos/asf/commons/proper/lang/trunk@1568639 13f79535-47bb-0310-9956-ffa450edef68",2014-02
600432075b9e07e160d5a9ba4ee615a2e9f20c6c,2014-02-17 15:45:17,prod,src/main/java/org/apache/commons/lang3/builder/RecursiveToStringStyle.java,RecursiveToStringStyle,org/apache/commons/lang3/builder,84,0,3842,4,"LANG-621: ReflectionToStringBuilder.toString does not debug 3rd party object fields within 3rd party object. Suggested by Philip Hodges. Final patch from Thomas Neidhart.

git-svn-id: https://svn.apache.org/repos/asf/commons/proper/lang/trunk@1569028 13f79535-47bb-0310-9956-ffa450edef68",2014-02
600432075b9e07e160d5a9ba4ee615a2e9f20c6c,2014-02-17 15:45:17,test,src/test/java/org/apache/commons/lang3/builder/RecursiveToStringStyleTest.java,RecursiveToStringStyleTest,org/apache/commons/lang3/builder,163,0,3842,4,"LANG-621: ReflectionToStringBuilder.toString does not debug 3rd party object fields within 3rd party object. Suggested by Philip Hodges. Final patch from Thomas Neidhart.

git-svn-id: https://svn.apache.org/repos/asf/commons/proper/lang/trunk@1569028 13f79535-47bb-0310-9956-ffa450edef68",2014-02
635e41ea181c5fee8860a7044c84ae3557b51189,2014-11-09 12:47:12,prod,src/main/java/org/apache/commons/lang3/builder/MultilineRecursiveToStringStyle.java,MultilineRecursiveToStringStyle,org/apache/commons/lang3/builder,219,0,4048,3,"LANG-1052: Multiline recursive to string style. This fixes #34 from github. Thanks to Jan Matèrne.

git-svn-id: https://svn.apache.org/repos/asf/commons/proper/lang/trunk@1637671 13f79535-47bb-0310-9956-ffa450edef68",2014-11
635e41ea181c5fee8860a7044c84ae3557b51189,2014-11-09 12:47:12,test,src/test/java/org/apache/commons/lang3/builder/MultilineRecursiveToStringStyleTest.java,MultilineRecursiveToStringStyleTest,org/apache/commons/lang3/builder,264,0,4048,3,"LANG-1052: Multiline recursive to string style. This fixes #34 from github. Thanks to Jan Matèrne.

git-svn-id: https://svn.apache.org/repos/asf/commons/proper/lang/trunk@1637671 13f79535-47bb-0310-9956-ffa450edef68",2014-11
c87380f0d932d115d1e46d0ee76958186c1a5c87,2014-12-31 16:34:49,test,src/test/java/org/apache/commons/lang3/builder/NoClassNameToStringStyleTest.java,NoClassNameToStringStyleTest,org/apache/commons/lang3/builder,129,0,4070,3,"LANG-1080: add NoClassNameToStringStyle implementation of ToStringStyle. This closes #40 from github. Thanks to Innokenty Shuvalov.

git-svn-id: https://svn.apache.org/repos/asf/commons/proper/lang/trunk@1648730 13f79535-47bb-0310-9956-ffa450edef68",2014-12
c4ddbe6456c9631c301171098a8ac016eb4e582c,2015-01-01 19:01:41,test,src/test/java/org/apache/commons/lang3/builder/JsonToStringStyleTest.java,JsonToStringStyleTest,org/apache/commons/lang3/builder,414,0,4071,3,"LANG-1015: Add JsonToStringStyle implementation to ToStringStyle. This fixes #12 and #26 from github. Thanks to Thiago Andrade.

git-svn-id: https://svn.apache.org/repos/asf/commons/proper/lang/trunk@1648919 13f79535-47bb-0310-9956-ffa450edef68",2015-01
2367948a0f7bbcf42cb3ef9d97216319a526d3eb,2015-03-01 17:59:34,test,src/test/java/org/apache/commons/lang3/time/FastDateParserSDFTest.java,FastDateParserSDFTest,org/apache/commons/lang3/time,118,0,4097,3,"LANG-1061 FastDateParser error - timezones not handled correctly

git-svn-id: https://svn.apache.org/repos/asf/commons/proper/lang/trunk@1663140 13f79535-47bb-0310-9956-ffa450edef68",2015-03
442e8c27055475283623299bfad6ad7d0f01040b,2015-03-13 21:00:37,test,src/test/java/org/apache/commons/lang3/time/FastDatePrinterTimeZonesTest.java,FastDatePrinterTimeZonesTest,org/apache/commons/lang3/time,49,0,4112,2,"Extract formatting tests of time zones into parameterized test

git-svn-id: https://svn.apache.org/repos/asf/commons/proper/lang/trunk@1666577 13f79535-47bb-0310-9956-ffa450edef68",2015-03
2ed96f00f724c3331d6b56b6b5650b9632f43954,2015-04-12 19:59:04,test,src/test/java/org/apache/commons/lang3/time/FastDateParser_TimeZoneStrategyTest.java,FastDateParser_TimeZoneStrategyTest,org/apache/commons/lang3/time,44,0,4200,2,"Refactored test into separate class, to avoid needless repeated execution by subclasses of the original test.

git-svn-id: https://svn.apache.org/repos/asf/commons/proper/lang/trunk@1673049 13f79535-47bb-0310-9956-ffa450edef68",2015-04
aeb6f86bcdec061ee9c6be96066fa19c56523490,2015-05-03 18:59:00,prod,src/main/java/org/apache/commons/lang3/builder/EqualsExclude.java,EqualsExclude,org/apache/commons/lang3/builder,33,0,4252,9,"EqualsExlcude notation, HashCodeExclude notation and ToStringExludeNotation",2015-05
aeb6f86bcdec061ee9c6be96066fa19c56523490,2015-05-03 18:59:00,prod,src/main/java/org/apache/commons/lang3/builder/HashCodeExclude.java,HashCodeExclude,org/apache/commons/lang3/builder,33,0,4252,9,"EqualsExlcude notation, HashCodeExclude notation and ToStringExludeNotation",2015-05
aeb6f86bcdec061ee9c6be96066fa19c56523490,2015-05-03 18:59:00,prod,src/main/java/org/apache/commons/lang3/builder/ToStringExclude.java,ToStringExclude,org/apache/commons/lang3/builder,33,0,4252,9,"EqualsExlcude notation, HashCodeExclude notation and ToStringExludeNotation",2015-05
aeb6f86bcdec061ee9c6be96066fa19c56523490,2015-05-03 18:59:00,test,src/test/java/org/apache/commons/lang3/builder/ReflectionToStringBuilderExcludeWithAnnotationTest.java,ReflectionToStringBuilderExcludeWithAnnotationTest,org/apache/commons/lang3/builder,63,0,4252,9,"EqualsExlcude notation, HashCodeExclude notation and ToStringExludeNotation",2015-05
6f653f6bb82757963a87d725808c080109e7e3e8,2015-05-03 22:16:31,prod,src/main/java/org/apache/commons/lang3/ThreadUtils.java,ThreadUtils,org/apache/commons/lang3,459,0,4253,2,Add ThreadUtils,2015-05
6f653f6bb82757963a87d725808c080109e7e3e8,2015-05-03 22:16:31,test,src/test/java/org/apache/commons/lang3/ThreadUtilsTest.java,ThreadUtilsTest,org/apache/commons/lang3,372,0,4253,2,Add ThreadUtils,2015-05
474a837858a8e7a98316f97e9ed387d0161015f2,2015-05-06 03:10:11,test,src/test/java/org/apache/commons/lang3/builder/ReflectionToStringBuilderTest.java,ReflectionToStringBuilderTest,org/apache/commons/lang3/builder,12,0,4281,1,add testConstructorWithNullObject case in ReflectionToStringBuilderTest.java,2015-05
d68f7f5f44924ddee14428e16b7458e2878baef2,2015-05-07 19:15:37,test,src/test/java/org/apache/commons/lang3/test/SystemDefaultsSwitchTest.java,SystemDefaultsSwitchTest,org/apache/commons/lang3/test,88,0,4303,1,Write basic unit test for SystemDefaultsSwitch,2015-05
94faa31bcf5c4fcb20818a3a0d23ae789932d2df,2015-06-12 03:07:13,test,src/test/java/org/apache/commons/lang3/time/FastDateParser_MoreOrLessTest.java,FastDateParser_MoreOrLessTest,org/apache/commons/lang3/time,113,0,4320,6,"refactor FastDateParser

use hashmap for performance
    break down regular expressions to per-format, allowing
ParsePosition to get set
    add parse with Calendar input, allowing client to set leniency
and/or replace display names",2015-06
2fa0b168d62a07365b2787d0ed97fa1c2cfb673b,2015-12-14 00:38:35,prod,src/main/java/org/apache/commons/lang3/time/CalendarReflection.java,CalendarReflection,org/apache/commons/lang3/time,99,0,4383,7,LANG-1192: FastDateFormat support of the week-year component (uppercase 'Y'),2015-12
2fa0b168d62a07365b2787d0ed97fa1c2cfb673b,2015-12-14 00:38:35,test,src/test/java/org/apache/commons/lang3/time/WeekYearTest.java,WeekYearTest,org/apache/commons/lang3/time,90,0,4383,7,LANG-1192: FastDateFormat support of the week-year component (uppercase 'Y'),2015-12
afc942c7b2bc0317cb549a3fd05080646e7274fc,2015-12-25 20:44:12,prod,src/main/java/org/apache/commons/lang3/time/CalendarReflection.java,CalendarReflection,org/apache/commons/lang3/time,99,0,4386,7,LANG-1192: FastDateFormat support of the week-year component (uppercase 'Y'),2015-12
afc942c7b2bc0317cb549a3fd05080646e7274fc,2015-12-25 20:44:12,test,src/test/java/org/apache/commons/lang3/time/WeekYearTest.java,WeekYearTest,org/apache/commons/lang3/time,90,0,4386,7,LANG-1192: FastDateFormat support of the week-year component (uppercase 'Y'),2015-12
04e52eb6155b3cbf5fffc0d52689a3f679e40b19,2016-03-14 02:54:32,prod,src/main/java/org/apache/commons/lang3/DigitalBase10SizeUnit.java,DigitalBase10SizeUnit,org/apache/commons/lang3,393,0,4419,3,"[LANG-1201] Add a TimeUnit-like classes for base 2 and base 10 digital
conversions (bits, bytes, KB, MB, and so on).",2016-03
04e52eb6155b3cbf5fffc0d52689a3f679e40b19,2016-03-14 02:54:32,prod,src/main/java/org/apache/commons/lang3/DigitalBase2SizeUnit.java,DigitalBase2SizeUnit,org/apache/commons/lang3,434,0,4419,3,"[LANG-1201] Add a TimeUnit-like classes for base 2 and base 10 digital
conversions (bits, bytes, KB, MB, and so on).",2016-03
a1cde6ab707515ae014c2635f9d32ad0ba64e7a0,2016-03-14 16:31:03,test,src/test/java/org/apache/commons/lang3/DigitalBase10SizeUnitTest.java,DigitalBase10SizeUnitTest,org/apache/commons/lang3,123,0,4420,2,"[LANG-1201] Add a TimeUnit-like classes for base 2 and base 10 digital
conversions (bits, bytes, KB, MB, and so on). Forgot to commit those.",2016-03
a1cde6ab707515ae014c2635f9d32ad0ba64e7a0,2016-03-14 16:31:03,test,src/test/java/org/apache/commons/lang3/DigitalBase2SizeUnitTest.java,DigitalBase2SizeUnitTest,org/apache/commons/lang3,123,0,4420,2,"[LANG-1201] Add a TimeUnit-like classes for base 2 and base 10 digital
conversions (bits, bytes, KB, MB, and so on). Forgot to commit those.",2016-03
dd5a0e6e1e3edb41afb4b40e4ec2c99e5932e73c,2016-05-09 07:31:06,prod,src/main/java/org/apache/commons/lang3/XMLCharacter.java,XMLCharacter,org/apache/commons/lang3,84,0,4445,3,[LANG-1227] Add XMLCharacter class.,2016-05
dd5a0e6e1e3edb41afb4b40e4ec2c99e5932e73c,2016-05-09 07:31:06,test,src/test/java/org/apache/commons/lang3/XMLCharacterTest.java,XMLCharacterTest,org/apache/commons/lang3,104,0,4445,3,[LANG-1227] Add XMLCharacter class.,2016-05
89eea1e72b6c9f9faa986fbe548a4fb1914cca9d,2016-06-07 20:22:40,prod,src/main/java/org/apache/commons/lang3/concurrent/AbstractCircuitBreaker.java,AbstractCircuitBreaker,org/apache/commons/lang3/concurrent,164,0,4496,7,"LANG-1085: Add a circuit breaker implementation (closes #95)

Squashed commit of the following:

commit 1b12db706b457408562a166c21bc6470a8064620
Merge: edebd97 def7832
Author: Oliver Heger <oliver.heger@oliver-heger.de>
Date:   Wed Jun 10 21:27:17 2015 +0200

    Merge pull request #1 from kinow/patch1

    This commit:

commit def78320c5efcb734572c5b48623a952e3c94c75
Author: Bruno P. Kinoshita <brunodepaulak@yahoo.com.br>
Date:   Wed Jun 10 22:57:33 2015 +1200

    This commit:

    * fixes JavaDocs warnings in Checkstyle
    * adds license headers
    * renames the MemoryCircuitBreaker to ThresholdCircuitBreaker
    * adds more tests to have a good coverage

commit edebd970582ce2984258352c8482bcb51587f7d2
Author: oheger <oliver.heger@oliver-heger.de>
Date:   Tue Jun 9 22:11:11 2015 +0200

    Documentation updates for EventCountCircuitBreaker.

commit 3d8a4ff85a78173dd8f5437d9b4d931069128e20
Author: oheger <oliver.heger@oliver-heger.de>
Date:   Tue Jun 9 21:55:02 2015 +0200

    Renamed TimedCircuitBreaker to EventCountCircuitBreaker.

    This name seems to be more appropriate as the main property of this circuit
    breaker implementation is that it counts specific events and changes its state
    when a certain threshold is reached.

commit 0e4ce5a984ef699ddace61bbf430d695b011c6b5
Author: oheger <oliver.heger@oliver-heger.de>
Date:   Tue Jun 9 21:51:22 2015 +0200

    Added documentation for CircuitBreaker interface.

commit 0e6b22190ef1868655fec9b3814a2345ad206f76
Author: oheger <oliver.heger@oliver-heger.de>
Date:   Mon Jun 8 22:27:05 2015 +0200

    Initial import of CircuitBreaker classes.",2016-06
89eea1e72b6c9f9faa986fbe548a4fb1914cca9d,2016-06-07 20:22:40,prod,src/main/java/org/apache/commons/lang3/concurrent/CircuitBreaker.java,CircuitBreaker,org/apache/commons/lang3/concurrent,93,0,4496,7,"LANG-1085: Add a circuit breaker implementation (closes #95)

Squashed commit of the following:

commit 1b12db706b457408562a166c21bc6470a8064620
Merge: edebd97 def7832
Author: Oliver Heger <oliver.heger@oliver-heger.de>
Date:   Wed Jun 10 21:27:17 2015 +0200

    Merge pull request #1 from kinow/patch1

    This commit:

commit def78320c5efcb734572c5b48623a952e3c94c75
Author: Bruno P. Kinoshita <brunodepaulak@yahoo.com.br>
Date:   Wed Jun 10 22:57:33 2015 +1200

    This commit:

    * fixes JavaDocs warnings in Checkstyle
    * adds license headers
    * renames the MemoryCircuitBreaker to ThresholdCircuitBreaker
    * adds more tests to have a good coverage

commit edebd970582ce2984258352c8482bcb51587f7d2
Author: oheger <oliver.heger@oliver-heger.de>
Date:   Tue Jun 9 22:11:11 2015 +0200

    Documentation updates for EventCountCircuitBreaker.

commit 3d8a4ff85a78173dd8f5437d9b4d931069128e20
Author: oheger <oliver.heger@oliver-heger.de>
Date:   Tue Jun 9 21:55:02 2015 +0200

    Renamed TimedCircuitBreaker to EventCountCircuitBreaker.

    This name seems to be more appropriate as the main property of this circuit
    breaker implementation is that it counts specific events and changes its state
    when a certain threshold is reached.

commit 0e4ce5a984ef699ddace61bbf430d695b011c6b5
Author: oheger <oliver.heger@oliver-heger.de>
Date:   Tue Jun 9 21:51:22 2015 +0200

    Added documentation for CircuitBreaker interface.

commit 0e6b22190ef1868655fec9b3814a2345ad206f76
Author: oheger <oliver.heger@oliver-heger.de>
Date:   Mon Jun 8 22:27:05 2015 +0200

    Initial import of CircuitBreaker classes.",2016-06
89eea1e72b6c9f9faa986fbe548a4fb1914cca9d,2016-06-07 20:22:40,prod,src/main/java/org/apache/commons/lang3/concurrent/CircuitBreakingException.java,CircuitBreakingException,org/apache/commons/lang3/concurrent,66,0,4496,7,"LANG-1085: Add a circuit breaker implementation (closes #95)

Squashed commit of the following:

commit 1b12db706b457408562a166c21bc6470a8064620
Merge: edebd97 def7832
Author: Oliver Heger <oliver.heger@oliver-heger.de>
Date:   Wed Jun 10 21:27:17 2015 +0200

    Merge pull request #1 from kinow/patch1

    This commit:

commit def78320c5efcb734572c5b48623a952e3c94c75
Author: Bruno P. Kinoshita <brunodepaulak@yahoo.com.br>
Date:   Wed Jun 10 22:57:33 2015 +1200

    This commit:

    * fixes JavaDocs warnings in Checkstyle
    * adds license headers
    * renames the MemoryCircuitBreaker to ThresholdCircuitBreaker
    * adds more tests to have a good coverage

commit edebd970582ce2984258352c8482bcb51587f7d2
Author: oheger <oliver.heger@oliver-heger.de>
Date:   Tue Jun 9 22:11:11 2015 +0200

    Documentation updates for EventCountCircuitBreaker.

commit 3d8a4ff85a78173dd8f5437d9b4d931069128e20
Author: oheger <oliver.heger@oliver-heger.de>
Date:   Tue Jun 9 21:55:02 2015 +0200

    Renamed TimedCircuitBreaker to EventCountCircuitBreaker.

    This name seems to be more appropriate as the main property of this circuit
    breaker implementation is that it counts specific events and changes its state
    when a certain threshold is reached.

commit 0e4ce5a984ef699ddace61bbf430d695b011c6b5
Author: oheger <oliver.heger@oliver-heger.de>
Date:   Tue Jun 9 21:51:22 2015 +0200

    Added documentation for CircuitBreaker interface.

commit 0e6b22190ef1868655fec9b3814a2345ad206f76
Author: oheger <oliver.heger@oliver-heger.de>
Date:   Mon Jun 8 22:27:05 2015 +0200

    Initial import of CircuitBreaker classes.",2016-06
89eea1e72b6c9f9faa986fbe548a4fb1914cca9d,2016-06-07 20:22:40,prod,src/main/java/org/apache/commons/lang3/concurrent/EventCountCircuitBreaker.java,EventCountCircuitBreaker,org/apache/commons/lang3/concurrent,567,0,4496,7,"LANG-1085: Add a circuit breaker implementation (closes #95)

Squashed commit of the following:

commit 1b12db706b457408562a166c21bc6470a8064620
Merge: edebd97 def7832
Author: Oliver Heger <oliver.heger@oliver-heger.de>
Date:   Wed Jun 10 21:27:17 2015 +0200

    Merge pull request #1 from kinow/patch1

    This commit:

commit def78320c5efcb734572c5b48623a952e3c94c75
Author: Bruno P. Kinoshita <brunodepaulak@yahoo.com.br>
Date:   Wed Jun 10 22:57:33 2015 +1200

    This commit:

    * fixes JavaDocs warnings in Checkstyle
    * adds license headers
    * renames the MemoryCircuitBreaker to ThresholdCircuitBreaker
    * adds more tests to have a good coverage

commit edebd970582ce2984258352c8482bcb51587f7d2
Author: oheger <oliver.heger@oliver-heger.de>
Date:   Tue Jun 9 22:11:11 2015 +0200

    Documentation updates for EventCountCircuitBreaker.

commit 3d8a4ff85a78173dd8f5437d9b4d931069128e20
Author: oheger <oliver.heger@oliver-heger.de>
Date:   Tue Jun 9 21:55:02 2015 +0200

    Renamed TimedCircuitBreaker to EventCountCircuitBreaker.

    This name seems to be more appropriate as the main property of this circuit
    breaker implementation is that it counts specific events and changes its state
    when a certain threshold is reached.

commit 0e4ce5a984ef699ddace61bbf430d695b011c6b5
Author: oheger <oliver.heger@oliver-heger.de>
Date:   Tue Jun 9 21:51:22 2015 +0200

    Added documentation for CircuitBreaker interface.

commit 0e6b22190ef1868655fec9b3814a2345ad206f76
Author: oheger <oliver.heger@oliver-heger.de>
Date:   Mon Jun 8 22:27:05 2015 +0200

    Initial import of CircuitBreaker classes.",2016-06
89eea1e72b6c9f9faa986fbe548a4fb1914cca9d,2016-06-07 20:22:40,prod,src/main/java/org/apache/commons/lang3/concurrent/ThresholdCircuitBreaker.java,ThresholdCircuitBreaker,org/apache/commons/lang3/concurrent,127,0,4496,7,"LANG-1085: Add a circuit breaker implementation (closes #95)

Squashed commit of the following:

commit 1b12db706b457408562a166c21bc6470a8064620
Merge: edebd97 def7832
Author: Oliver Heger <oliver.heger@oliver-heger.de>
Date:   Wed Jun 10 21:27:17 2015 +0200

    Merge pull request #1 from kinow/patch1

    This commit:

commit def78320c5efcb734572c5b48623a952e3c94c75
Author: Bruno P. Kinoshita <brunodepaulak@yahoo.com.br>
Date:   Wed Jun 10 22:57:33 2015 +1200

    This commit:

    * fixes JavaDocs warnings in Checkstyle
    * adds license headers
    * renames the MemoryCircuitBreaker to ThresholdCircuitBreaker
    * adds more tests to have a good coverage

commit edebd970582ce2984258352c8482bcb51587f7d2
Author: oheger <oliver.heger@oliver-heger.de>
Date:   Tue Jun 9 22:11:11 2015 +0200

    Documentation updates for EventCountCircuitBreaker.

commit 3d8a4ff85a78173dd8f5437d9b4d931069128e20
Author: oheger <oliver.heger@oliver-heger.de>
Date:   Tue Jun 9 21:55:02 2015 +0200

    Renamed TimedCircuitBreaker to EventCountCircuitBreaker.

    This name seems to be more appropriate as the main property of this circuit
    breaker implementation is that it counts specific events and changes its state
    when a certain threshold is reached.

commit 0e4ce5a984ef699ddace61bbf430d695b011c6b5
Author: oheger <oliver.heger@oliver-heger.de>
Date:   Tue Jun 9 21:51:22 2015 +0200

    Added documentation for CircuitBreaker interface.

commit 0e6b22190ef1868655fec9b3814a2345ad206f76
Author: oheger <oliver.heger@oliver-heger.de>
Date:   Mon Jun 8 22:27:05 2015 +0200

    Initial import of CircuitBreaker classes.",2016-06
89eea1e72b6c9f9faa986fbe548a4fb1914cca9d,2016-06-07 20:22:40,test,src/test/java/org/apache/commons/lang3/concurrent/EventCountCircuitBreakerTest.java,EventCountCircuitBreakerTest,org/apache/commons/lang3/concurrent,401,0,4496,7,"LANG-1085: Add a circuit breaker implementation (closes #95)

Squashed commit of the following:

commit 1b12db706b457408562a166c21bc6470a8064620
Merge: edebd97 def7832
Author: Oliver Heger <oliver.heger@oliver-heger.de>
Date:   Wed Jun 10 21:27:17 2015 +0200

    Merge pull request #1 from kinow/patch1

    This commit:

commit def78320c5efcb734572c5b48623a952e3c94c75
Author: Bruno P. Kinoshita <brunodepaulak@yahoo.com.br>
Date:   Wed Jun 10 22:57:33 2015 +1200

    This commit:

    * fixes JavaDocs warnings in Checkstyle
    * adds license headers
    * renames the MemoryCircuitBreaker to ThresholdCircuitBreaker
    * adds more tests to have a good coverage

commit edebd970582ce2984258352c8482bcb51587f7d2
Author: oheger <oliver.heger@oliver-heger.de>
Date:   Tue Jun 9 22:11:11 2015 +0200

    Documentation updates for EventCountCircuitBreaker.

commit 3d8a4ff85a78173dd8f5437d9b4d931069128e20
Author: oheger <oliver.heger@oliver-heger.de>
Date:   Tue Jun 9 21:55:02 2015 +0200

    Renamed TimedCircuitBreaker to EventCountCircuitBreaker.

    This name seems to be more appropriate as the main property of this circuit
    breaker implementation is that it counts specific events and changes its state
    when a certain threshold is reached.

commit 0e4ce5a984ef699ddace61bbf430d695b011c6b5
Author: oheger <oliver.heger@oliver-heger.de>
Date:   Tue Jun 9 21:51:22 2015 +0200

    Added documentation for CircuitBreaker interface.

commit 0e6b22190ef1868655fec9b3814a2345ad206f76
Author: oheger <oliver.heger@oliver-heger.de>
Date:   Mon Jun 8 22:27:05 2015 +0200

    Initial import of CircuitBreaker classes.",2016-06
89eea1e72b6c9f9faa986fbe548a4fb1914cca9d,2016-06-07 20:22:40,test,src/test/java/org/apache/commons/lang3/concurrent/ThresholdCircuitBreakerTest.java,ThresholdCircuitBreakerTest,org/apache/commons/lang3/concurrent,87,0,4496,7,"LANG-1085: Add a circuit breaker implementation (closes #95)

Squashed commit of the following:

commit 1b12db706b457408562a166c21bc6470a8064620
Merge: edebd97 def7832
Author: Oliver Heger <oliver.heger@oliver-heger.de>
Date:   Wed Jun 10 21:27:17 2015 +0200

    Merge pull request #1 from kinow/patch1

    This commit:

commit def78320c5efcb734572c5b48623a952e3c94c75
Author: Bruno P. Kinoshita <brunodepaulak@yahoo.com.br>
Date:   Wed Jun 10 22:57:33 2015 +1200

    This commit:

    * fixes JavaDocs warnings in Checkstyle
    * adds license headers
    * renames the MemoryCircuitBreaker to ThresholdCircuitBreaker
    * adds more tests to have a good coverage

commit edebd970582ce2984258352c8482bcb51587f7d2
Author: oheger <oliver.heger@oliver-heger.de>
Date:   Tue Jun 9 22:11:11 2015 +0200

    Documentation updates for EventCountCircuitBreaker.

commit 3d8a4ff85a78173dd8f5437d9b4d931069128e20
Author: oheger <oliver.heger@oliver-heger.de>
Date:   Tue Jun 9 21:55:02 2015 +0200

    Renamed TimedCircuitBreaker to EventCountCircuitBreaker.

    This name seems to be more appropriate as the main property of this circuit
    breaker implementation is that it counts specific events and changes its state
    when a certain threshold is reached.

commit 0e4ce5a984ef699ddace61bbf430d695b011c6b5
Author: oheger <oliver.heger@oliver-heger.de>
Date:   Tue Jun 9 21:51:22 2015 +0200

    Added documentation for CircuitBreaker interface.

commit 0e6b22190ef1868655fec9b3814a2345ad206f76
Author: oheger <oliver.heger@oliver-heger.de>
Date:   Mon Jun 8 22:27:05 2015 +0200

    Initial import of CircuitBreaker classes.",2016-06
0223a4d4cd127a1e209a04d8e1eff3296c0ed8c1,2016-07-31 17:20:54,test,src/test/java/org/apache/commons/lang3/StringUtilsContainsTest.java,StringUtilsContainsTest,org/apache/commons/lang3,477,0,4518,6,reorganize test classes for StringUtils to make it clearer were tests for a method are located,2016-07
0223a4d4cd127a1e209a04d8e1eff3296c0ed8c1,2016-07-31 17:20:54,test,src/test/java/org/apache/commons/lang3/StringUtilsEmptyBlankTest.java,StringUtilsEmptyBlankTest,org/apache/commons/lang3,114,0,4518,6,reorganize test classes for StringUtils to make it clearer were tests for a method are located,2016-07
c0c7112dcdeb75b521d55cd47d0c61be66b0499e,2016-11-13 16:50:22,prod,src/main/java/org/apache/commons/lang3/concurrent/Computable.java,Computable,org/apache/commons/lang3/concurrent,37,0,4680,3,LANG-740: Implementation of a Memomizer (closes #80),2016-11
c0c7112dcdeb75b521d55cd47d0c61be66b0499e,2016-11-13 16:50:22,prod,src/main/java/org/apache/commons/lang3/concurrent/Memoizer.java,Memoizer,org/apache/commons/lang3/concurrent,133,0,4680,3,LANG-740: Implementation of a Memomizer (closes #80),2016-11
c0c7112dcdeb75b521d55cd47d0c61be66b0499e,2016-11-13 16:50:22,test,src/test/java/org/apache/commons/lang3/concurrent/MemoizerTest.java,MemoizerTest,org/apache/commons/lang3/concurrent,112,0,4680,3,LANG-740: Implementation of a Memomizer (closes #80),2016-11
011775551ef75d75f81189eb4604fd0f2ed424ba,2016-11-20 10:24:50,prod,src/main/java/org/apache/commons/lang3/builder/ReflectionDiffBuilder.java,ReflectionDiffBuilder,org/apache/commons/lang3/builder,140,0,4716,2,LANG-1067: Add a reflection-based variant of DiffBuilder,2016-11
011775551ef75d75f81189eb4604fd0f2ed424ba,2016-11-20 10:24:50,test,src/test/java/org/apache/commons/lang3/builder/ReflectionDiffBuilderTest.java,ReflectionDiffBuilderTest,org/apache/commons/lang3/builder,131,0,4716,2,LANG-1067: Add a reflection-based variant of DiffBuilder,2016-11
def3c4672b1f99b35ec1fb1aaa316e6043463d73,2016-11-27 23:41:23,prod,src/main/java/org/apache/commons/lang3/concurrent/annotation/GuardedBy.java,GuardedBy,org/apache/commons/lang3/concurrent/annotation,78,0,4727,16,[LANG-1291] Provide annotations to document thread safety.,2016-11
def3c4672b1f99b35ec1fb1aaa316e6043463d73,2016-11-27 23:41:23,prod,src/main/java/org/apache/commons/lang3/concurrent/annotation/Immutable.java,Immutable,org/apache/commons/lang3/concurrent/annotation,56,0,4727,16,[LANG-1291] Provide annotations to document thread safety.,2016-11
def3c4672b1f99b35ec1fb1aaa316e6043463d73,2016-11-27 23:41:23,prod,src/main/java/org/apache/commons/lang3/concurrent/annotation/NotThreadSafe.java,NotThreadSafe,org/apache/commons/lang3/concurrent/annotation,50,0,4727,16,[LANG-1291] Provide annotations to document thread safety.,2016-11
def3c4672b1f99b35ec1fb1aaa316e6043463d73,2016-11-27 23:41:23,prod,src/main/java/org/apache/commons/lang3/concurrent/annotation/ThreadSafe.java,ThreadSafe,org/apache/commons/lang3/concurrent/annotation,47,0,4727,16,[LANG-1291] Provide annotations to document thread safety.,2016-11
def3c4672b1f99b35ec1fb1aaa316e6043463d73,2016-11-27 23:41:23,test,src/test/java/org/apache/commons/lang3/concurrent/annotation/GuardedByTest.java,GuardedByTest,org/apache/commons/lang3/concurrent/annotation,65,0,4727,16,[LANG-1291] Provide annotations to document thread safety.,2016-11
def3c4672b1f99b35ec1fb1aaa316e6043463d73,2016-11-27 23:41:23,test,src/test/java/org/apache/commons/lang3/concurrent/annotation/ImmutableTest.java,ImmutableTest,org/apache/commons/lang3/concurrent/annotation,38,0,4727,16,[LANG-1291] Provide annotations to document thread safety.,2016-11
def3c4672b1f99b35ec1fb1aaa316e6043463d73,2016-11-27 23:41:23,test,src/test/java/org/apache/commons/lang3/concurrent/annotation/NotThreadSafeTest.java,NotThreadSafeTest,org/apache/commons/lang3/concurrent/annotation,39,0,4727,16,[LANG-1291] Provide annotations to document thread safety.,2016-11
def3c4672b1f99b35ec1fb1aaa316e6043463d73,2016-11-27 23:41:23,test,src/test/java/org/apache/commons/lang3/concurrent/annotation/ThreadSafeTest.java,ThreadSafeTest,org/apache/commons/lang3/concurrent/annotation,39,0,4727,16,[LANG-1291] Provide annotations to document thread safety.,2016-11
795fe5d869594bde53f8490d75eedef6185b6c37,2016-12-12 14:00:19,test,src/test/java/org/apache/commons/lang3/ArrayUtilsInsertTest.java,ArrayUtilsInsertTest,org/apache/commons/lang3,349,0,4734,3,"Added new vararg methods to insert values into an array at an index.

This implements LANG-660. This commit also deprecates the add() methods
that inserted a single value into an array at an index.",2016-12
e8d861359ade336badcac3211e5aa447097479a6,2017-01-05 19:53:01,test,src/test/java/org/apache/commons/lang3/concurrent/CircuitBreakingExceptionTest.java,CircuitBreakingExceptionTest,org/apache/commons/lang3/concurrent,83,0,4755,4,"+ AbstractExceptionTest
+ CircuitBreakingExceptionTest
+ CloneFailedExceptionTest
+ cover specific cases",2017-01
e8d861359ade336badcac3211e5aa447097479a6,2017-01-05 19:53:01,test,src/test/java/org/apache/commons/lang3/exception/AbstractExceptionTest.java,AbstractExceptionTest,org/apache/commons/lang3/exception,34,0,4755,4,"+ AbstractExceptionTest
+ CircuitBreakingExceptionTest
+ CloneFailedExceptionTest
+ cover specific cases",2017-01
e8d861359ade336badcac3211e5aa447097479a6,2017-01-05 19:53:01,test,src/test/java/org/apache/commons/lang3/exception/CloneFailedExceptionTest.java,CloneFailedExceptionTest,org/apache/commons/lang3/exception,76,0,4755,4,"+ AbstractExceptionTest
+ CircuitBreakingExceptionTest
+ CloneFailedExceptionTest
+ cover specific cases",2017-01
754e669f76c5587b163cea7fc5c68f274a267ef1,2017-03-12 16:41:50,prod,src/main/java/org/apache/commons/lang3/concurrent/annotation/package-info.java,package-info,org/apache/commons/lang3/concurrent/annotation,22,0,4814,1,"org.apache.commons.lang3.concurrent.annotation package-info

Added package-info.java to the
org.apache.commons.lang3.concurrent.annotation package to solve a
checkstyle violation.",2017-03
661d16d190708a1a396d8b75ba10738e4574c11d,2017-03-18 19:47:09,test,src/test/java/org/apache/commons/lang3/builder/ReflectionToStringBuilderExcludeNullValuesTest.java,ReflectionToStringBuilderExcludeNullValuesTest,org/apache/commons/lang3/builder,99,0,4823,2,LANG-1167: Added isExcludeNullValues to ReflectionToStringBuilder and test,2017-03
90f0a680adf3eaa95e46e96d28ecd6848c74bfdd,2017-03-27 18:40:28,prod,src/main/java/org/apache/commons/lang3/ArchUtils.java,ArchUtils,org/apache/commons/lang3,134,0,4842,4,"LANG-1313: Add ArchUtils - an utility class for the ""os.arch"" system property (closes #231)",2017-03
90f0a680adf3eaa95e46e96d28ecd6848c74bfdd,2017-03-27 18:40:28,prod,src/main/java/org/apache/commons/lang3/arch/Processor.java,Processor,org/apache/commons/lang3/arch,136,0,4842,4,"LANG-1313: Add ArchUtils - an utility class for the ""os.arch"" system property (closes #231)",2017-03
90f0a680adf3eaa95e46e96d28ecd6848c74bfdd,2017-03-27 18:40:28,prod,src/main/java/org/apache/commons/lang3/arch/package-info.java,package-info,org/apache/commons/lang3/arch,20,0,4842,4,"LANG-1313: Add ArchUtils - an utility class for the ""os.arch"" system property (closes #231)",2017-03
90f0a680adf3eaa95e46e96d28ecd6848c74bfdd,2017-03-27 18:40:28,test,src/test/java/org/apache/commons/lang3/ArchUtilsTest.java,ArchUtilsTest,org/apache/commons/lang3,160,0,4842,4,"LANG-1313: Add ArchUtils - an utility class for the ""os.arch"" system property (closes #231)",2017-03
a5e76ebc404d419651c2a25b1a62199de64cccf5,2017-04-17 18:54:04,prod,src/main/java/org/apache/commons/lang3/concurrent/annotation/Contract.java,Contract,org/apache/commons/lang3/concurrent/annotation,50,0,4856,2,[LANG-1291] Provide annotations to document thread safety.,2017-04
a5e76ebc404d419651c2a25b1a62199de64cccf5,2017-04-17 18:54:04,prod,src/main/java/org/apache/commons/lang3/concurrent/annotation/ThreadingBehavior.java,ThreadingBehavior,org/apache/commons/lang3/concurrent/annotation,66,0,4856,2,[LANG-1291] Provide annotations to document thread safety.,2017-04
a91f76da21faf4e8b70f0f69c6db2521409e7d29,2017-04-17 19:00:09,test,src/test/java/org/apache/commons/lang3/concurrent/annotation/ContractTest.java,ContractTest,org/apache/commons/lang3/concurrent/annotation,38,0,4857,2,[LANG-1291] Provide annotations to document thread safety.,2017-04
fd60085a2a3891ab6db46dd3b75e9dd67a7c734a,2017-10-09 20:40:43,prod,src/main/java/org/apache/commons/lang3/time/TimeZones.java,TimeZones,org/apache/commons/lang3/time,31,0,4956,2,"Refactor ""GMT"" magic string.",2017-10
1dbfaeecbd104a6edae43fcd3350c06a7cb51146,2017-10-10 17:58:29,prod,src/main/java/org/apache/commons/lang3/time/FastTimeZone.java,FastTimeZone,org/apache/commons/lang3/time,95,0,4966,13,"[LANG-1355] TimeZone.getTimeZone() in FastDateParser causes resource
contention</action>. This closes #296.",2017-10
1dbfaeecbd104a6edae43fcd3350c06a7cb51146,2017-10-10 17:58:29,prod,src/main/java/org/apache/commons/lang3/time/GmtTimeZone.java,GmtTimeZone,org/apache/commons/lang3/time,106,0,4966,13,"[LANG-1355] TimeZone.getTimeZone() in FastDateParser causes resource
contention</action>. This closes #296.",2017-10
1dbfaeecbd104a6edae43fcd3350c06a7cb51146,2017-10-10 17:58:29,test,src/test/java/org/apache/commons/lang3/time/FastTimeZoneTest.java,FastTimeZoneTest,org/apache/commons/lang3/time,99,0,4966,13,"[LANG-1355] TimeZone.getTimeZone() in FastDateParser causes resource
contention</action>. This closes #296.",2017-10
1dbfaeecbd104a6edae43fcd3350c06a7cb51146,2017-10-10 17:58:29,test,src/test/java/org/apache/commons/lang3/time/GmtTimeZoneTest.java,GmtTimeZoneTest,org/apache/commons/lang3/time,92,0,4966,13,"[LANG-1355] TimeZone.getTimeZone() in FastDateParser causes resource
contention</action>. This closes #296.",2017-10
f5ebb9a649e9dd0773f9bd3457d6ce1895266d59,2018-01-12 17:28:27,prod,src/main/java/org/apache/commons/lang3/builder/ToStringSummary.java,ToStringSummary,org/apache/commons/lang3/builder,40,0,5051,3,LANG-1372: Add ToStringSummary annotation (closes #281),2018-01
f5ebb9a649e9dd0773f9bd3457d6ce1895266d59,2018-01-12 17:28:27,test,src/test/java/org/apache/commons/lang3/builder/ReflectionToStringBuilderSummaryTest.java,ReflectionToStringBuilderSummaryTest,org/apache/commons/lang3/builder,36,0,5051,3,LANG-1372: Add ToStringSummary annotation (closes #281),2018-01
7129c43b08da58e1c907dd2b90bb58e7a09bf85c,2018-05-17 23:12:46,prod,src/main/java/org/apache/commons/lang3/RegExUtils.java,RegExUtils,org/apache/commons/lang3,471,0,5101,5,"[LANG-1238] Add RegexUtils class instead of overloadinh methods in
StringUtils that take a regex to take precompiled Pattern.",2018-05
7129c43b08da58e1c907dd2b90bb58e7a09bf85c,2018-05-17 23:12:46,test,src/test/java/org/apache/commons/lang3/RegExUtilsTest.java,RegExUtilsTest,org/apache/commons/lang3,259,0,5101,5,"[LANG-1238] Add RegexUtils class instead of overloadinh methods in
StringUtils that take a regex to take precompiled Pattern.",2018-05
c70e05ae41b4990a9d1e5f442219411abc6b2afb,2018-10-25 14:52:48,test,src/test/java/org/apache/commons/lang3/StringUtilsValueOfTest.java,StringUtilsValueOfTest,org/apache/commons/lang3,43,0,5233,3,"[LANG-1422] Add null-safe StringUtils.valueOf(char[]) to delegate to
String.valueOf(char[])",2018-10
11d9eb47a40359e74a5e24daf681beacd71b35f0,2019-01-23 13:59:25,prod,src/main/java/org/apache/commons/lang3/Functions.java,Functions,org/apache/commons/lang3,144,0,5257,3,Adding the Functions class as a helper for dealing with Java 8 Lambdas.,2019-01
11d9eb47a40359e74a5e24daf681beacd71b35f0,2019-01-23 13:59:25,test,src/test/java/org/apache/commons/lang3/FunctionsTest.java,FunctionsTest,org/apache/commons/lang3,232,0,5257,3,Adding the Functions class as a helper for dealing with Java 8 Lambdas.,2019-01
b30be60a81a14921b3c6bca9689f4886693f1bcd,2019-05-01 21:30:00,prod,src/main/java/org/apache/commons/lang3/concurrent/DaemonThreadFactory.java,DaemonThreadFactory,org/apache/commons/lang3/concurrent,55,0,5319,3,[LANG-1455] Add a DaemonThreadFactory.</action>,2019-05
b30be60a81a14921b3c6bca9689f4886693f1bcd,2019-05-01 21:30:00,test,src/test/java/org/apache/commons/lang3/concurrent/DaemonThreadFactoryTest.java,DaemonThreadFactoryTest,org/apache/commons/lang3/concurrent,50,0,5319,3,[LANG-1455] Add a DaemonThreadFactory.</action>,2019-05
e5e1339e444a2e0c0835b318a20b38c170de15d5,2019-06-03 16:00:13,prod,src/main/java/org/apache/commons/lang3/Charsets.java,Charsets,org/apache/commons/lang3,69,0,5344,5,"[LANG-1461] Add null-safe StringUtils APIs to wrap
String#getBytes([Charset|String]).</action>",2019-06
5b9e0f6df6a75faf97f29701b016e00d0324a413,2019-09-09 14:04:23,prod,src/main/java/org/apache/commons/lang3/ClassLoaderUtils.java,ClassLoaderUtils,org/apache/commons/lang3,53,0,5407,2,"[LANG-1487] Add ClassLoaderUtils with toString() implementations. (#453)

[LANG-1487] Add ClassLoaderUtils with toString() implementations for
URLClassLoader.",2019-09
5b9e0f6df6a75faf97f29701b016e00d0324a413,2019-09-09 14:04:23,test,src/test/java/org/apache/commons/lang3/ClassLoaderUtilsTest.java,ClassLoaderUtilsTest,org/apache/commons/lang3,50,0,5407,2,"[LANG-1487] Add ClassLoaderUtils with toString() implementations. (#453)

[LANG-1487] Add ClassLoaderUtils with toString() implementations for
URLClassLoader.",2019-09
ac00199379a5fcc4db012d8eb1336c9d9802540d,2019-10-18 20:08:46,prod,src/main/java/org/apache/commons/lang3/time/CalendarUtils.java,CalendarUtils,org/apache/commons/lang3/time,73,0,5446,3,[LANG-1494] Add org.apache.commons.lang3.time.CalendarUtils.,2019-10
ac00199379a5fcc4db012d8eb1336c9d9802540d,2019-10-18 20:08:46,test,src/test/java/org/apache/commons/lang3/time/CalendarUtilsTest.java,CalendarUtilsTest,org/apache/commons/lang3/time,43,0,5446,3,[LANG-1494] Add org.apache.commons.lang3.time.CalendarUtils.,2019-10
2425853701d6decfd3ff53c2803a9273119084be,2019-12-31 13:35:10,prod,src/main/java/org/apache/commons/lang3/ComparableUtils.java,ComparableUtils,org/apache/commons/lang3,206,0,5495,2,[LANG-1431] Add ComparableUtils (#398),2019-12
2425853701d6decfd3ff53c2803a9273119084be,2019-12-31 13:35:10,test,src/test/java/org/apache/commons/lang3/ComparableUtilsTest.java,ComparableUtilsTest,org/apache/commons/lang3,288,0,5495,2,[LANG-1431] Add ComparableUtils (#398),2019-12
13ac5b8481b71f3cedf66169100ca983a09cb460,2020-01-01 05:21:32,prod,src/main/java/org/apache/commons/lang3/compare/package-info.java,package-info,org/apache/commons/lang3/compare,23,0,5502,2,Checktyle.,2020-01
1df9bc70256d166cd78ea805a2dbac4433a89f2a,2020-01-01 14:31:22,prod,src/main/java/org/apache/commons/lang3/compare/ObjectToStringComparator.java,ObjectToStringComparator,org/apache/commons/lang3/compare,69,0,5508,4,"[LANG-1509] Add ObjectToStringComparator. (#483)

* [LANG-1509] Add ObjectToStringComparator.

* [LANG-1509] Add ObjectToStringComparator.

Repackage.

* [LANG-1509] Add ObjectToStringComparator.

Avoid NPE.

* [LANG-1509] Add ObjectToStringComparator.

Clean ups.

* Spotbugs: toString() can return null!",2020-01
1df9bc70256d166cd78ea805a2dbac4433a89f2a,2020-01-01 14:31:22,test,src/test/java/org/apache/commons/lang3/compare/ObjectToStringComparatorTest.java,ObjectToStringComparatorTest,org/apache/commons/lang3/compare,73,0,5508,4,"[LANG-1509] Add ObjectToStringComparator. (#483)

* [LANG-1509] Add ObjectToStringComparator.

* [LANG-1509] Add ObjectToStringComparator.

Repackage.

* [LANG-1509] Add ObjectToStringComparator.

Avoid NPE.

* [LANG-1509] Add ObjectToStringComparator.

Clean ups.

* Spotbugs: toString() can return null!",2020-01
2ea44b2adae8da8e3e7f55cc226479f9431feda9,2020-01-26 21:57:13,prod,src/main/java/org/apache/commons/lang3/Streams.java,Streams,org/apache/commons/lang3,380,0,5515,4,"- Added the Streams class.
- Added Functions.stream() as an accessor method.",2020-01
2ea44b2adae8da8e3e7f55cc226479f9431feda9,2020-01-26 21:57:13,test,src/test/java/org/apache/commons/lang3/StreamsTest.java,StreamsTest,org/apache/commons/lang3,176,0,5515,4,"- Added the Streams class.
- Added Functions.stream() as an accessor method.",2020-01
c141bc961cb5cb84c47a21c3a5b0f15ab0035728,2020-05-28 20:52:46,prod,src/main/java/org/apache/commons/lang3/Locks.java,Locks,org/apache/commons/lang3,116,0,5596,3,Adding the Locks class.,2020-05
c141bc961cb5cb84c47a21c3a5b0f15ab0035728,2020-05-28 20:52:46,test,src/test/java/org/apache/commons/lang3/LocksTest.java,LocksTest,org/apache/commons/lang3,73,0,5596,3,Adding the Locks class.,2020-05
8b54728564e3e0c75ef915fb17f172326e8be197,2020-06-17 19:58:26,prod,src/main/java/org/apache/commons/lang3/function/FailableBooleanSupplier.java,FailableBooleanSupplier,org/apache/commons/lang3/function,38,0,5665,34,"Create the new package org.apache.commons.function to parallel the JRE's
java.util.function to provide home for our ""failable"" version of the
JRE's functional interfaces.",2020-06
8b54728564e3e0c75ef915fb17f172326e8be197,2020-06-17 19:58:26,prod,src/main/java/org/apache/commons/lang3/function/FailableDoubleBinaryOperator.java,FailableDoubleBinaryOperator,org/apache/commons/lang3/function,40,0,5665,34,"Create the new package org.apache.commons.function to parallel the JRE's
java.util.function to provide home for our ""failable"" version of the
JRE's functional interfaces.",2020-06
8b54728564e3e0c75ef915fb17f172326e8be197,2020-06-17 19:58:26,prod,src/main/java/org/apache/commons/lang3/function/FailableDoubleConsumer.java,FailableDoubleConsumer,org/apache/commons/lang3/function,38,0,5665,34,"Create the new package org.apache.commons.function to parallel the JRE's
java.util.function to provide home for our ""failable"" version of the
JRE's functional interfaces.",2020-06
8b54728564e3e0c75ef915fb17f172326e8be197,2020-06-17 19:58:26,prod,src/main/java/org/apache/commons/lang3/function/FailableDoubleFunction.java,FailableDoubleFunction,org/apache/commons/lang3/function,40,0,5665,34,"Create the new package org.apache.commons.function to parallel the JRE's
java.util.function to provide home for our ""failable"" version of the
JRE's functional interfaces.",2020-06
8b54728564e3e0c75ef915fb17f172326e8be197,2020-06-17 19:58:26,prod,src/main/java/org/apache/commons/lang3/function/FailableDoublePredicate.java,FailableDoublePredicate,org/apache/commons/lang3/function,39,0,5665,34,"Create the new package org.apache.commons.function to parallel the JRE's
java.util.function to provide home for our ""failable"" version of the
JRE's functional interfaces.",2020-06
8b54728564e3e0c75ef915fb17f172326e8be197,2020-06-17 19:58:26,prod,src/main/java/org/apache/commons/lang3/function/FailableDoubleSupplier.java,FailableDoubleSupplier,org/apache/commons/lang3/function,38,0,5665,34,"Create the new package org.apache.commons.function to parallel the JRE's
java.util.function to provide home for our ""failable"" version of the
JRE's functional interfaces.",2020-06
8b54728564e3e0c75ef915fb17f172326e8be197,2020-06-17 19:58:26,prod,src/main/java/org/apache/commons/lang3/function/FailableDoubleToIntFunction.java,FailableDoubleToIntFunction,org/apache/commons/lang3/function,39,0,5665,34,"Create the new package org.apache.commons.function to parallel the JRE's
java.util.function to provide home for our ""failable"" version of the
JRE's functional interfaces.",2020-06
8b54728564e3e0c75ef915fb17f172326e8be197,2020-06-17 19:58:26,prod,src/main/java/org/apache/commons/lang3/function/FailableDoubleToLongFunction.java,FailableDoubleToLongFunction,org/apache/commons/lang3/function,39,0,5665,34,"Create the new package org.apache.commons.function to parallel the JRE's
java.util.function to provide home for our ""failable"" version of the
JRE's functional interfaces.",2020-06
8b54728564e3e0c75ef915fb17f172326e8be197,2020-06-17 19:58:26,prod,src/main/java/org/apache/commons/lang3/function/FailableIntBinaryOperator.java,FailableIntBinaryOperator,org/apache/commons/lang3/function,40,0,5665,34,"Create the new package org.apache.commons.function to parallel the JRE's
java.util.function to provide home for our ""failable"" version of the
JRE's functional interfaces.",2020-06
8b54728564e3e0c75ef915fb17f172326e8be197,2020-06-17 19:58:26,prod,src/main/java/org/apache/commons/lang3/function/FailableIntConsumer.java,FailableIntConsumer,org/apache/commons/lang3/function,38,0,5665,34,"Create the new package org.apache.commons.function to parallel the JRE's
java.util.function to provide home for our ""failable"" version of the
JRE's functional interfaces.",2020-06
8b54728564e3e0c75ef915fb17f172326e8be197,2020-06-17 19:58:26,prod,src/main/java/org/apache/commons/lang3/function/FailableIntFunction.java,FailableIntFunction,org/apache/commons/lang3/function,40,0,5665,34,"Create the new package org.apache.commons.function to parallel the JRE's
java.util.function to provide home for our ""failable"" version of the
JRE's functional interfaces.",2020-06
8b54728564e3e0c75ef915fb17f172326e8be197,2020-06-17 19:58:26,prod,src/main/java/org/apache/commons/lang3/function/FailableIntPredicate.java,FailableIntPredicate,org/apache/commons/lang3/function,39,0,5665,34,"Create the new package org.apache.commons.function to parallel the JRE's
java.util.function to provide home for our ""failable"" version of the
JRE's functional interfaces.",2020-06
8b54728564e3e0c75ef915fb17f172326e8be197,2020-06-17 19:58:26,prod,src/main/java/org/apache/commons/lang3/function/FailableIntSupplier.java,FailableIntSupplier,org/apache/commons/lang3/function,38,0,5665,34,"Create the new package org.apache.commons.function to parallel the JRE's
java.util.function to provide home for our ""failable"" version of the
JRE's functional interfaces.",2020-06
8b54728564e3e0c75ef915fb17f172326e8be197,2020-06-17 19:58:26,prod,src/main/java/org/apache/commons/lang3/function/FailableIntToDoubleFunction.java,FailableIntToDoubleFunction,org/apache/commons/lang3/function,39,0,5665,34,"Create the new package org.apache.commons.function to parallel the JRE's
java.util.function to provide home for our ""failable"" version of the
JRE's functional interfaces.",2020-06
8b54728564e3e0c75ef915fb17f172326e8be197,2020-06-17 19:58:26,prod,src/main/java/org/apache/commons/lang3/function/FailableIntToLongFunction.java,FailableIntToLongFunction,org/apache/commons/lang3/function,39,0,5665,34,"Create the new package org.apache.commons.function to parallel the JRE's
java.util.function to provide home for our ""failable"" version of the
JRE's functional interfaces.",2020-06
8b54728564e3e0c75ef915fb17f172326e8be197,2020-06-17 19:58:26,prod,src/main/java/org/apache/commons/lang3/function/FailableLongBinaryOperator.java,FailableLongBinaryOperator,org/apache/commons/lang3/function,40,0,5665,34,"Create the new package org.apache.commons.function to parallel the JRE's
java.util.function to provide home for our ""failable"" version of the
JRE's functional interfaces.",2020-06
8b54728564e3e0c75ef915fb17f172326e8be197,2020-06-17 19:58:26,prod,src/main/java/org/apache/commons/lang3/function/FailableLongConsumer.java,FailableLongConsumer,org/apache/commons/lang3/function,38,0,5665,34,"Create the new package org.apache.commons.function to parallel the JRE's
java.util.function to provide home for our ""failable"" version of the
JRE's functional interfaces.",2020-06
8b54728564e3e0c75ef915fb17f172326e8be197,2020-06-17 19:58:26,prod,src/main/java/org/apache/commons/lang3/function/FailableLongFunction.java,FailableLongFunction,org/apache/commons/lang3/function,40,0,5665,34,"Create the new package org.apache.commons.function to parallel the JRE's
java.util.function to provide home for our ""failable"" version of the
JRE's functional interfaces.",2020-06
8b54728564e3e0c75ef915fb17f172326e8be197,2020-06-17 19:58:26,prod,src/main/java/org/apache/commons/lang3/function/FailableLongPredicate.java,FailableLongPredicate,org/apache/commons/lang3/function,39,0,5665,34,"Create the new package org.apache.commons.function to parallel the JRE's
java.util.function to provide home for our ""failable"" version of the
JRE's functional interfaces.",2020-06
8b54728564e3e0c75ef915fb17f172326e8be197,2020-06-17 19:58:26,prod,src/main/java/org/apache/commons/lang3/function/FailableLongSupplier.java,FailableLongSupplier,org/apache/commons/lang3/function,38,0,5665,34,"Create the new package org.apache.commons.function to parallel the JRE's
java.util.function to provide home for our ""failable"" version of the
JRE's functional interfaces.",2020-06
8b54728564e3e0c75ef915fb17f172326e8be197,2020-06-17 19:58:26,prod,src/main/java/org/apache/commons/lang3/function/FailableLongToDoubleFunction.java,FailableLongToDoubleFunction,org/apache/commons/lang3/function,39,0,5665,34,"Create the new package org.apache.commons.function to parallel the JRE's
java.util.function to provide home for our ""failable"" version of the
JRE's functional interfaces.",2020-06
8b54728564e3e0c75ef915fb17f172326e8be197,2020-06-17 19:58:26,prod,src/main/java/org/apache/commons/lang3/function/FailableLongToIntFunction.java,FailableLongToIntFunction,org/apache/commons/lang3/function,39,0,5665,34,"Create the new package org.apache.commons.function to parallel the JRE's
java.util.function to provide home for our ""failable"" version of the
JRE's functional interfaces.",2020-06
8b54728564e3e0c75ef915fb17f172326e8be197,2020-06-17 19:58:26,prod,src/main/java/org/apache/commons/lang3/function/FailableObjDoubleConsumer.java,FailableObjDoubleConsumer,org/apache/commons/lang3/function,40,0,5665,34,"Create the new package org.apache.commons.function to parallel the JRE's
java.util.function to provide home for our ""failable"" version of the
JRE's functional interfaces.",2020-06
8b54728564e3e0c75ef915fb17f172326e8be197,2020-06-17 19:58:26,prod,src/main/java/org/apache/commons/lang3/function/FailableObjIntConsumer.java,FailableObjIntConsumer,org/apache/commons/lang3/function,40,0,5665,34,"Create the new package org.apache.commons.function to parallel the JRE's
java.util.function to provide home for our ""failable"" version of the
JRE's functional interfaces.",2020-06
8b54728564e3e0c75ef915fb17f172326e8be197,2020-06-17 19:58:26,prod,src/main/java/org/apache/commons/lang3/function/FailableObjLongConsumer.java,FailableObjLongConsumer,org/apache/commons/lang3/function,40,0,5665,34,"Create the new package org.apache.commons.function to parallel the JRE's
java.util.function to provide home for our ""failable"" version of the
JRE's functional interfaces.",2020-06
8b54728564e3e0c75ef915fb17f172326e8be197,2020-06-17 19:58:26,prod,src/main/java/org/apache/commons/lang3/function/FailableToDoubleBiFunction.java,FailableToDoubleBiFunction,org/apache/commons/lang3/function,42,0,5665,34,"Create the new package org.apache.commons.function to parallel the JRE's
java.util.function to provide home for our ""failable"" version of the
JRE's functional interfaces.",2020-06
8b54728564e3e0c75ef915fb17f172326e8be197,2020-06-17 19:58:26,prod,src/main/java/org/apache/commons/lang3/function/FailableToDoubleFunction.java,FailableToDoubleFunction,org/apache/commons/lang3/function,40,0,5665,34,"Create the new package org.apache.commons.function to parallel the JRE's
java.util.function to provide home for our ""failable"" version of the
JRE's functional interfaces.",2020-06
8b54728564e3e0c75ef915fb17f172326e8be197,2020-06-17 19:58:26,prod,src/main/java/org/apache/commons/lang3/function/FailableToIntBiFunction.java,FailableToIntBiFunction,org/apache/commons/lang3/function,42,0,5665,34,"Create the new package org.apache.commons.function to parallel the JRE's
java.util.function to provide home for our ""failable"" version of the
JRE's functional interfaces.",2020-06
8b54728564e3e0c75ef915fb17f172326e8be197,2020-06-17 19:58:26,prod,src/main/java/org/apache/commons/lang3/function/FailableToIntFunction.java,FailableToIntFunction,org/apache/commons/lang3/function,40,0,5665,34,"Create the new package org.apache.commons.function to parallel the JRE's
java.util.function to provide home for our ""failable"" version of the
JRE's functional interfaces.",2020-06
8b54728564e3e0c75ef915fb17f172326e8be197,2020-06-17 19:58:26,prod,src/main/java/org/apache/commons/lang3/function/FailableToLongBiFunction.java,FailableToLongBiFunction,org/apache/commons/lang3/function,42,0,5665,34,"Create the new package org.apache.commons.function to parallel the JRE's
java.util.function to provide home for our ""failable"" version of the
JRE's functional interfaces.",2020-06
8b54728564e3e0c75ef915fb17f172326e8be197,2020-06-17 19:58:26,prod,src/main/java/org/apache/commons/lang3/function/FailableToLongFunction.java,FailableToLongFunction,org/apache/commons/lang3/function,40,0,5665,34,"Create the new package org.apache.commons.function to parallel the JRE's
java.util.function to provide home for our ""failable"" version of the
JRE's functional interfaces.",2020-06
8b54728564e3e0c75ef915fb17f172326e8be197,2020-06-17 19:58:26,test,src/test/java/org/apache/commons/lang3/function/FailableFunctionsTest.java,FailableFunctionsTest,org/apache/commons/lang3/function,1804,0,5665,34,"Create the new package org.apache.commons.function to parallel the JRE's
java.util.function to provide home for our ""failable"" version of the
JRE's functional interfaces.",2020-06
7ba418fc6f0b4e911a33c8e086a75a622a2ae09e,2020-06-17 20:46:10,prod,src/main/java/org/apache/commons/lang3/function/Failable.java,Failable,org/apache/commons/lang3/function,573,0,5668,13,"Centralize failable functional interfaces in our 'function' package as
the parallel to the JRE's java.util.function package.

Deprecate old class.",2020-06
7ba418fc6f0b4e911a33c8e086a75a622a2ae09e,2020-06-17 20:46:10,prod,src/main/java/org/apache/commons/lang3/function/FailableBiConsumer.java,FailableBiConsumer,org/apache/commons/lang3/function,41,0,5668,13,"Centralize failable functional interfaces in our 'function' package as
the parallel to the JRE's java.util.function package.

Deprecate old class.",2020-06
7ba418fc6f0b4e911a33c8e086a75a622a2ae09e,2020-06-17 20:46:10,prod,src/main/java/org/apache/commons/lang3/function/FailableBiFunction.java,FailableBiFunction,org/apache/commons/lang3/function,43,0,5668,13,"Centralize failable functional interfaces in our 'function' package as
the parallel to the JRE's java.util.function package.

Deprecate old class.",2020-06
7ba418fc6f0b4e911a33c8e086a75a622a2ae09e,2020-06-17 20:46:10,prod,src/main/java/org/apache/commons/lang3/function/FailableBiPredicate.java,FailableBiPredicate,org/apache/commons/lang3/function,42,0,5668,13,"Centralize failable functional interfaces in our 'function' package as
the parallel to the JRE's java.util.function package.

Deprecate old class.",2020-06
7ba418fc6f0b4e911a33c8e086a75a622a2ae09e,2020-06-17 20:46:10,prod,src/main/java/org/apache/commons/lang3/function/FailableCallable.java,FailableCallable,org/apache/commons/lang3/function,37,0,5668,13,"Centralize failable functional interfaces in our 'function' package as
the parallel to the JRE's java.util.function package.

Deprecate old class.",2020-06
7ba418fc6f0b4e911a33c8e086a75a622a2ae09e,2020-06-17 20:46:10,prod,src/main/java/org/apache/commons/lang3/function/FailableConsumer.java,FailableConsumer,org/apache/commons/lang3/function,39,0,5668,13,"Centralize failable functional interfaces in our 'function' package as
the parallel to the JRE's java.util.function package.

Deprecate old class.",2020-06
7ba418fc6f0b4e911a33c8e086a75a622a2ae09e,2020-06-17 20:46:10,prod,src/main/java/org/apache/commons/lang3/function/FailableFunction.java,FailableFunction,org/apache/commons/lang3/function,41,0,5668,13,"Centralize failable functional interfaces in our 'function' package as
the parallel to the JRE's java.util.function package.

Deprecate old class.",2020-06
7ba418fc6f0b4e911a33c8e086a75a622a2ae09e,2020-06-17 20:46:10,prod,src/main/java/org/apache/commons/lang3/function/FailablePredicate.java,FailablePredicate,org/apache/commons/lang3/function,40,0,5668,13,"Centralize failable functional interfaces in our 'function' package as
the parallel to the JRE's java.util.function package.

Deprecate old class.",2020-06
7ba418fc6f0b4e911a33c8e086a75a622a2ae09e,2020-06-17 20:46:10,prod,src/main/java/org/apache/commons/lang3/function/FailableRunnable.java,FailableRunnable,org/apache/commons/lang3/function,35,0,5668,13,"Centralize failable functional interfaces in our 'function' package as
the parallel to the JRE's java.util.function package.

Deprecate old class.",2020-06
7ba418fc6f0b4e911a33c8e086a75a622a2ae09e,2020-06-17 20:46:10,prod,src/main/java/org/apache/commons/lang3/function/FailableSupplier.java,FailableSupplier,org/apache/commons/lang3/function,39,0,5668,13,"Centralize failable functional interfaces in our 'function' package as
the parallel to the JRE's java.util.function package.

Deprecate old class.",2020-06
8fcefb4f98856998d857e90f73bb88af043ef3b8,2020-06-17 21:37:14,prod,src/main/java/org/apache/commons/lang3/stream/Streams.java,Streams,org/apache/commons/lang3/stream,492,0,5672,7,"Centralize stream code in our own 'stream' package as
a parallel to the JRE's java.util.stream package.

- Re-implement use of failable function interfaces based on our function
package.
- Deprecate old class.
- Remove trainling whitespace.",2020-06
8fcefb4f98856998d857e90f73bb88af043ef3b8,2020-06-17 21:37:14,test,src/test/java/org/apache/commons/lang3/stream/StreamsTest.java,StreamsTest,org/apache/commons/lang3/stream,187,0,5672,7,"Centralize stream code in our own 'stream' package as
a parallel to the JRE's java.util.stream package.

- Re-implement use of failable function interfaces based on our function
package.
- Deprecate old class.
- Remove trainling whitespace.",2020-06
5d675a0e294ca83b5739ef57be7e9bcfb04c35af,2020-06-18 11:09:50,prod,src/main/java/org/apache/commons/lang3/function/package-info.java,package-info,org/apache/commons/lang3/function,28,0,5677,2,Add skeleton package-info,2020-06
5d675a0e294ca83b5739ef57be7e9bcfb04c35af,2020-06-18 11:09:50,prod,src/main/java/org/apache/commons/lang3/stream/package-info.java,package-info,org/apache/commons/lang3/stream,26,0,5677,2,Add skeleton package-info,2020-06
e12eb5d4d79398f4d3dab7a593efd767c59b74c6,2020-06-25 13:01:13,prod,src/main/java/org/apache/commons/lang3/function/FailableDoubleUnaryOperator.java,FailableDoubleUnaryOperator,org/apache/commons/lang3/function,94,0,5723,4,"[LANG-1568] FailableDoubleUnaryOperator, FailableIntUnaryOperator,
FailableLongUnaryOperator.",2020-06
e12eb5d4d79398f4d3dab7a593efd767c59b74c6,2020-06-25 13:01:13,prod,src/main/java/org/apache/commons/lang3/function/FailableIntUnaryOperator.java,FailableIntUnaryOperator,org/apache/commons/lang3/function,90,0,5723,4,"[LANG-1568] FailableDoubleUnaryOperator, FailableIntUnaryOperator,
FailableLongUnaryOperator.",2020-06
e12eb5d4d79398f4d3dab7a593efd767c59b74c6,2020-06-25 13:01:13,prod,src/main/java/org/apache/commons/lang3/function/FailableLongUnaryOperator.java,FailableLongUnaryOperator,org/apache/commons/lang3/function,90,0,5723,4,"[LANG-1568] FailableDoubleUnaryOperator, FailableIntUnaryOperator,
FailableLongUnaryOperator.",2020-06
46a081d69c27f0c57ee633489baa62b01d9b3cc2,2020-06-26 14:33:37,prod,src/main/java/org/apache/commons/lang3/concurrent/lock/package-info.java,package-info,org/apache/commons/lang3/concurrent/lock,24,0,5752,3,"Javadocs, imports.",2020-06
324363816774a1f9bca998950081130be6756611,2020-07-09 12:28:25,prod,src/main/java/org/apache/commons/lang3/concurrent/locks/LockingVisitors.java,LockingVisitors,org/apache/commons/lang3/concurrent/locks,575,0,5767,2,"Stamped lock visitor (#559)

Co-authored-by: Gary Gregory <gardgregory@gmail.com>",2020-07
324363816774a1f9bca998950081130be6756611,2020-07-09 12:28:25,test,src/test/java/org/apache/commons/lang3/concurrent/locks/LockingVisitorsTest.java,LockingVisitorsTest,org/apache/commons/lang3/concurrent/locks,143,0,5767,2,"Stamped lock visitor (#559)

Co-authored-by: Gary Gregory <gardgregory@gmail.com>",2020-07
7995aad79fab336a4534a5290fdd760df7f55dde,2020-10-22 18:47:45,prod,src/main/java/org/apache/commons/lang3/function/TriFunction.java,TriFunction,org/apache/commons/lang3/function,65,0,5893,5,"Split out tests for a Java 15 bug.

These tests fail on Java 15 due to a bug which was only fixed for Java
16.
See https://bugs.openjdk.java.net/browse/JDK-8248434
See https://bugs.openjdk.java.net/browse/JDK-8248655",2020-10
7995aad79fab336a4534a5290fdd760df7f55dde,2020-10-22 18:47:45,test,src/test/java/org/apache/commons/lang3/time/Java15BugFastDateParserTest.java,Java15BugFastDateParserTest,org/apache/commons/lang3/time,156,0,5893,5,"Split out tests for a Java 15 bug.

These tests fail on Java 15 due to a bug which was only fixed for Java
16.
See https://bugs.openjdk.java.net/browse/JDK-8248434
See https://bugs.openjdk.java.net/browse/JDK-8248655",2020-10
93d520a3e1781d99f99711df7016f474b36fbf82,2020-11-13 15:30:08,prod,src/main/java/org/apache/commons/lang3/function/ToBooleanBiFunction.java,ToBooleanBiFunction,org/apache/commons/lang3/function,43,0,5914,4,"Add StringUtils.containsAnyIgnoreCase(CharSequence, CharSequence...).",2020-11
b4456352bcbe3672afba526ea143fca7a53f7843,2020-12-21 21:43:30,prod,src/main/java/org/apache/commons/lang3/ArraySorter.java,ArraySorter,org/apache/commons/lang3,141,0,5979,6,"Move new sort methods to a new class and add primitive versions.

This avoid growing ArrayUtils even more while keeping the new class
focused on sort APIs.",2020-12
b4456352bcbe3672afba526ea143fca7a53f7843,2020-12-21 21:43:30,test,src/test/java/org/apache/commons/lang3/ArraySorterTest.java,ArraySorterTest,org/apache/commons/lang3,100,0,5979,6,"Move new sort methods to a new class and add primitive versions.

This avoid growing ArrayUtils even more while keeping the new class
focused on sort APIs.",2020-12
45bec219d2e039e85e71711e01d4543a85c1756b,2020-12-24 15:02:37,prod,src/main/java/org/apache/commons/lang3/function/FailableShortSupplier.java,FailableShortSupplier,org/apache/commons/lang3/function,38,0,5991,4,"Add FailableShortSupplier, handy for JDBC APIs.",2020-12
45e8395ec7a63f432ce8df03159ee5465b1380ca,2021-02-06 21:51:47,prod,src/main/java/org/apache/commons/lang3/function/Objects.java,Objects,org/apache/commons/lang3/function,176,0,6031,5,"Introducing @Nonnull, @Nullable, and the Objects class as a helper tool.",2021-02
45e8395ec7a63f432ce8df03159ee5465b1380ca,2021-02-06 21:51:47,test,src/test/java/org/apache/commons/lang3/function/ObjectsTest.java,ObjectsTest,org/apache/commons/lang3/function,146,0,6031,5,"Introducing @Nonnull, @Nullable, and the Objects class as a helper tool.",2021-02
ff6c5f65a5f6130465f97cdad6d529cdfeaccb4e,2021-02-11 21:47:38,prod,src/main/java/org/apache/commons/lang3/time/DurationUtils.java,DurationUtils,org/apache/commons/lang3/time,60,0,6061,4,Add DurationUtils.,2021-02
ff6c5f65a5f6130465f97cdad6d529cdfeaccb4e,2021-02-11 21:47:38,test,src/test/java/org/apache/commons/lang3/time/DurationUtilsTest.java,DurationUtilsTest,org/apache/commons/lang3/time,65,0,6061,4,Add DurationUtils.,2021-02
b4e95a473604df15df7e2a121fba45ad617ef40f,2021-03-24 23:44:47,prod,src/main/java/org/apache/commons/lang3/function/TriConsumer.java,TriConsumer,org/apache/commons/lang3/function,71,0,6133,3,"Add TriConsumer; provenance Apache Log4j 2.7, and enhanced with
andThen().",2021-03
b4e95a473604df15df7e2a121fba45ad617ef40f,2021-03-24 23:44:47,test,src/test/java/org/apache/commons/lang3/function/TriConsumerTest.java,TriConsumerTest,org/apache/commons/lang3/function,71,0,6133,3,"Add TriConsumer; provenance Apache Log4j 2.7, and enhanced with
andThen().",2021-03
4e18561e49881d32cfbb85dc25640961a058dcf6,2021-04-18 22:37:17,prod,src/main/java/org/apache/commons/lang3/function/Suppliers.java,Suppliers,org/apache/commons/lang3/function,40,0,6140,5,Add and use Suppliers.,2021-04
4e18561e49881d32cfbb85dc25640961a058dcf6,2021-04-18 22:37:17,test,src/test/java/org/apache/commons/lang3/function/SuppliersTest.java,SuppliersTest,org/apache/commons/lang3/function,41,0,6140,5,Add and use Suppliers.,2021-04
a6df7f74564b9432bf38fe33c4adc0bc529bf7c9,2021-08-14 03:09:01,test,src/test/java/org/apache/commons/lang3/ArrayUtilsSetTest.java,ArrayUtilsSetTest,org/apache/commons/lang3,61,0,6215,4,"Add and use ArrayUtils.setAll(T[], IntFunction).

Add and use ArrayUtils.setAll(T[], Supplier).",2021-08
be5ff9f9c1dad2067cd6971931d7361f928cd23e,2021-08-23 14:51:10,prod,src/main/java/org/apache/commons/lang3/function/BooleanConsumer.java,BooleanConsumer,org/apache/commons/lang3/function,68,0,6218,3,Add BooleanConsumer.,2021-08
be5ff9f9c1dad2067cd6971931d7361f928cd23e,2021-08-23 14:51:10,test,src/test/java/org/apache/commons/lang3/function/BooleanConsumerTest.java,BooleanConsumerTest,org/apache/commons/lang3/function,61,0,6218,3,Add BooleanConsumer.,2021-08
a223f0a0075121c48f5aad568b44d0e80e5736dd,2021-08-26 14:32:43,test,src/test/java/org/apache/commons/lang3/function/ToBooleanBiFunctionTest.java,ToBooleanBiFunctionTest,org/apache/commons/lang3/function,34,0,6235,1,Add standalone test for ToBooleanBiFunction.,2021-08
3f9422aec44c31536d101e8088112d27ded5c1d7,2021-08-27 15:16:49,prod,src/main/java/org/apache/commons/lang3/function/IntToCharFunction.java,IntToCharFunction,org/apache/commons/lang3/function,44,0,6239,3,Add IntToCharFunction.,2021-08
3f9422aec44c31536d101e8088112d27ded5c1d7,2021-08-27 15:16:49,test,src/test/java/org/apache/commons/lang3/function/IntToCharFunctionTest.java,IntToCharFunctionTest,org/apache/commons/lang3/function,34,0,6239,3,Add IntToCharFunction.,2021-08
94ffa01a031108c5a173a420cef3bde0b8efc8ed,2021-08-27 19:55:57,prod,src/main/java/org/apache/commons/lang3/stream/IntStreams.java,IntStreams,org/apache/commons/lang3/stream,51,0,6240,3,Add IntStreams.,2021-08
94ffa01a031108c5a173a420cef3bde0b8efc8ed,2021-08-27 19:55:57,test,src/test/java/org/apache/commons/lang3/stream/IntStreamsTest.java,IntStreamsTest,org/apache/commons/lang3/stream,37,0,6240,3,Add IntStreams.,2021-08
5afd54ce6754de7963563ce755ff3cbeb5d5aed3,2021-08-29 17:51:56,prod,src/main/java/org/apache/commons/lang3/concurrent/UncheckedExecutionException.java,UncheckedExecutionException,org/apache/commons/lang3/concurrent,42,0,6245,12,"Add UncheckedFuture.

Add UncheckedException.
Add UncheckedExecutionException.
Add UncheckedTimeoutException.
Add UncheckedInterruptedException.",2021-08
5afd54ce6754de7963563ce755ff3cbeb5d5aed3,2021-08-29 17:51:56,prod,src/main/java/org/apache/commons/lang3/concurrent/UncheckedFuture.java,UncheckedFuture,org/apache/commons/lang3/concurrent,90,0,6245,12,"Add UncheckedFuture.

Add UncheckedException.
Add UncheckedExecutionException.
Add UncheckedTimeoutException.
Add UncheckedInterruptedException.",2021-08
5afd54ce6754de7963563ce755ff3cbeb5d5aed3,2021-08-29 17:51:56,prod,src/main/java/org/apache/commons/lang3/concurrent/UncheckedFutureImpl.java,UncheckedFutureImpl,org/apache/commons/lang3/concurrent,81,0,6245,12,"Add UncheckedFuture.

Add UncheckedException.
Add UncheckedExecutionException.
Add UncheckedTimeoutException.
Add UncheckedInterruptedException.",2021-08
5afd54ce6754de7963563ce755ff3cbeb5d5aed3,2021-08-29 17:51:56,prod,src/main/java/org/apache/commons/lang3/concurrent/UncheckedTimeoutException.java,UncheckedTimeoutException,org/apache/commons/lang3/concurrent,42,0,6245,12,"Add UncheckedFuture.

Add UncheckedException.
Add UncheckedExecutionException.
Add UncheckedTimeoutException.
Add UncheckedInterruptedException.",2021-08
5afd54ce6754de7963563ce755ff3cbeb5d5aed3,2021-08-29 17:51:56,prod,src/main/java/org/apache/commons/lang3/exception/UncheckedException.java,UncheckedException,org/apache/commons/lang3/exception,41,0,6245,12,"Add UncheckedFuture.

Add UncheckedException.
Add UncheckedExecutionException.
Add UncheckedTimeoutException.
Add UncheckedInterruptedException.",2021-08
5afd54ce6754de7963563ce755ff3cbeb5d5aed3,2021-08-29 17:51:56,prod,src/main/java/org/apache/commons/lang3/exception/UncheckedInterruptedException.java,UncheckedInterruptedException,org/apache/commons/lang3/exception,38,0,6245,12,"Add UncheckedFuture.

Add UncheckedException.
Add UncheckedExecutionException.
Add UncheckedTimeoutException.
Add UncheckedInterruptedException.",2021-08
5afd54ce6754de7963563ce755ff3cbeb5d5aed3,2021-08-29 17:51:56,test,src/test/java/org/apache/commons/lang3/concurrent/UncheckedExecutionExceptionTest.java,UncheckedExecutionExceptionTest,org/apache/commons/lang3/concurrent,34,0,6245,12,"Add UncheckedFuture.

Add UncheckedException.
Add UncheckedExecutionException.
Add UncheckedTimeoutException.
Add UncheckedInterruptedException.",2021-08
5afd54ce6754de7963563ce755ff3cbeb5d5aed3,2021-08-29 17:51:56,test,src/test/java/org/apache/commons/lang3/concurrent/UncheckedFutureTest.java,UncheckedFutureTest,org/apache/commons/lang3/concurrent,132,0,6245,12,"Add UncheckedFuture.

Add UncheckedException.
Add UncheckedExecutionException.
Add UncheckedTimeoutException.
Add UncheckedInterruptedException.",2021-08
5afd54ce6754de7963563ce755ff3cbeb5d5aed3,2021-08-29 17:51:56,test,src/test/java/org/apache/commons/lang3/concurrent/UncheckedTimeoutExceptionTest.java,UncheckedTimeoutExceptionTest,org/apache/commons/lang3/concurrent,34,0,6245,12,"Add UncheckedFuture.

Add UncheckedException.
Add UncheckedExecutionException.
Add UncheckedTimeoutException.
Add UncheckedInterruptedException.",2021-08
5afd54ce6754de7963563ce755ff3cbeb5d5aed3,2021-08-29 17:51:56,test,src/test/java/org/apache/commons/lang3/exception/UncheckedExceptionTest.java,UncheckedExceptionTest,org/apache/commons/lang3/exception,34,0,6245,12,"Add UncheckedFuture.

Add UncheckedException.
Add UncheckedExecutionException.
Add UncheckedTimeoutException.
Add UncheckedInterruptedException.",2021-08
5afd54ce6754de7963563ce755ff3cbeb5d5aed3,2021-08-29 17:51:56,test,src/test/java/org/apache/commons/lang3/exception/UncheckedInterruptedExceptionTest.java,UncheckedInterruptedExceptionTest,org/apache/commons/lang3/exception,34,0,6245,12,"Add UncheckedFuture.

Add UncheckedException.
Add UncheckedExecutionException.
Add UncheckedTimeoutException.
Add UncheckedInterruptedException.",2021-08
34a85e74360f32dcfd7938e3a3c606a4869ca7e7,2021-08-30 13:19:58,prod,src/main/java/org/apache/commons/lang3/concurrent/AbstractFutureProxy.java,AbstractFutureProxy,org/apache/commons/lang3/concurrent,78,0,6250,5,Refactorings; reuse UncheckedFuture.,2021-08
9d40f8a5a7aa92664bbae2a90ad7bd0cd0edffb7,2021-11-13 13:48:07,prod,src/main/java/org/apache/commons/lang3/exception/UncheckedReflectiveOperationException.java,UncheckedReflectiveOperationException,org/apache/commons/lang3/exception,38,0,6309,2,Add UncheckedReflectiveOperationException.,2021-11
9d40f8a5a7aa92664bbae2a90ad7bd0cd0edffb7,2021-11-13 13:48:07,test,src/test/java/org/apache/commons/lang3/exception/UncheckedReflectiveOperationExceptionTest.java,UncheckedReflectiveOperationExceptionTest,org/apache/commons/lang3/exception,34,0,6309,2,Add UncheckedReflectiveOperationException.,2021-11
e151438181c6c46a190d97735e976606b5cea146,2021-11-15 13:30:38,test,src/test/java/org/apache/commons/lang3/function/TriFunctionTest.java,TriFunctionTest,org/apache/commons/lang3/function,73,0,6313,1,Add test case.,2021-11
053e26316631cba49a47e697a7b66c4296824507,2021-11-17 02:48:32,prod,src/main/java/org/apache/commons/lang3/exception/UncheckedIllegalAccessException.java,UncheckedIllegalAccessException,org/apache/commons/lang3/exception,39,0,6323,3,Add UncheckedIllegalAccessException.,2021-11
053e26316631cba49a47e697a7b66c4296824507,2021-11-17 02:48:32,test,src/test/java/org/apache/commons/lang3/exception/UncheckedIllegalAccessExceptionTest.java,UncheckedIllegalAccessExceptionTest,org/apache/commons/lang3/exception,34,0,6323,3,Add UncheckedIllegalAccessException.,2021-11
f75f5b9373c0c9b8c3257642468e10a792afb6a4,2021-11-17 05:42:26,prod,src/main/java/org/apache/commons/lang3/function/MethodInvokers.java,MethodInvokers,org/apache/commons/lang3/function,259,0,6324,14,Add MethodInvokers.,2021-11
f75f5b9373c0c9b8c3257642468e10a792afb6a4,2021-11-17 05:42:26,test,src/test/java/org/apache/commons/lang3/function/MethodInvokersBiConsumerTest.java,MethodInvokersBiConsumerTest,org/apache/commons/lang3/function,56,0,6324,14,Add MethodInvokers.,2021-11
f75f5b9373c0c9b8c3257642468e10a792afb6a4,2021-11-17 05:42:26,test,src/test/java/org/apache/commons/lang3/function/MethodInvokersBiFunctionTest.java,MethodInvokersBiFunctionTest,org/apache/commons/lang3/function,65,0,6324,14,Add MethodInvokers.,2021-11
f75f5b9373c0c9b8c3257642468e10a792afb6a4,2021-11-17 05:42:26,test,src/test/java/org/apache/commons/lang3/function/MethodInvokersFailableBiConsumerTest.java,MethodInvokersFailableBiConsumerTest,org/apache/commons/lang3/function,62,0,6324,14,Add MethodInvokers.,2021-11
f75f5b9373c0c9b8c3257642468e10a792afb6a4,2021-11-17 05:42:26,test,src/test/java/org/apache/commons/lang3/function/MethodInvokersFailableBiFunctionTest.java,MethodInvokersFailableBiFunctionTest,org/apache/commons/lang3/function,69,0,6324,14,Add MethodInvokers.,2021-11
f75f5b9373c0c9b8c3257642468e10a792afb6a4,2021-11-17 05:42:26,test,src/test/java/org/apache/commons/lang3/function/MethodInvokersFailableFunctionTest.java,MethodInvokersFailableFunctionTest,org/apache/commons/lang3/function,84,0,6324,14,Add MethodInvokers.,2021-11
f75f5b9373c0c9b8c3257642468e10a792afb6a4,2021-11-17 05:42:26,test,src/test/java/org/apache/commons/lang3/function/MethodInvokersFailableSupplierTest.java,MethodInvokersFailableSupplierTest,org/apache/commons/lang3/function,44,0,6324,14,Add MethodInvokers.,2021-11
f75f5b9373c0c9b8c3257642468e10a792afb6a4,2021-11-17 05:42:26,test,src/test/java/org/apache/commons/lang3/function/MethodInvokersFunctionTest.java,MethodInvokersFunctionTest,org/apache/commons/lang3/function,101,0,6324,14,Add MethodInvokers.,2021-11
f75f5b9373c0c9b8c3257642468e10a792afb6a4,2021-11-17 05:42:26,test,src/test/java/org/apache/commons/lang3/function/MethodInvokersSupplierTest.java,MethodInvokersSupplierTest,org/apache/commons/lang3/function,48,0,6324,14,Add MethodInvokers.,2021-11
6e1c3366752928019080537fb909cd7dbd7ffb2f,2021-11-30 21:11:27,prod,src/main/java/org/apache/commons/lang3/util/FluentBitSet.java,FluentBitSet,org/apache/commons/lang3/util,606,0,6355,4,Add FluentBitSet.,2021-11
6e1c3366752928019080537fb909cd7dbd7ffb2f,2021-11-30 21:11:27,prod,src/main/java/org/apache/commons/lang3/util/package-info.java,package-info,org/apache/commons/lang3/util,22,0,6355,4,Add FluentBitSet.,2021-11
6e1c3366752928019080537fb909cd7dbd7ffb2f,2021-11-30 21:11:27,test,src/test/java/org/apache/commons/lang3/util/FluentBitSetTest.java,FluentBitSetTest,org/apache/commons/lang3/util,1827,0,6355,4,Add FluentBitSet.,2021-11
85751a118e38f23b9009ccab1cdd3ea3b1d2dc5d,2022-03-21 13:19:13,prod,src/main/java/org/apache/commons/lang3/concurrent/FutureTasks.java,FutureTasks,org/apache/commons/lang3/concurrent,45,0,6453,4,"Refactor to create the mapping function once.

Add FutureTasks.",2022-03
85751a118e38f23b9009ccab1cdd3ea3b1d2dc5d,2022-03-21 13:19:13,test,src/test/java/org/apache/commons/lang3/concurrent/FutureTasksTest.java,FutureTasksTest,org/apache/commons/lang3/concurrent,40,0,6453,4,"Refactor to create the mapping function once.

Add FutureTasks.",2022-03
389fb37c56d82473ae925d3c8cbb1d4c40819722,2022-03-21 14:00:41,test,src/test/java/org/apache/commons/lang3/concurrent/MemoizerFunctionTest.java,MemoizerFunctionTest,org/apache/commons/lang3/concurrent,108,0,6454,4,"Add Memoizer(Function) and Memoizer(Function, boolean).",2022-03
82187678948b16b827454b5007bb9073d0666c81,2022-03-21 15:38:20,prod,src/main/java/org/apache/commons/lang3/function/Consumers.java,Consumers,org/apache/commons/lang3/function,49,0,6461,3,Add Consumers.,2022-03
82187678948b16b827454b5007bb9073d0666c81,2022-03-21 15:38:20,test,src/test/java/org/apache/commons/lang3/function/ConsumersTest.java,ConsumersTest,org/apache/commons/lang3/function,48,0,6461,3,Add Consumers.,2022-03
a6e18d94652a99b3b5080a3a7db7d39365dc6888,2022-06-06 14:32:36,test,src/test/java/org/apache/commons/lang3/function/FailableDoubleFunctionTest.java,FailableDoubleFunctionTest,org/apache/commons/lang3/function,33,0,6579,19,Increase test coverage of functional interfaces,2022-06
a6e18d94652a99b3b5080a3a7db7d39365dc6888,2022-06-06 14:32:36,test,src/test/java/org/apache/commons/lang3/function/FailableDoubleToIntFunctionTest.java,FailableDoubleToIntFunctionTest,org/apache/commons/lang3/function,33,0,6579,19,Increase test coverage of functional interfaces,2022-06
a6e18d94652a99b3b5080a3a7db7d39365dc6888,2022-06-06 14:32:36,test,src/test/java/org/apache/commons/lang3/function/FailableDoubleToLongFunctionTest.java,FailableDoubleToLongFunctionTest,org/apache/commons/lang3/function,33,0,6579,19,Increase test coverage of functional interfaces,2022-06
a6e18d94652a99b3b5080a3a7db7d39365dc6888,2022-06-06 14:32:36,test,src/test/java/org/apache/commons/lang3/function/FailableIntFunctionTest.java,FailableIntFunctionTest,org/apache/commons/lang3/function,33,0,6579,19,Increase test coverage of functional interfaces,2022-06
a6e18d94652a99b3b5080a3a7db7d39365dc6888,2022-06-06 14:32:36,test,src/test/java/org/apache/commons/lang3/function/FailableIntToDoubleFunctionTest.java,FailableIntToDoubleFunctionTest,org/apache/commons/lang3/function,33,0,6579,19,Increase test coverage of functional interfaces,2022-06
a6e18d94652a99b3b5080a3a7db7d39365dc6888,2022-06-06 14:32:36,test,src/test/java/org/apache/commons/lang3/function/FailableIntToLongFunctionTest.java,FailableIntToLongFunctionTest,org/apache/commons/lang3/function,33,0,6579,19,Increase test coverage of functional interfaces,2022-06
a6e18d94652a99b3b5080a3a7db7d39365dc6888,2022-06-06 14:32:36,test,src/test/java/org/apache/commons/lang3/function/FailableLongFunctionTest.java,FailableLongFunctionTest,org/apache/commons/lang3/function,33,0,6579,19,Increase test coverage of functional interfaces,2022-06
a6e18d94652a99b3b5080a3a7db7d39365dc6888,2022-06-06 14:32:36,test,src/test/java/org/apache/commons/lang3/function/FailableLongToDoubleFunctionTest.java,FailableLongToDoubleFunctionTest,org/apache/commons/lang3/function,33,0,6579,19,Increase test coverage of functional interfaces,2022-06
a6e18d94652a99b3b5080a3a7db7d39365dc6888,2022-06-06 14:32:36,test,src/test/java/org/apache/commons/lang3/function/FailableLongToIntFunctionTest.java,FailableLongToIntFunctionTest,org/apache/commons/lang3/function,33,0,6579,19,Increase test coverage of functional interfaces,2022-06
a6e18d94652a99b3b5080a3a7db7d39365dc6888,2022-06-06 14:32:36,test,src/test/java/org/apache/commons/lang3/function/FailableObjDoubleConsumerTest.java,FailableObjDoubleConsumerTest,org/apache/commons/lang3/function,37,0,6579,19,Increase test coverage of functional interfaces,2022-06
a6e18d94652a99b3b5080a3a7db7d39365dc6888,2022-06-06 14:32:36,test,src/test/java/org/apache/commons/lang3/function/FailableObjIntConsumerTest.java,FailableObjIntConsumerTest,org/apache/commons/lang3/function,37,0,6579,19,Increase test coverage of functional interfaces,2022-06
a6e18d94652a99b3b5080a3a7db7d39365dc6888,2022-06-06 14:32:36,test,src/test/java/org/apache/commons/lang3/function/FailableObjLongConsumerTest.java,FailableObjLongConsumerTest,org/apache/commons/lang3/function,37,0,6579,19,Increase test coverage of functional interfaces,2022-06
a6e18d94652a99b3b5080a3a7db7d39365dc6888,2022-06-06 14:32:36,test,src/test/java/org/apache/commons/lang3/function/FailableToDoubleBiFunctionTest.java,FailableToDoubleBiFunctionTest,org/apache/commons/lang3/function,33,0,6579,19,Increase test coverage of functional interfaces,2022-06
a6e18d94652a99b3b5080a3a7db7d39365dc6888,2022-06-06 14:32:36,test,src/test/java/org/apache/commons/lang3/function/FailableToDoubleFunctionTest.java,FailableToDoubleFunctionTest,org/apache/commons/lang3/function,33,0,6579,19,Increase test coverage of functional interfaces,2022-06
a6e18d94652a99b3b5080a3a7db7d39365dc6888,2022-06-06 14:32:36,test,src/test/java/org/apache/commons/lang3/function/FailableToIntBiFunctionTest.java,FailableToIntBiFunctionTest,org/apache/commons/lang3/function,33,0,6579,19,Increase test coverage of functional interfaces,2022-06
a6e18d94652a99b3b5080a3a7db7d39365dc6888,2022-06-06 14:32:36,test,src/test/java/org/apache/commons/lang3/function/FailableToIntFunctionTest.java,FailableToIntFunctionTest,org/apache/commons/lang3/function,33,0,6579,19,Increase test coverage of functional interfaces,2022-06
a6e18d94652a99b3b5080a3a7db7d39365dc6888,2022-06-06 14:32:36,test,src/test/java/org/apache/commons/lang3/function/FailableToLongBiFunctionTest.java,FailableToLongBiFunctionTest,org/apache/commons/lang3/function,33,0,6579,19,Increase test coverage of functional interfaces,2022-06
a6e18d94652a99b3b5080a3a7db7d39365dc6888,2022-06-06 14:32:36,test,src/test/java/org/apache/commons/lang3/function/FailableToLongFunctionTest.java,FailableToLongFunctionTest,org/apache/commons/lang3/function,33,0,6579,19,Increase test coverage of functional interfaces,2022-06
1bf7d7ec12fa143a1b544cf2dd1a0c1a8de7548a,2022-07-05 16:46:01,test,src/test/java/org/apache/commons/lang3/AbstractLangTest.java,AbstractLangTest,org/apache/commons/lang3,41,0,6632,30,All tests should leave the ToStringStyle registry empty.,2022-07
5f22e0451457abc62c87c83526ac129f89cc6d8f,2022-07-05 22:49:38,test,src/test/java/org/apache/commons/lang3/builder/ReflectionToStringBuilderIncludeTest.java,ReflectionToStringBuilderIncludeTest,org/apache/commons/lang3/builder,239,0,6639,3,"[LANG-1662] Let ReflectionToStringBuilder only reflect given field
names #849

Applied PR and:
- Added missing @since tags to new public and protected methods and
fields
- Fixed Javadocs
- Reuse own ArrayUtils API for validation
- Move methods to AB order",2022-07
62910e4f329923c77bc8bd2156d56544d1119efd,2022-08-12 15:33:10,prod,src/main/java/org/apache/commons/lang3/stream/LangCollectors.java,LangCollectors,org/apache/commons/lang3/stream,167,0,6681,4,Add LangCollectors,2022-08
62910e4f329923c77bc8bd2156d56544d1119efd,2022-08-12 15:33:10,test,src/test/java/org/apache/commons/lang3/stream/LangCollectorsTest.java,LangCollectorsTest,org/apache/commons/lang3/stream,141,0,6681,4,Add LangCollectors,2022-08
57ddce119516f451168f4489f55f399fd9309b53,2022-10-17 12:08:59,prod,src/main/java/org/apache/commons/lang3/DoubleRange.java,DoubleRange,org/apache/commons/lang3,85,0,6826,11,"Add NumberRange, DoubleRange, IntegerRange, LongRange.

Fix changes.xml",2022-10
57ddce119516f451168f4489f55f399fd9309b53,2022-10-17 12:08:59,prod,src/main/java/org/apache/commons/lang3/IntegerRange.java,IntegerRange,org/apache/commons/lang3,85,0,6826,11,"Add NumberRange, DoubleRange, IntegerRange, LongRange.

Fix changes.xml",2022-10
57ddce119516f451168f4489f55f399fd9309b53,2022-10-17 12:08:59,prod,src/main/java/org/apache/commons/lang3/LongRange.java,LongRange,org/apache/commons/lang3,85,0,6826,11,"Add NumberRange, DoubleRange, IntegerRange, LongRange.

Fix changes.xml",2022-10
57ddce119516f451168f4489f55f399fd9309b53,2022-10-17 12:08:59,prod,src/main/java/org/apache/commons/lang3/NumberRange.java,NumberRange,org/apache/commons/lang3,48,0,6826,11,"Add NumberRange, DoubleRange, IntegerRange, LongRange.

Fix changes.xml",2022-10
57ddce119516f451168f4489f55f399fd9309b53,2022-10-17 12:08:59,test,src/test/java/org/apache/commons/lang3/DoubleRangeTest.java,DoubleRangeTest,org/apache/commons/lang3,412,0,6826,11,"Add NumberRange, DoubleRange, IntegerRange, LongRange.

Fix changes.xml",2022-10
57ddce119516f451168f4489f55f399fd9309b53,2022-10-17 12:08:59,test,src/test/java/org/apache/commons/lang3/IntegerRangeTest.java,IntegerRangeTest,org/apache/commons/lang3,411,0,6826,11,"Add NumberRange, DoubleRange, IntegerRange, LongRange.

Fix changes.xml",2022-10
57ddce119516f451168f4489f55f399fd9309b53,2022-10-17 12:08:59,test,src/test/java/org/apache/commons/lang3/LongRangeTest.java,LongRangeTest,org/apache/commons/lang3,426,0,6826,11,"Add NumberRange, DoubleRange, IntegerRange, LongRange.

Fix changes.xml",2022-10
95a0e2b09bc4a3a363e5ab1c853d002fb74ad7af,2023-02-11 14:49:41,prod,src/main/java/org/apache/commons/lang3/SystemProperties.java,SystemProperties,org/apache/commons/lang3,791,0,6919,6,Refactor system property access into a new SystemProperties class,2023-02
95a0e2b09bc4a3a363e5ab1c853d002fb74ad7af,2023-02-11 14:49:41,test,src/test/java/org/apache/commons/lang3/SystemPropertiesTest.java,SystemPropertiesTest,org/apache/commons/lang3,254,0,6919,6,Refactor system property access into a new SystemProperties class,2023-02
f51299ced4fd40b44a3f6eca9ae528e818558205,2023-06-04 18:30:40,prod,src/main/java/org/apache/commons/lang3/builder/DiffExclude.java,DiffExclude,org/apache/commons/lang3/builder,35,0,6980,3,"LANG-1677 : Add ReflectionDiffBuilder.setExcludeFieldNames(...) and DiffExclude a… (#838)

* LANG-1677 : Make it possible to exclude fields in ReflectionDiffBuilder

* Fix Javadoc typo

* Javadoc

* Javadoc

---------

Co-authored-by: Gary Gregory <garydgregory@users.noreply.github.com>",2023-06
120d3489aad924e310a8071a66139947ace7a685,2023-07-10 11:56:18,prod,src/main/java/org/apache/commons/lang3/function/IntToIntFunction.java,IntToIntFunction,org/apache/commons/lang3/function,52,0,7015,3,Add IntToIntFunction,2023-07
120d3489aad924e310a8071a66139947ace7a685,2023-07-10 11:56:18,test,src/test/java/org/apache/commons/lang3/function/IntToIntFunctionTest.java,IntToIntFunctionTest,org/apache/commons/lang3/function,40,0,7015,3,Add IntToIntFunction,2023-07
2e3feda04337baa483bc26b66f238161dc6c97ac,2023-07-12 12:44:38,prod,src/main/java/org/apache/commons/lang3/builder/Reflection.java,Reflection,org/apache/commons/lang3/builder,44,0,7025,7,"Throw IllegalArgumentException instead of InternalError in the builder
package",2023-07
c0a506c80077c9b1e6fc9e32ad36c73a47558d1d,2023-07-21 14:11:29,test,src/test/java/org/apache/commons/lang3/reflect/Lang1703Test.java,Lang1703Test,org/apache/commons/lang3/reflect,35,0,7033,1,Add Lang1703Test,2023-07
0ede42bbdcf93560679a43ad1ac694fc6c05be59,2023-08-04 23:57:50,prod,src/main/java/org/apache/commons/lang3/function/Functions.java,Functions,org/apache/commons/lang3/function,38,0,7066,6,"Add Functions#from(Function)

Add FailableFunction#function(FailableFunction)",2023-08
0ede42bbdcf93560679a43ad1ac694fc6c05be59,2023-08-04 23:57:50,test,src/test/java/org/apache/commons/lang3/function/FunctionsTest.java,FunctionsTest,org/apache/commons/lang3/function,30,0,7066,6,"Add Functions#from(Function)

Add FailableFunction#function(FailableFunction)",2023-08
2e9b000e6c965eaa09ee3189adca41fcf908c621,2023-08-10 13:20:31,prod,src/main/java/org/apache/commons/lang3/ArrayFill.java,ArrayFill,org/apache/commons/lang3,137,0,7079,4,Add ArrayFill,2023-08
2e9b000e6c965eaa09ee3189adca41fcf908c621,2023-08-10 13:20:31,test,src/test/java/org/apache/commons/lang3/ArrayFillTest.java,ArrayFillTest,org/apache/commons/lang3,117,0,7079,4,Add ArrayFill,2023-08
19fa964de7c43e5e440f293d7341e0c4be681b4a,2023-08-16 17:24:27,test,src/test/java/org/apache/commons/lang3/StringUtilsIsMixedCaseTest.java,StringUtilsIsMixedCaseTest,org/apache/commons/lang3,102,0,7143,2,"Improve performance of StringUtils.isMixedCase() (#1096)

* improve performance of isMixedCase

The changes optimize the mixed-case detecting function in StringUtils.java by reducing redundant character property checks. The loop will now return early when both uppercase and lowercase are present, preventing further unnecessary operations. It also introduces a local variable to store the character being checked, reducing the number of method calls to get the character. The end return statement is also simplified to return false, as the true condition has already been covered inside the loop.

* add test to prove better performance

* Add Apache license header to StringUtilsIsMixedCaseTest.java file

* Fix Checkstyle issues

---------

Co-authored-by: Gary Gregory <garydgregory@users.noreply.github.com>",2023-08
15ff8f999780b566d21b53550a6c3e0c5cbe8994,2023-08-27 11:44:42,test,src/test/java/org/apache/commons/lang3/builder/ReflectionToStringBuilderCustomImplementationTest.java,ReflectionToStringBuilderCustomImplementationTest,org/apache/commons/lang3/builder,55,0,7152,3,"[LANG-1710] ReflectionToStringBuilder changes in version 3.13.0 has
broken the logic for overriding classes",2023-08
bc8a81eab022b4cfc363ee40bf1b306cc56c7ae3,2023-10-12 13:12:10,test,src/test/java/org/apache/commons/lang3/concurrent/LazyInitializerAnonClassTest.java,LazyInitializerAnonClassTest,org/apache/commons/lang3/concurrent,39,0,7203,3,Add LazyInitializer tests,2023-10
bc8a81eab022b4cfc363ee40bf1b306cc56c7ae3,2023-10-12 13:12:10,test,src/test/java/org/apache/commons/lang3/concurrent/LazyInitializerSimpleTest.java,LazyInitializerSimpleTest,org/apache/commons/lang3/concurrent,45,0,7203,3,Add LazyInitializer tests,2023-10
11d2deca1f53f43a1b0806dfbe6fdadbe96f275d,2023-10-12 18:04:34,prod,src/main/java/org/apache/commons/lang3/concurrent/AbstractConcurrentInitializer.java,AbstractConcurrentInitializer,org/apache/commons/lang3/concurrent,39,0,7209,5,"Refactor variable ConcurrentInitializer implementations to remove
duplication of initialize() method",2023-10
4afdad4f1a1909bddffa8b776f8c5e12b20445b5,2023-10-13 14:59:10,test,src/test/java/org/apache/commons/lang3/stream/FailableStreamTest.java,FailableStreamTest,org/apache/commons/lang3/stream,66,0,7210,3,Add Streams.failableStream(T...),2023-10
13839dae6ef46f46023b3c489830fc25c0075aaf,2023-10-16 13:14:44,test,src/test/java/org/apache/commons/lang3/function/FailableSupplierTest.java,FailableSupplierTest,org/apache/commons/lang3/function,48,0,7223,4,Add FailableSupplieSuppliersr.nul(),2023-10
5d146cd06965432812c11ea8a6b458b3d2f56f65,2023-10-20 17:53:08,prod,src/main/java/org/apache/commons/lang3/builder/AbstractSupplier.java,AbstractSupplier,org/apache/commons/lang3/builder,42,0,7238,18,"Use LazyInitializer without subclassing. (#1123)

* Use LazyInitializer without subclassing.

- Allow a Supplier for initialized object
- Allow a Consumer to close the managed object

* Allow any checked exception in the argument to supplier and consumer

* Make all impls of AbstractConcurrentInitializer concrete with builders and tests

* add tests for closer

* Use ConcurrentException as the wrapper for close

* Changes requested in code review

---------

Co-authored-by: Gary Gregory <gardgregory@gmail.com>
Co-authored-by: Benjamin Confino <benjamic@uk.ibm.com>",2023-10
5d146cd06965432812c11ea8a6b458b3d2f56f65,2023-10-20 17:53:08,test,src/test/java/org/apache/commons/lang3/concurrent/AbstractConcurrentInitializerCloseAndExceptionsTest.java,AbstractConcurrentInitializerCloseAndExceptionsTest,org/apache/commons/lang3/concurrent,184,0,7238,18,"Use LazyInitializer without subclassing. (#1123)

* Use LazyInitializer without subclassing.

- Allow a Supplier for initialized object
- Allow a Consumer to close the managed object

* Allow any checked exception in the argument to supplier and consumer

* Make all impls of AbstractConcurrentInitializer concrete with builders and tests

* add tests for closer

* Use ConcurrentException as the wrapper for close

* Changes requested in code review

---------

Co-authored-by: Gary Gregory <gardgregory@gmail.com>
Co-authored-by: Benjamin Confino <benjamic@uk.ibm.com>",2023-10
5d146cd06965432812c11ea8a6b458b3d2f56f65,2023-10-20 17:53:08,test,src/test/java/org/apache/commons/lang3/concurrent/AtomicInitializerSupplierTest.java,AtomicInitializerSupplierTest,org/apache/commons/lang3/concurrent,43,0,7238,18,"Use LazyInitializer without subclassing. (#1123)

* Use LazyInitializer without subclassing.

- Allow a Supplier for initialized object
- Allow a Consumer to close the managed object

* Allow any checked exception in the argument to supplier and consumer

* Make all impls of AbstractConcurrentInitializer concrete with builders and tests

* add tests for closer

* Use ConcurrentException as the wrapper for close

* Changes requested in code review

---------

Co-authored-by: Gary Gregory <gardgregory@gmail.com>
Co-authored-by: Benjamin Confino <benjamic@uk.ibm.com>",2023-10
5d146cd06965432812c11ea8a6b458b3d2f56f65,2023-10-20 17:53:08,test,src/test/java/org/apache/commons/lang3/concurrent/AtomicSafeInitializerSupplierTest.java,AtomicSafeInitializerSupplierTest,org/apache/commons/lang3/concurrent,97,0,7238,18,"Use LazyInitializer without subclassing. (#1123)

* Use LazyInitializer without subclassing.

- Allow a Supplier for initialized object
- Allow a Consumer to close the managed object

* Allow any checked exception in the argument to supplier and consumer

* Make all impls of AbstractConcurrentInitializer concrete with builders and tests

* add tests for closer

* Use ConcurrentException as the wrapper for close

* Changes requested in code review

---------

Co-authored-by: Gary Gregory <gardgregory@gmail.com>
Co-authored-by: Benjamin Confino <benjamic@uk.ibm.com>",2023-10
5d146cd06965432812c11ea8a6b458b3d2f56f65,2023-10-20 17:53:08,test,src/test/java/org/apache/commons/lang3/concurrent/BackgroundInitializerSupplierTest.java,BackgroundInitializerSupplierTest,org/apache/commons/lang3/concurrent,148,0,7238,18,"Use LazyInitializer without subclassing. (#1123)

* Use LazyInitializer without subclassing.

- Allow a Supplier for initialized object
- Allow a Consumer to close the managed object

* Allow any checked exception in the argument to supplier and consumer

* Make all impls of AbstractConcurrentInitializer concrete with builders and tests

* add tests for closer

* Use ConcurrentException as the wrapper for close

* Changes requested in code review

---------

Co-authored-by: Gary Gregory <gardgregory@gmail.com>
Co-authored-by: Benjamin Confino <benjamic@uk.ibm.com>",2023-10
5d146cd06965432812c11ea8a6b458b3d2f56f65,2023-10-20 17:53:08,test,src/test/java/org/apache/commons/lang3/concurrent/LazyInitializerCloserTest.java,LazyInitializerCloserTest,org/apache/commons/lang3/concurrent,54,0,7238,18,"Use LazyInitializer without subclassing. (#1123)

* Use LazyInitializer without subclassing.

- Allow a Supplier for initialized object
- Allow a Consumer to close the managed object

* Allow any checked exception in the argument to supplier and consumer

* Make all impls of AbstractConcurrentInitializer concrete with builders and tests

* add tests for closer

* Use ConcurrentException as the wrapper for close

* Changes requested in code review

---------

Co-authored-by: Gary Gregory <gardgregory@gmail.com>
Co-authored-by: Benjamin Confino <benjamic@uk.ibm.com>",2023-10
5d146cd06965432812c11ea8a6b458b3d2f56f65,2023-10-20 17:53:08,test,src/test/java/org/apache/commons/lang3/concurrent/LazyInitializerFailableCloserTest.java,LazyInitializerFailableCloserTest,org/apache/commons/lang3/concurrent,72,0,7238,18,"Use LazyInitializer without subclassing. (#1123)

* Use LazyInitializer without subclassing.

- Allow a Supplier for initialized object
- Allow a Consumer to close the managed object

* Allow any checked exception in the argument to supplier and consumer

* Make all impls of AbstractConcurrentInitializer concrete with builders and tests

* add tests for closer

* Use ConcurrentException as the wrapper for close

* Changes requested in code review

---------

Co-authored-by: Gary Gregory <gardgregory@gmail.com>
Co-authored-by: Benjamin Confino <benjamic@uk.ibm.com>",2023-10
5d146cd06965432812c11ea8a6b458b3d2f56f65,2023-10-20 17:53:08,test,src/test/java/org/apache/commons/lang3/concurrent/LazyInitializerSupplierTest.java,LazyInitializerSupplierTest,org/apache/commons/lang3/concurrent,43,0,7238,18,"Use LazyInitializer without subclassing. (#1123)

* Use LazyInitializer without subclassing.

- Allow a Supplier for initialized object
- Allow a Consumer to close the managed object

* Allow any checked exception in the argument to supplier and consumer

* Make all impls of AbstractConcurrentInitializer concrete with builders and tests

* add tests for closer

* Use ConcurrentException as the wrapper for close

* Changes requested in code review

---------

Co-authored-by: Gary Gregory <gardgregory@gmail.com>
Co-authored-by: Benjamin Confino <benjamic@uk.ibm.com>",2023-10
5d146cd06965432812c11ea8a6b458b3d2f56f65,2023-10-20 17:53:08,test,src/test/java/org/apache/commons/lang3/concurrent/MultiBackgroundInitializerSupplierTest.java,MultiBackgroundInitializerSupplierTest,org/apache/commons/lang3/concurrent,261,0,7238,18,"Use LazyInitializer without subclassing. (#1123)

* Use LazyInitializer without subclassing.

- Allow a Supplier for initialized object
- Allow a Consumer to close the managed object

* Allow any checked exception in the argument to supplier and consumer

* Make all impls of AbstractConcurrentInitializer concrete with builders and tests

* add tests for closer

* Use ConcurrentException as the wrapper for close

* Changes requested in code review

---------

Co-authored-by: Gary Gregory <gardgregory@gmail.com>
Co-authored-by: Benjamin Confino <benjamic@uk.ibm.com>",2023-10
d234fced82218f2af733c0f9eeae5670d74da00e,2024-01-10 14:38:56,test,src/test/java/org/apache/commons/lang3/builder/ConversionTest.java,ConversionTest,org/apache/commons/lang3/builder,43,0,7367,2,"Test the Conversion class (#1155)

* add tests for Conversion

* nHexs --> nHex",2024-01
bae2887de4bc79fa2a28d7b4c35c4406e5aa34a4,2024-03-16 03:51:58,test,src/test/java/org/apache/commons/lang3/builder/IDKeyTest.java,IDKeyTest,org/apache/commons/lang3/builder,37,0,7466,1,Add miising test,2024-03
3322d974876b8d4f934d3544967103ebbcaef726,2024-05-16 22:28:46,prod,src/main/java/org/apache/commons/lang3/annotations/Insecure.java,Insecure,org/apache/commons/lang3/annotations,48,0,7590,5,"Adding the @Insecure, and @Safe annotations.",2024-05
3322d974876b8d4f934d3544967103ebbcaef726,2024-05-16 22:28:46,prod,src/main/java/org/apache/commons/lang3/annotations/Safe.java,Safe,org/apache/commons/lang3/annotations,61,0,7590,5,"Adding the @Insecure, and @Safe annotations.",2024-05
3322d974876b8d4f934d3544967103ebbcaef726,2024-05-16 22:28:46,prod,src/main/java/org/apache/commons/lang3/annotations/package-info.java,package-info,org/apache/commons/lang3/annotations,37,0,7590,5,"Adding the @Insecure, and @Safe annotations.",2024-05
3322d974876b8d4f934d3544967103ebbcaef726,2024-05-16 22:28:46,test,src/test/java/org/apache/commons/lang3/annotations/AnnotationsTest.java,AnnotationsTest,org/apache/commons/lang3/annotations,122,0,7590,5,"Adding the @Insecure, and @Safe annotations.",2024-05
c8f5b0c0018b62a17e3acc3b704fd2b5bbecdd26,2024-05-23 13:58:53,test,src/test/java/org/apache/commons/lang3/concurrent/AtomicInitializerNonObjectTest.java,AtomicInitializerNonObjectTest,org/apache/commons/lang3/concurrent,62,0,7617,3,Refactor AbstractConcurrentInitializerTest to add non-Object test,2024-05
f382d61a03778ccf838c6c051bd8692e4834dec2,2024-07-06 13:25:20,prod,src/main/java/org/apache/commons/lang3/CachedRandomBits.java,CachedRandomBits,org/apache/commons/lang3,101,0,7689,4,"Reimplement RandomStringUtils on top of SecureRandom#getInstanceStrong() (#1235)

* Reimplement RandomStringUtils on top of SecureRandom#getInstanceStrong()

The previous implementation used  ThreadLocalRandom#current()

* Performance optimizations for RandomStringUtils

This commit improves the performance of RandomStringUtils:

* Reduces the number of random bytes generated and the number of calls to the random number generator, by using a cache system `AmortizedRandomBits`.
* Optimizes the case of alphanumerical strings, reducing the number of rejections in the rejection sampling.

See comments in code for details.

* Code style and comment improvements

* Fix 2 checkstyle errors.
* Apply suggestions from review for garydgregory/commons-lang#2
* Improve comments in new (non-public) class `AmortizedRandomBits` to match comments in other classes.

* Make class final

- Rename package-private class
- Whitespace
- Add null check
- Add serialVersionUID
- Remove redunant type cast
- Throw IllegalStateException, not RuntimeException
- nextBytes() should throw NullPointerException per contract
- Javadoc: Use longer lines

* Apply comments by aherbert in
https://github.com/apache/commons-lang/commit/55a70c84f3658fd3ad3de72649b511ff21dc7175#r143834333

---------

Co-authored-by: Gary Gregory <gardgregory@gmail.com>
Co-authored-by: Fabrice Benhamouda <yfabrice@amazon.com>",2024-07
f382d61a03778ccf838c6c051bd8692e4834dec2,2024-07-06 13:25:20,test,src/test/java/org/apache/commons/lang3/CachedRandomBitsTest.java,CachedRandomBitsTest,org/apache/commons/lang3,96,0,7689,4,"Reimplement RandomStringUtils on top of SecureRandom#getInstanceStrong() (#1235)

* Reimplement RandomStringUtils on top of SecureRandom#getInstanceStrong()

The previous implementation used  ThreadLocalRandom#current()

* Performance optimizations for RandomStringUtils

This commit improves the performance of RandomStringUtils:

* Reduces the number of random bytes generated and the number of calls to the random number generator, by using a cache system `AmortizedRandomBits`.
* Optimizes the case of alphanumerical strings, reducing the number of rejections in the rejection sampling.

See comments in code for details.

* Code style and comment improvements

* Fix 2 checkstyle errors.
* Apply suggestions from review for garydgregory/commons-lang#2
* Improve comments in new (non-public) class `AmortizedRandomBits` to match comments in other classes.

* Make class final

- Rename package-private class
- Whitespace
- Add null check
- Add serialVersionUID
- Remove redunant type cast
- Throw IllegalStateException, not RuntimeException
- nextBytes() should throw NullPointerException per contract
- Javadoc: Use longer lines

* Apply comments by aherbert in
https://github.com/apache/commons-lang/commit/55a70c84f3658fd3ad3de72649b511ff21dc7175#r143834333

---------

Co-authored-by: Gary Gregory <gardgregory@gmail.com>
Co-authored-by: Fabrice Benhamouda <yfabrice@amazon.com>",2024-07
46e4d460b37986d832ae45ab07fe3f1afd1da856,2024-07-11 12:00:06,prod,src/main/java/org/apache/commons/lang3/RuntimeEnvironment.java,RuntimeEnvironment,org/apache/commons/lang3,96,0,7695,2,"Add RuntimeEnvironment.inContainer() (#1241)

* Add RuntimeEnv.inContainer()

* Add since tag

---------

Co-authored-by: Gary Gregory <gardgregory@gmail.com>",2024-07
46e4d460b37986d832ae45ab07fe3f1afd1da856,2024-07-11 12:00:06,test,src/test/java/org/apache/commons/lang3/RuntimeEnvironmentTest.java,RuntimeEnvironmentTest,org/apache/commons/lang3,37,0,7695,2,"Add RuntimeEnvironment.inContainer() (#1241)

* Add RuntimeEnv.inContainer()

* Add since tag

---------

Co-authored-by: Gary Gregory <gardgregory@gmail.com>",2024-07
e5aa6d0844e17362f7780cd5307dd16fd2681d6b,2024-07-11 12:32:58,prod,src/main/java/org/apache/commons/lang3/AppendableJoiner.java,AppendableJoiner,org/apache/commons/lang3,313,0,7697,3,Refactor string joining into AppendableJoiner (#1244),2024-07
e5aa6d0844e17362f7780cd5307dd16fd2681d6b,2024-07-11 12:32:58,test,src/test/java/org/apache/commons/lang3/AppendableJoinerTest.java,AppendableJoinerTest,org/apache/commons/lang3,142,0,7697,3,Refactor string joining into AppendableJoiner (#1244),2024-07
f19304299f419a556d33279e0fc35c1e863386a7,2024-08-21 18:02:06,test,src/test/java/org/apache/commons/lang3/time/TimeZonesTest.java,TimeZonesTest,org/apache/commons/lang3/time,39,0,7800,2,Add TimeZonesTest,2024-08
6941f81cd321a61217a687c0077fcd0d0a3044a2,2024-09-21 14:35:43,prod,src/main/java/org/apache/commons/lang3/Strings.java,Strings,org/apache/commons/lang3,976,0,7877,9,Add Strings and refactor StringUtils,2024-09
6941f81cd321a61217a687c0077fcd0d0a3044a2,2024-09-21 14:35:43,test,src/test/java/org/apache/commons/lang3/StringsTest.java,StringsTest,org/apache/commons/lang3,57,0,7877,9,Add Strings and refactor StringUtils,2024-09
b424803abdb2bec818e4fbcb251ce031c22aca53,2024-09-21 21:23:08,test,src/test/java/org/apache/commons/lang3/ClassUtilsOssFuzzTest.java,ClassUtilsOssFuzzTest,org/apache/commons/lang3,0,0,7879,3,"Rewrite ClassUtils.getClass() without recursion to avoid
StackOverflowError on very long inputs.

- This was found fuzz testing Apache Commons Text which relies on
ClassUtils.
- OssFuzz Issue 42522972:
apache-commons-text:StringSubstitutorInterpolatorFuzzer: Security
exception in org.apache.commons.lang3.ClassUtils.getClass",2024-09
21e1168bd1f730a69dc6afb5d13b3dc6fce4b15e,2024-12-05 14:34:30,test,src/test/java/org/apache/commons/lang3/builder/EqualsBuilderReflectJreImplementationTest.java,EqualsBuilderReflectJreImplementationTest,org/apache/commons/lang3/builder,141,0,8028,1,"Add EqualsBuilderReflectJreImplementationTest

See work in progress https://github.com/apache/commons-lang/pull/1328",2024-12
b046e22faf9cd0a7190bd29cf648c154bab1f42f,2025-01-05 15:49:18,prod,src/main/java/org/apache/commons/lang3/function/Predicates.java,Predicates,org/apache/commons/lang3/function,62,0,8079,5,"Add Predicates

- Refactor to use Predicates,
- Explicitly test deprecated code",2025-01
b046e22faf9cd0a7190bd29cf648c154bab1f42f,2025-01-05 15:49:18,test,src/test/java/org/apache/commons/lang3/function/PredicatesTest.java,PredicatesTest,org/apache/commons/lang3/function,49,0,8079,5,"Add Predicates

- Refactor to use Predicates,
- Explicitly test deprecated code",2025-01
25f7d85174d93ed6e084c02753a007d8eed56bc9,2025-01-19 19:15:29,prod,src/main/java/org/apache/commons/lang3/util/IterableStringTokenizer.java,IterableStringTokenizer,org/apache/commons/lang3/util,114,0,8116,4,Add IterableStringTokenizer,2025-01
25f7d85174d93ed6e084c02753a007d8eed56bc9,2025-01-19 19:15:29,test,src/test/java/org/apache/commons/lang3/util/IterableStringTokenizerTest.java,IterableStringTokenizerTest,org/apache/commons/lang3/util,170,0,8116,4,Add IterableStringTokenizer,2025-01
c641a27c72c5abdc3f9754cd813a1af43dcbd8c3,2025-01-28 13:19:26,prod,src/main/java/org/apache/commons/lang3/function/FailableIntToFloatFunction.java,FailableIntToFloatFunction,org/apache/commons/lang3/function,54,0,8126,3,Add FailableIntToFloatFunction,2025-01
5912b221337f8df0dfa75d6de0ff8a3611033bda,2025-02-28 21:13:36,prod,src/main/java/org/apache/commons/lang3/function/FailableToBooleanFunction.java,FailableToBooleanFunction,org/apache/commons/lang3/function,54,0,8176,3,Add FailableToBooleanFunction,2025-02
6c55c1cdc2b1eb773eae0eb27c451620e9fd3acb,2025-04-15 13:32:39,test,src/test/java/org/apache/commons/lang3/StringUtilsAbbreviateTest.java,StringUtilsAbbreviateTest,org/apache/commons/lang3,233,0,8219,2,"Split out tests for StringUtils#abbreviate(String, int)} and friends

New class is StringUtilsAbbreviateTest",2025-04
d45f23e9579196e552afda6eb6baccf8d782c640,2025-08-20 22:24:10,test,src/test/java/org/apache/commons/lang3/concurrent/ConcurrentExceptionTest.java,ConcurrentExceptionTest,org/apache/commons/lang3/concurrent,60,0,8483,3,Refactor some exception tests,2025-08
d45f23e9579196e552afda6eb6baccf8d782c640,2025-08-20 22:24:10,test,src/test/java/org/apache/commons/lang3/concurrent/ConcurrentRuntimeExceptionTest.java,ConcurrentRuntimeExceptionTest,org/apache/commons/lang3/concurrent,52,0,8483,3,Refactor some exception tests,2025-08
eaf6cac449389d212fa92e44f1d727b2039649d6,2025-08-29 22:42:09,prod,src/main/java/org/apache/commons/lang3/reflect/AccessibleObjects.java,AccessibleObjects,org/apache/commons/lang3/reflect,38,0,8534,4,Internal refactoring,2025-08
7e5f3daf5af5b8871e8a67638c1866fd910f9c3c,2025-09-09 23:15:49,prod,src/main/java/org/apache/commons/lang3/function/ByteConsumer.java,ByteConsumer,org/apache/commons/lang3/function,68,0,8581,3,Add ByteConsumer,2025-09
7e5f3daf5af5b8871e8a67638c1866fd910f9c3c,2025-09-09 23:15:49,test,src/test/java/org/apache/commons/lang3/function/ByteConsumerTest.java,ByteConsumerTest,org/apache/commons/lang3/function,82,0,8581,3,Add ByteConsumer,2025-09
a4ec38801f599ff54982f11fd9b81bd74a07fb36,2025-09-09 23:24:42,prod,src/main/java/org/apache/commons/lang3/function/FailableByteConsumer.java,FailableByteConsumer,org/apache/commons/lang3/function,70,0,8583,3,Add FailableByteConsumer,2025-09
19bac38cbaaa3fd7560b59e12bc8a5dfec9519a5,2025-09-09 23:30:31,prod,src/main/java/org/apache/commons/lang3/function/FailableByteSupplier.java,FailableByteSupplier,org/apache/commons/lang3/function,38,0,8584,3,Add FailableByteSupplier,2025-09
e56ce0fedb4cfbd2a39f956f2e8074d5aa16e000,2025-09-09 23:37:29,prod,src/main/java/org/apache/commons/lang3/function/ByteSupplier.java,ByteSupplier,org/apache/commons/lang3/function,36,0,8585,3,Add ByteSupplier,2025-09
e56ce0fedb4cfbd2a39f956f2e8074d5aa16e000,2025-09-09 23:37:29,test,src/test/java/org/apache/commons/lang3/function/ByteSupplierTest.java,ByteSupplierTest,org/apache/commons/lang3/function,38,0,8585,3,Add ByteSupplier,2025-09
5454931eb735deb59e9b671fd8a14cd4c14d8272,2025-11-11 18:03:42,test,src/test/java/org/apache/commons/lang3/reflect/Lang1792Test.java,Lang1792Test,org/apache/commons/lang3/reflect,36,0,8733,3,[LANG-1792] TypeUtils.toString() skips angle brackets for Class type,2025-11
